CREATE DATABASE  IF NOT EXISTS `cpruebas` /*!40100 DEFAULT CHARACTER SET latin1 */;
USE `cpruebas`;
-- MySQL dump 10.13  Distrib 5.6.17, for Win32 (x86)
--
-- Host: localhost    Database: cpruebas
-- ------------------------------------------------------
-- Server version	5.5.40

/*!40101 SET @OLD_CHARACTER_SET_CLIENT=@@CHARACTER_SET_CLIENT */;
/*!40101 SET @OLD_CHARACTER_SET_RESULTS=@@CHARACTER_SET_RESULTS */;
/*!40101 SET @OLD_COLLATION_CONNECTION=@@COLLATION_CONNECTION */;
/*!40101 SET NAMES utf8 */;
/*!40103 SET @OLD_TIME_ZONE=@@TIME_ZONE */;
/*!40103 SET TIME_ZONE='+00:00' */;
/*!40014 SET @OLD_UNIQUE_CHECKS=@@UNIQUE_CHECKS, UNIQUE_CHECKS=0 */;
/*!40014 SET @OLD_FOREIGN_KEY_CHECKS=@@FOREIGN_KEY_CHECKS, FOREIGN_KEY_CHECKS=0 */;
/*!40101 SET @OLD_SQL_MODE=@@SQL_MODE, SQL_MODE='NO_AUTO_VALUE_ON_ZERO' */;
/*!40111 SET @OLD_SQL_NOTES=@@SQL_NOTES, SQL_NOTES=0 */;

--
-- Table structure for table `alumno`
--

DROP TABLE IF EXISTS `alumno`;
/*!40101 SET @saved_cs_client     = @@character_set_client */;
/*!40101 SET character_set_client = utf8 */;
CREATE TABLE `alumno` (
  `ID` bigint(20) NOT NULL AUTO_INCREMENT,
  `PATERNO` varchar(255) DEFAULT NULL,
  `MATERNO` varchar(255) DEFAULT NULL,
  `RUT` varchar(255) DEFAULT NULL,
  `DIRECCION` varchar(255) DEFAULT NULL,
  `NAME` varchar(255) DEFAULT NULL,
  `CURSO_ID` bigint(20) DEFAULT NULL,
  `COLEGIO_ID` bigint(20) DEFAULT NULL,
  PRIMARY KEY (`ID`),
  UNIQUE KEY `idx_alumno_rut` (`RUT`),
  KEY `FK_ALUMNO_CURSO_ID` (`CURSO_ID`),
  KEY `FK_ALUMNO_COLEGIO_ID` (`COLEGIO_ID`)
) ENGINE=MyISAM AUTO_INCREMENT=7116 DEFAULT CHARSET=utf8;
/*!40101 SET character_set_client = @saved_cs_client */;

--
-- Dumping data for table `alumno`
--

LOCK TABLES `alumno` WRITE;
/*!40000 ALTER TABLE `alumno` DISABLE KEYS */;
INSERT INTO `alumno` VALUES (112,'PINTO','MIRANDA','22019890-1',' ','CATALINA R.',1,1),(113,'ALARCON','VALLEJOS','22339962-2',' ','BASTIAN',2,1),(114,'ORELLANA ','MIRANDA','22015000-3',' ','YARITZA MILLARAY',2,1),(115,'TRONCOSO','  ','22243892-6',' ','BENJAMIN EDUARDO',2,1),(116,'MOLINA','MIRANDA','21818189-9',' ','GISELA ANTONELLA',3,1),(117,'LANDEROS ','CHAMORRO','21653596-0',' ','CRISTIAN E.',4,1),(118,'MORAGA ','SALGADO','21749583-0',' ','MARÍA JOSÉ',4,1),(119,'OSES ','MUÑOZ','21283988-4',' ','JOSÉ IGNACIO',4,1),(120,'PLAZA ','SILVA','20498256-2',' ','LUIS A.',5,1),(121,'MORAGA',' SALAZAR','20877094-2',' ','PAOLA J',6,1),(122,'VALLEJOS ','ANRÍQUEZ','20953235-2',' ','MIREYA E',6,1),(123,'GALDAMES ',' ','22363872-4',' ','LUCAS PATRICIO',8,2),(124,'LUNA ','ORELLANA','21735888-4',' ','CATALINA MINELVA',12,2),(125,'PINTO',' RÍOS','21578183-1',' ','SCARLETH ALEJANDRA',13,2),(126,'GALDAMES',' PEREIRA','21309451-3',' ','DEBORA VICTORIA',14,2),(127,'LARA',' SUAZO','22633410-6',' ','LUCAS BORYS',17,3),(128,'MUÑOZ',' ARAVENA','22305789-6',' ','CLAUDIA PAMELA',18,3),(129,'ANDRADE',' VEGA','21778764-5',' ','ELÍAS JACOB',20,3),(130,'OSORES',' LARA','21443744-9',' ','NADIA ESTER',21,3),(131,'OSORES',' LARA','21377568-5',' ','RODRIGO ALEXIS',21,3),(132,'VELOZO ','GARCÍA','21554906-2',' ','BELÉN ALEJANDRA',21,3),(133,'LARA ','SUAZO','21154084-2',' ','VIVIANA BELÉN',22,3),(134,'SUAZO ','LANDERO','21145523-3',' ','JENNIFER YASMÍN',22,3),(135,'ESPINOZA',' CONCHA','22406318-0',' ','BENJAMIN ALONSO',25,4),(136,'PEREIRA ','PEREZ','22472574-4',' ','MARCELO ANDRES',25,4),(137,'MUÑOZ ','PARRA','22013494-6',' ','CATALINA DEL CARMEN',26,4),(138,'GUTIERREZ',' VALDEBENITO','21927510-2',' ','KATHERINE ALEJANDRA',27,4),(139,'CAMPOS ','BRAVO','21731848-3',' ','PRISCILA ANGELINE',27,4),(140,'MORAGA',' MUENA','21771948-8',' ','MARTIN ALBERTO',28,4),(141,'CONCHA ','QUINTANA','20274113-4',' ','VICTOR MANUEL',30,4),(142,'AMIGO',' PALMA','22431434-5',' ','MARCELO JULIAN',33,5),(143,'DE LA FUENTE',' TAPIA','22448542-5',' ','JAVIERA IGNACIA',33,5),(144,'LUNA',' SOTO ','22254206-5',' ','ANIBAL ABRAHAM',33,5),(145,'MORA',' SOTO ','22447634-5',' ','ELIA DEL CARMEN',33,5),(146,'ARAVENA',' CHAMORRO','22288695-3',' ','MARCO ANDRES',34,5),(147,'ARAVENA ','SALGADO','22351722-7',' ','MARIA JOSE',34,5),(148,'MANRIQUEZ',' CHAMORRO','22276072-0',' ','FLORENCIA VALENTINA',34,5),(149,'SANTIBAÑEZ',' ARCE','22250863-0',' ','IGNACIO MAXIMILIANO',34,5),(150,'PEREZ ','SOTO','21905853-2',' ','FRANCISCO GUSTAVO',35,5),(151,'RODRIGUEZ',' ESCALONA','21859404-2',' ','BASTIAN EXEQUIEL',35,5),(152,'TORRES ','COLOMA','22059759-8',' ','JAVIERA PAZ',35,5),(153,'VALENZUELA',' DÍAZ ','21712230-9',' ','ARTURO ANTONIO',35,5),(154,'COLOMA',' FRITZ','21410581-0',' ','CESAR ANTONIO',37,5),(155,'ESCALONA',' SOTO','20273764-1',' ','MAXIMILIANO ANDRES',38,5),(156,'VALENZUELA',' REBOLLEDO','21237922-0',' ','CARLALI DEL CARMEN',38,5),(158,'FERNANDEZ',' FERNANDEZ','22676342-2',' ','DANIEL MATIAS',39,16),(159,'NUÑEZ',' GUERRA','22611659-1',' ','ELIZABETH CONSTANZA',39,16),(160,'NUÑEZ ',' GUERRA','21998816-8',' ','NIBIA ALEJANDRA',40,16),(6631,'ROMERO','ESPINOZA','21247915-2','--','MARCO ESTEBAN',589,17),(6630,'RETAMAL','TORRES','21178430-K','--','ROCÍO BELÉN',589,17),(6629,'LANDEROS','CANCINO','21038382-4','--','YAMILET DEL CARMEN',589,17),(6627,'ROMERO','FUENTES','21652651-1','--','VALESCA ALEJANDRA',588,17),(6628,'OBREGÓN','MORAGA','21193762-9','--','ANDREA ALEJANDRA',588,17),(6626,'ROMERO','ESPINOZA','21858874-3','--','MARCELO ENOC',588,17),(6608,'PÉREZ','MONROY','22612749-6','--','PÍA VALENTINA',585,17),(6609,'HERNÁNDEZ','OBREGÓN','22504246-2','--','SCARLETT ALEJANDRA',585,17),(6610,'CONTRERAS','CARO','22476837-0','--','AYLIN ALEJANDRA',585,17),(6611,'LOPEZ','LÓPEZ','22248087-6','--','YERKO ANTONIO',586,17),(6612,'PÉREZ','DÍAZ','22140531-5','--','HUGO ANTONIO',586,17),(6613,'ANDRADES','FRITZ','22018219-3','--','CARLA ANDREA',586,17),(6614,'FUENTES','SALGADO','22053619-K','--','FERNANDA GRACIELA',587,17),(6615,'LANDEROS','CANCINO','21881724-6','--','TRINIDAD DE LOS ANGELES',587,17),(6616,'MUÑOZ','ARAVENA','21920512-0','--','JAIRO DAMIÁN',587,17),(6617,'MUÑOZ','HERNÁNDEZ','22076289-0','--','CAROLINA NICOL',587,17),(6618,'PARRA','ARAVENA','21934073-7','--','BENJAMIN ALEXANDRO',587,17),(6619,'PACHECO','BASTÍAS','21764598-0','--','KARIN PAOLA',587,17),(6620,'VÁSQUEZ','PEÑA','22116537-3','--','CATALINA POLET',587,17),(6621,'CONTRERAS','AGURTO','21780369-1','--','SEBASTIÁN IGNACIO',588,17),(6622,'FUENTES','SALGADO','21628013-K','--','MARTINA FLORENCIA',588,17),(6623,'GUEVARA','VÁSQUEZ','21795935-7','--','FLORDI NALLELY',588,17),(6624,'MEZA','HENRÍQUEZ','21703695-K','--','BRAYAN ANDRÉS',588,17),(6625,'RETAMAL','TORRES','21776546-3','--','BENJAMÍN NICOLÁS',588,17),(4520,'espinoza','carvajal','22207588-2','--','sebastian alonso',424,27),(4519,'díaz','sepúlveda','22423838-K','--','valentina anibeth',424,27),(193,'AMAYA ','LABRA','22528889-5',' ','JOSUE JACOB',49,18),(194,'VELOSO','LABRA','22485215-0',' ','MIREYA A.',49,18),(195,'AMAYA ','LABRA','21865721-4',' ','MOISES ABRAHAM',50,18),(196,'GALLARDO',' MIRANDA','21185208-9',' ','MARIA JOSE',51,18),(197,'LEAL ','MIRANDA','21130572-K',' ','ERNESTO DANIEL',52,18),(198,'MARILEO',' MUÑOZ','21198558-5',' ','JUAN PABLO',52,18),(200,'ALARCÓN ','ANDAUR','22548988-2','--','CONSTANZA SCARLETH',255,20),(201,'ALARCON','MUÑOZ','22638264-K','--','IGNACIO ENRIQUE',255,20),(202,'DURÁN','MANRÍQUEZ','22724685-5','--','CONSTANZA ANAÍS',255,20),(203,'FIGUEROA','RODRIGUEZ','22482086-0','--','JULIETA ALICIA SOFIA',255,20),(204,'GARCIA','MERIÑO','22578225-3','--','EDUARDO JAVIER',255,20),(205,'LEAL','FUENTES','22571006-6','--','MATIAS ALEXIS',255,20),(206,'LUNA','VALLADARES','22587254-6','--','GABRIEL ISAAC',255,20),(207,'MIRANDA','ELGUETA','22506452-0','--','DIEGO IGNACIO',255,20),(208,'MORAGA','LARA','22711140-2','--','COSTANZA ANTONIA',255,20),(209,'OBREGÓN','SÁNCHEZ','22691164-2','--','JOSÉ VICTOR MANUEL',255,20),(210,'OPAZO','ARAVENA','22477620-9','--','CATALINA ELIZABETH',255,20),(211,'ORELLANA ','OLIVOS','22518855-6','--','KATHERINE MARISEL',255,20),(212,'ORREGO','MOLINA','22560851-2','--','BRAYAN ALEXIS',255,20),(213,'PACHECO','ITURRA','22691478-1','--','MATIAS ALEXIS',255,20),(214,'PEREZ','RÍOS','22714481-5','--','ISIDORA TRINIDAD',255,20),(215,'ROJAS','CONTRERAS','22546237-2','--','RAYEN ANTONIA MONSERRAT',255,20),(216,'ROLDÁN','PÉREZ','22634135-8','--','ABEL ESTEBAN',255,20),(217,'URBINA ','SANCHEZ','22734064-9','--','JAVIERA ANTONELLA',255,20),(218,'VILLEGAS','FUENTES','22551738-K','--','MIRELLA ARLETTE ANTO',255,20),(219,'ARAVENA','GUTIERREZ','22540618-9','--','ELIETTE ANAIS',256,20),(220,'DIAZ','GALLARDO','22636543-5','--','VICTOR ALBERTO',256,20),(221,'ESPINOSA','MIRANDA','22752082-5','--','ROCIO PASCAL',256,20),(222,'FUENTES','BARRUETO','22747763-6','--','JOSÉ PABLO ANTONIO',256,20),(223,'GARRIDO','LEIVA','22669222-3','--','NATALY ALEXANDRA',256,20),(224,'HENRIQUEZ','SEPULVEDA','22470507-7','--','MAURICIO ALFREDO',256,20),(225,'MARDONES','LOPEZ','22571789-3','--','CAMILA FABILOLA',256,20),(226,'MONSALVE','LABRAÑA','22746705-3','--','NOELIA AMANDA',256,20),(227,'MORAGA','ARELLANO','22568620-3','--','KATALINA ANDREA',256,20),(228,'NORAMBUENA','CASTRO','22433829-5','--','LUIS FRANCISCO',256,20),(229,'ORTEGA','ESPINOZA','22586438-1','--','ZACARIAS ANDRES',256,20),(230,'PACHECO ','RAMIREZ','22397381-7','--','JESUS IGNACIO',256,20),(231,'PEÑA','TOLEDO','22650472-9','--','VALENTINA ANTONELLA',256,20),(232,'PINTO','ARAVENA','22504742-1','--','FERNADA IGNACIA',256,20),(233,'RUBILAR','SOTO','22705718-1','--','BRAYAN ALEJANDRO ANTONIO',256,20),(234,'SALGADO','MUÑOZ','22563749-0','--','CATALINA JULIETA',256,20),(235,'SOTO','GUTIERREZ','22524414-6','--','DANIELA ISABEL',256,20),(236,'TORRES','SILVA','22588863-9','--','FERNANDA DANIELA',256,20),(237,'VILCHES','ROJAS','22452991-0','--','ANNAIS STEFANIA',256,20),(238,'YAÑEZ','CANALES','22617292-0','--','MADELEINNE SOLANGE',256,20),(239,'YAÑEZ','DIAZ','22451179-5','--','FERNANDA ANTONIA',256,20),(240,'YEVENEZ','ARELLANO','22688556-0','--','JUAN PABLO',256,20),(241,'ANTIL','YAÑEZ','22248021-3','--','ESTEBAN RAFAEL',257,20),(242,'ARELLANO','ALLENDES','22292016-7','--','ESCARLETTE ANTONIA',257,20),(243,'CANCINO ','FAUNDEZ','22369110-2','--','ARTURO JAVIER',257,20),(244,'CASTILLO','MIRANDA','20877128-0','--','LUIS ALEJANDRO',257,20),(245,'COLOMA','SÁNCHEZ','22386601-8','--','STEPHANIE ANDREA',257,20),(246,'DURAN','FAUNDEZ','22435523-8','--','LEONARDO ERNESTO',257,20),(247,'DURÁN','GATICA','22255963-4','--','SEBASTIÁN IGNACIO',257,20),(248,'ESPINOSA','NORAMBUENA','22433776-0','--','EMILIA TRINIDAD',257,20),(249,'GONZALEZ','ARAVENA','22119725-9','--','DIEGO IGNACIO',257,20),(250,'GONZALEZ','AYALA','22305684-9','--','FELIPE JOSÉ',257,20),(251,'GUAJARDO','ASTETE','22030439-6','--','JESUS ALONSO',257,20),(252,'HERNÁNDEZ ','ALARCÓN','22421704-8','--','EDUARDO ANDRÉS',257,20),(253,'IBARRA','RUZ','22352122-3','--','NATALY ISABEL',257,20),(254,'LANDEROS ','ARAVENA','21963995-3','--','NOELIA SCARLETT',257,20),(255,'LEPEZ','DÍAZ','22302807-1','--','FERNANDO ALONSO',257,20),(256,'MARTÍNEZ','BUSTOS','22224479-K','--','ANTONIA IGNACIA',257,20),(257,'MILLAS','DONOSO','22155103-6','--','DIARMIR COREY',257,20),(258,'MORA','PÉREZ','22314243-5','--','ALISON YELENA',257,20),(259,'MOYA','VEGA','22209341-4','--','JORGE EDUARDO',257,20),(260,'MUÑOZ ','CANALES','22183897-1','--','GIOVANNI ANTONIO',257,20),(261,'NORAMBUENA','MORAGA','22308057-K','--','PAULA ANTONIA',257,20),(262,'ORELLANA','MUÑOZ','22200047-5','--','ANNAIS FERNANDA',257,20),(263,'ORELLANA','URRA','22436624-8','--','DIANA BELEN',257,20),(264,'PEREIRA','SALAZAR','22367580-8','--','KATHERINE AILIN DANAE',257,20),(265,'PEREZ','PEREZ','21207854-9','--','JESUS ISAIAS ALEXIS',257,20),(266,'PERÉZ','PEREIRA','22218229-8','--','CONSUELO ESCARLET',257,20),(267,'PINTO','SEPÚLVEDA','22362639-4','--','MARTÍN ALEXANDER',257,20),(268,'SANHUEZA','HERNÁNDEZ','22395248-8','--','CARLOS ANDRÉS',257,20),(269,'VASQUEZ','MUÑOZ','22253328-7','--','NICOL ALEJANDRA',257,20),(270,'VEGA ','VEGA','22202123-5','--','JOSÉ PATRICIO',257,20),(271,'VILLAVICENCIO','JARA','21831859-2','--','RENATA ISIDORA',257,20),(272,'VILLAGRA','RAMÍREZ','22219666-3','--','LUIS IGNACIO',257,20),(273,'YAÑEZ ','MUÑOZ','22353641-7','--','BENJAMIN ANTONIO',257,20),(274,'ALFARO','QUEZADA','22430219-3','--','FABIÁN ANDRÉS',258,20),(275,'ALVEAR','HORMAZABAL','22246016-6','--','CARLA PIA CNSTANZA',258,20),(276,'CERPA','SEPÚLVEDA','22243948-5','--','BRENDA LIZ BELEN',258,20),(277,'CONTRERAS ','CASTILLO','22479062-7','--','CAMILA ALEJANDRA',258,20),(278,'DIAZ','IBARRA','22307560-6','--','CATALINA BEATRIZ',258,20),(279,'FRIZ','VEGA','22245404-2','--','EDMUNDO ANTONIO',258,20),(280,'GOMEZ','VILLANUEVA','22239951-3','--','VALENTINA IGNACIA',258,20),(281,'GONZALEZ ','LARA','22207578-5','--','MAURICIO ANDRÉS',258,20),(282,'GUTIERREZ','GUTIERREZ','21958343-5','--','DANIEL ANGEL ALBERTO',258,20),(283,'HENRÍQUEZ','LEAL','22170546-7','--','HÉCTOR ALEJANDRO',258,20),(284,'HENRÍQUEZ','LEAL','22222045-9','--','ALEJANDRO EDGARDO',258,20),(285,'HERNÁNDEZ','ROMERO','22303118-8','--','MANUEL EDUARDO',258,20),(286,'HORMAZABAL','VALDÉS','22437472-0','--','CONSTANZA ROMINA',258,20),(287,'LEAL','HERNÁNDEZ','21912535-6','--','HECTOR MAICOL JAVIER',258,20),(288,'MAUREIRA','PALMA','22324273-1','--','ANGEL SEBASTIÁN',258,20),(289,'MUENA','LARA','22215471-5','--','VANESA NOEMÍ',258,20),(290,'MUÑOZ','ALCANTAR','22376037-6','--','EMILIA LAURA',258,20),(291,'OLIVOS','VILLEGAS','22355755-4','--','AXSEL RODRIGO',258,20),(292,'PARADA','ARAVENA','22235783-7','--','DOMINIK ALEJANDRA',258,20),(293,'PÉREZ','MOYA','22303674-0','--','SCARLET GISELL',258,20),(294,'QUILODRÁN','ESPINOZA','22409381-0','--','JUAN MARTÍN ALONSO',258,20),(295,'RUBILAR ','SOTO','22309507-0','--','BASTIÁN CRISTOFER',258,20),(296,'RUIZ','ORELLNA','22172167-5','--','CATALINA BELEN',258,20),(297,'SALAS','ORELLANA','22246656-3','--','YULIANA ESTEFANIE',258,20),(298,'SEPÚLVEDA ','ARAYA','22264236-1','--','RAFAEL ANDRÉS',258,20),(299,'SEPÚLVEDA ','BUENO','22195049-6','--','FLAVIA ELIZABET',258,20),(300,'VALDEBENITO','MOYA','22258876-6','--','ANASTASIA LISSETTE',258,20),(301,'VEGA','ESCCALONA','22240658-7','--','SEBASTIÁN IGNACIO',258,20),(302,'VERA','PÉREZ','22331524-0','--','CRISTOFER ALEJANDRO',258,20),(303,'VILLEGAS','HENRÍQUEZ','22282440-0','--','BASTIÁN IGNACIO',258,20),(304,'YEVENES','CANDIA','22187978-3','--','NATALIA DELCARMEN',258,20),(305,'YEVENES','CONTRERAS','22359473-5','--','MARTINA IGNACIA',258,20),(306,'ARAVENA','PEÑA','21905605-2','--','MARISEL ALEJANDRA',259,20),(307,'BARRIGA','ESPINOSA','22073042-5','--','JOSUE EXEQUIEL',259,20),(308,'BETANCUR ','LEAL','22098245-9','--','BENJAMÍN IGNACIO',259,20),(309,'BROCAL','SÁNCHEZ','21900101-0','--','NATALIA ANTONIA',259,20),(310,'CASTRO','VALDÉS','22084046-8','--','NICOLÁS EDUARDO',259,20),(311,'DWOJAK','ARAVENA','22011603-4','--','BENJAMÍN IGNACIO',259,20),(312,'GARRIDO','LARA','22031237-2','--','JAVIERA ALEJANDRA',259,20),(313,'GARRIDO','SALAS','21991356-7','--','DANNAE ANETT',259,20),(314,'GRANDÓN','LARA','22115876-8','--','DIEGO SEBASTIÁN',259,20),(315,'HERRERA','CANCINO','21953402-7','--','COSNTANZA BEATRÍZ',259,20),(316,'IGOR','VIDAL','22117617-0','--','JAHAZIEL HEMAN',259,20),(317,'JARA','ARROYO','22005013-0','--','LUIS ALBERTO ANTONIO',259,20),(318,'JELVEZ','SANHUEZA','22088319-1','--','BENJAMÍN ANDRÉ',259,20),(319,'LEAL','ANDRADE','21976518-5','--','JOSÉ ALEJANDRO',259,20),(320,'NORAMBUENA ','LARENAS','22100336-5','--','RENATA MONSERRAT',259,20),(321,'OLAVE','ENCINA','22078345-6','--','VICENTE ALONSO',259,20),(322,'ORELLANA ','CARTES','21887955-1','--','CRISTAL ANTONIA',259,20),(323,'ORELLANA','HENRÍQUEZ','22013036-3','--','FERNANDA ANDREA',259,20),(324,'ORELLANA ','QUEZADA','21982511-0','--','MARÍA JOSÉ',259,20),(325,'PACHECO ','ITURRA','21811452-0','--','CRISTOPHER ANTONIO',259,20),(326,'PÉREZ','PÉREZ','22043219-K','--','VALERIA ELIZABETH',259,20),(327,'PINTO','ARAVENA','21896445-1','--','CARLA FRANCISCA',259,20),(328,'RIVAS','BRAVO ','21971030-5','--','MARIELA SUSANA',259,20),(329,'ROMERO','RIQUELME','22132590-7','--','ANTONELA DE LOS ÁNGELES',259,20),(330,'SALAS','AQUEVEQUE','22005383-0','--','MONSERRAT BELÉN',259,20),(331,'SALGADO','OSORES','21945427-9','--','JOAQUÍN IGNACIO',259,20),(332,'SÁNCHEZ','MELIS','21914905-0','--','BENJAMÍN ARTURO',259,20),(333,'SANTIBAÑEZ','SANTIBAÑEZ','21985783-7','--','JAIME IGNACIO',259,20),(334,'SUAZO','RIQUELME','21897002-8','--','GABRIELA ANAÍS',259,20),(4518,'díaz','león','22367248-5','--','valentina alejandra',424,27),(336,'ALARCÓN','FONSECA','21501374-K','--','MATIAS ALEXANDER',260,20),(337,'ARAVENA','CEBALLOS','21917444-6','--','CÉSAR ANTONIO',260,20),(338,'ARRIAGADA','ALARCÓN','21949094-1','--','BENJAMÍN ANDRÉS',260,20),(339,'BARRUETO','MOYA','21996869-8','--','DILAN STEVEN',260,20),(340,'CAMPOS ','MORAGA','21954141-4','--','BENJAMÍN FERNANDO',260,20),(341,'CANCINO','VILLANUEVA','22025027-K','--','LISSETT ANTAYRA',260,20),(342,'CONCHA ','REQUENA','22087280-7','--','BELÉN ELISABET',260,20),(343,'DÍAZ','VILLEGAS','22082346-6','--','MARTÍN ALEJANDRO',260,20),(344,'ESPINOZA',' FUENZALIDA','22011129-6','--','BERNARDITA BELEN',260,20),(345,'GARRIDO','HERNÁNDEZ','21907430-1','--','ALEXIS LISANDRO',260,20),(346,'HERNÁNDEZ','DOMÍNGUEZ','21921686-6','--','CAMILA DEL CARMEN',260,20),(347,'IBAÑEZ','AGURTO','22142538-3','--','BÁRBARA PAULINA',260,20),(348,'MUÑOZ','GUAJARDO','22058004-0','--','CONSTANZA ALEJANDRA',260,20),(349,'MUÑOZ','VERGARA','21956647-6','--','RAMIRO ANTONIO',260,20),(350,'NAVARRETE','BELTRÁN','21945340-3','--','IVÁN DAVID',260,20),(351,'ORELLANA','OLIVOS','22007847-7','--','MICHAEL ANTONIO',260,20),(352,'OSORES','DÍAZ','22015847-0','--','BENJAMÍN ALEJANDRO',260,20),(353,'OSORES','DÍAZ','22015863-2','--','JOAQUÍN FERNANDO',260,20),(354,'PEREZ ','ARAVENA','21949935-3','--','LUIS LEONARDO',260,20),(355,'ROJAS','VELOZO','21964850-2','--','ESPERANZA MAGDALENA',260,20),(356,'ROMERO','VILLEGAS','21977573-3','--','ARANTZA ANGÉLICA',260,20),(357,'SUAREZ','BALLADARES','21954801-K','--','VALENTINA ANTONELLA',260,20),(358,'TORO','CARRASCO','22042476-6','--','MARCELO SEBASTIÁN',260,20),(359,' VALDÉS','BRAVO','22089059-7','--','BENJAMÍN ALONSO',260,20),(360,'VALDÉS','FAÚNDEZ','22027584-1','--','VICENTE ANTONIO',260,20),(361,'VEGA','CARRILLO','22019884-7','--','MELANIEE CONSTANZA',260,20),(362,'VILLALOBOS','BRAVO','21866776-7','--','MAGDIEL MICAIAS',260,20),(363,'VON JENTSCHYK','HIDALGO','21904218-3','--','MARTA YSAMARA',260,20),(364,'YÉVENES ','NAVARRETE','21578042-2','--','SEBASTÍN IGNACIO',260,20),(365,'AEDO','GONZALEZ','21843449-5','--','MARTINA OMARA',261,20),(366,'AGUILERA','MORAGA','21814138-2','--','SONIA ALEJANDRA',261,20),(367,'ALARCON ','HENRIQUEZ','21694259-0','--','FRANCISCO ALEJANDRO',261,20),(368,'ARAVENA ','FRIZ','21732109-3','--','BARBARA JAVIERA',261,20),(369,'BARRERA ','SEPULVEDA','21631776-9','--','JAVIERA SOLANGE',261,20),(370,'CANDIA ','GONZALEZ','21872047-1','--','DANIELA LILIBETH',261,20),(371,'CASTILLO','MENA','21645795-1','--','MONZERRAT ALEXANDRA',261,20),(372,'DONOSO','DONOSO','21810781-8','--','ANDIER ANTONIO',261,20),(373,'ESPINOZA','ALARCON','21459446-3','--','FRANCHESCA DE LOS ANGELES',261,20),(374,'HORMAZABAL','LUNA','21609628-2','--','FRANCISCA DEL CARMEN',261,20),(375,'LARA','ALVEAR','21672958-7','--','FLORENCIA ANTONIA',261,20),(376,'LEAL','LEAL','21826821-8','--','HECTOR ',261,20),(377,'LOPEZ','PEREZ','21836601-5','--','RENATO IGNACIO',261,20),(378,'MORAGA','ARELLANO','21745299-6','--','GABRIELA ANTONIA',261,20),(379,'MORAGA','CANCINO','21640132-8','--','PEDRO ANTONIO',261,20),(380,'MORAGA ','CARREÑO','21713678-4','--','MARCOS ESTEBAN',261,20),(381,'MORAGA','PEREZ','21830138-K','--','MARCO ANTONIO',261,20),(382,'OPAZO','LARA','21764680-4','--','MACARENA ALEJANDRA',261,20),(383,'PADILLA','VILLEGAS','21725550-3','--','DAVID JOSE DOMINGO',261,20),(384,'PEREIRA ','SALAZAR','21674923-5','--','MABEL ELBA FLORENCIA',261,20),(385,'PEREZ','RIOS','21867986-2','--','GABRIELA IGNACIA',261,20),(386,'SALGADO','CARO','21694699-5','--','CONSTANZA ANDREA',261,20),(387,'SALGADO','VALENZUELA','21649749-K','--','CARLA IVANA',261,20),(388,'SALINAS','HENRIQUEZ','21875588-7','--','BARBARA FRANCISCA',261,20),(389,'SANCHEZ','SAN MARTIN','21696261-3','--','ALVARO ALEJANDRO',261,20),(390,'SANTIBAÑEZ','GUTIERREZ','21588528-3','--','ALEJANDRA DEL ROSARIO',261,20),(391,'SEPULVEDA','AVALOS','21802424-6','--','FERNANDO ANTONIO IGNACIO',261,20),(392,'TORO','CARRASCO','21679948-8','--','DIEGO JESUS',261,20),(393,'TORRES','VERA','21745178-7','--','ANTONIA BELEN',261,20),(394,'VELOSO','MUÑOZ','21791664-K','--','MONSERRAT NATACHA',261,20),(395,'ALVIAL','MORAGA','21725737-9','--','RODRIGO RICARDO',262,20),(396,'ALBORNOZ','CACERES','21631059-4','--','MONSERRAT CAROLINA',262,20),(397,'APABLAZA ','RETAMAL','21863078-2','--','FRANCISCA VALENTINA',262,20),(398,'ARAVENA ','CHAVEZ','21781812-5','--','FABIANA ESTEFANIA',262,20),(399,'ARAVENA ','VERDUGO','21880637-6','--','MACARENA FRANCISCA',262,20),(400,'ARELLANO ','SUAZO','21815589-8','--','CLAUDIA FERNANDA',262,20),(401,'BARRUETO','MOYA','21683746-0','--','ANETTE BELEN',262,20),(402,'CANTO','HENRIQUEZ','21763772-4','--','ISABEL DEL CARMEN',262,20),(403,'CASTILLO','APABLAZA','21627319-2','--','RODRIGO LEANDRO',262,20),(404,'CARO','ITURRA','21835650-8','--','CAMILA ANTONIA',262,20),(405,'CASTRO','OPAZO','21718926-8','--','CARLOS ANTONIO',262,20),(406,'DIAZ','HORMAZABAL','21839814-6','--','ALEJANDRA DEL CARMEN',262,20),(407,'FLORES ','CASTILLO','21710683-4','--','MARIANA IVONNE',262,20),(408,'GUTIERREZ','FUENTES','21872504-K','--','GABRIEL ANTONIO',262,20),(409,'LARA','CARO','21744868-9','--','FRANCISCA ARLETTE',262,20),(410,'LLANOS','ORTEGA','21863586-5','--','FERNANDA MARGOT',262,20),(411,'MOYA','BUSTAMANTE','21822848-8','--','MAXIMILIANO RAFAEL',262,20),(412,'MOYA','LARA','21675326-7','--','ESTEFANIA CONSTANZA',262,20),(413,'MUÑOZ ','ALARCON','21767021-7','--','BRAYAN ALEJANDRO',262,20),(414,'OLIVOS','YEVENES','21666205-9','--','IHAN DEIVID',262,20),(415,'OPAZO','TORRES','21665687-3','--','MARTIN ANTONIO',262,20),(416,'ORELLANA','OSORES','21845156-K','--','VALENTINA IGNACIA',262,20),(417,'PEÑAILILO ','PARRA','21755138-2','--','JAVIERA PAZ',262,20),(418,'RIOS ','ALBORNOZ','21692042-2','--','CAMILO ANDRES',262,20),(419,'ROMERO','LEON','21685826-3','--','MARIA BELEN',262,20),(420,'SALAS','CAIFANTE','21836866-2','--','KRISHNA ALEJANDRA',262,20),(421,'URRUTIA','LARA','21419625-5','--','ANGEL JOHAO',262,20),(422,'VALENZUELA','FLORES','21845024-5','--','ANDREA NATIVIDAD',262,20),(423,'YEVENES','TEJO','21787021-6','--','FABIAN EDUARDO',262,20),(424,'ALEGRIA','MORAGA ','21383798-2','--','EVA BELEN',263,20),(425,'AMIGO ','VALDES','21418219-K','--','NICOLAS BENJAMIN',263,20),(426,'APABLAZA','TEJO','21578824-5','--','MARIA JOSE',263,20),(427,'ARELLANO','ALLENDES','21409847-4','--','FELIPE ESTEBAN',263,20),(428,'AYALA','MORAGA ','21571405-5','--','LORENZO JOAQUIN',263,20),(429,'BARRERA','TORRES','21495723-K','--','ROCIO BELEN',263,20),(430,'BRITO','VERGARA','21375504-8','--','SARA ESCARLETTE',263,20),(431,'CAMPOS','MEDINA','21475506-8','--','MILOVAN ANDRES',263,20),(432,'CANALES','SALGADO','21459524-9','--','ANA MARIA',263,20),(433,'COLOMA','SANCHEZ','21403667-3','--','LIZETTE ALEJANDRA',263,20),(434,'CONTRERAS ','CIFUENTES','21347203-8','--','LUKAS FRANCHESCO',263,20),(435,'CORREA','MUENA','21501242-5','--','BASTIAN ALEXIS',263,20),(436,'DIAZ','ARAVENA','21350996-9','--','MONSERRAT ALEJANDRA',263,20),(437,'DIAZ','DIAZ','21467800-4','--','CRISTOBAL ANTONIO',263,20),(438,'DIAZ ','LEON','21368258-K','--','MARTIN ALONSO',263,20),(439,'ESPINOZA','VILLEGAS','21482941-K','--','BENJAMIN ANTONIO',263,20),(440,'FAUNDEZ','AVILA','21348917-8','--','JAVIERA DEL CARMEN',263,20),(4517,'díaz','henríquez','22405524-2','--','katterine del carmen',424,27),(442,'HORMAZABAL ','ESPINOZA','21509051-5','--','VALENTINA ROCIO',263,20),(443,'ITURRA','ROSALES','21552534-1','--','VALENTINA BELEN',263,20),(444,'LEAL','ANDRADE','21396664-2','--','LUIS ANTONIO',263,20),(445,'LUNA ','TORRES','21302725-5','--','MARIA FERNANDA',263,20),(446,'MEDEL ','VERDUGO','21444177-2','--','NELSON ALEXIS',263,20),(447,'MIRANDA','FLORES','21561657-6','--','CONSTANZA ALEJANDRA',263,20),(448,'MORAGA','FREIRE','21486804-0','--','ITALO EDUARDO',263,20),(449,'PEREZ ','DIAZ','21430636-0','--','MATIAS IGNACIO',263,20),(450,'QUEZADA','QUEZADA','21393613-1','--','LUIS GERMAN',263,20),(451,'RECABAL','ARAVENA','21333035-7','--','JOSE MARTIN',263,20),(452,'RIOS','CASTILLO','20996443-0','--','CAMILO IGNACIO',263,20),(453,'RODRIGUEZ','APABLAZA','21509084-1','--','EXEQUIEL ROBERTO',263,20),(454,'SALAS','AQUEVEQUE','21475380-4','--','NAYARET FRANCESCA',263,20),(455,'SALAZAR','CANALES','21443323-0','--','VICTOR JOAQUIN',263,20),(456,'SEPULVEDA','BUENO','21501815-6','--','ELADIO MATIAS',263,20),(457,'VALENZUELA','LABRA','21411067-9','--','YOHANNA LISETTE',263,20),(458,'VALENZUELA','ZAPATA','21243157-5','--','SRISHNA ANDREA',263,20),(459,'VARELA','VELOSO','21361185-2','--','DAVID ANTONIO',263,20),(460,'WOLCHKOVICH','ARAVENA','21358482-0','--','KATRINA NINOSHKA',263,20),(461,'ARAVENA ','SOTO','21348169-K','--','MATIAS SEBASTIAN',264,20),(462,'ARAYA','ALVAREZ','21587480-K','--','GUIDO ANTONIO',264,20),(463,'BELTRAN ','BELTRAN ','21358998-9','--','LUIS IGNACIO',264,20),(464,'BONATICI','SAN MARTIN','21372172-0','--','PAZ BELEN',264,20),(465,'BONATICI','VELOSO','21587085-5','--','CAMILA ANTONELLA',264,20),(466,'CABRERA','CABRERA','21358195-3','--','YOLANDA POLETH',264,20),(467,'CANALES','URRUTIA','21532420-6','--','JOHANA BELEN',264,20),(468,'CANDIA ','GONZALEZ','21388504-9','--','CONSTANZA LLANAIRA',264,20),(469,'CARDENAS','SALDIVIA','21405021-8','--','YULIANA INES',264,20),(470,'CASTILLO','GALLARDO','21122559-9','--','STEFANIA ALEJANDRA',264,20),(471,'CASTILLO ','SUAZO','21508730-1','--','FABIAN ALEXIS',264,20),(472,'CASTILLO','URRUTIA','21556785-0','--','PATRICIO IGNACIO',264,20),(473,'DIAZ','LARA','21459055-7','--','VALERIA ALEJANDRA',264,20),(474,'FLORES','QUEVEDO','21427294-6','--','FERNANDO JOSE',264,20),(475,'GALLARDO','MILLA','21469379-8','--','YOUSTIN GRASIANY',264,20),(476,'HENRIQUEZ','JELVEZ','21547650-2','--','MELANNY GORETTI',264,20),(477,'HERNANDEZ ','DOMINGUEZ','21371718-9','--','SEBASTIAN NICOLAS',264,20),(478,'HERNANDEZ','TORRES','21334395-5','--','ALBERTO NICOLAS',264,20),(479,'IBAÑEZ','AGURTO','21307428-8','--','SERGIO SEBASTIAN',264,20),(480,'INOSTROZA','VEGA','21525518-2','--','JACQUELINE ANDREA',264,20),(481,'JARA ','VILLEGAS','21474046-K','--','JULIAN ESTEBAN',264,20),(482,'MENA ','MELLA','21406217-8','--','ROCIO BELEN',264,20),(483,'MORAGA','MUÑOZ','21535155-6','--','ARIELA ALEJANDRA',264,20),(484,'MUENA','LARA','21561644-4','--','ABRAHAM EVARISTO',264,20),(485,'NEIRA','DONOSO','21291932-2','--','SCARLET ELENA',264,20),(486,'PEREIRA','MOYA','21358287-9','--','VANESA ANDREA',264,20),(487,'PEREZ','SAAVEDRA','21460104-4','--','LISETTE ANTONIA',264,20),(488,'PEREZ ','SEPULVEDA','21417407-3','--','DANIEL ANDRES',264,20),(489,'RETAMAL','CONTRERAS','21507113-8','--','PABLA ALEJANDRA',264,20),(490,'RIVAS','LUNA','21486772-9','--','LUCIA IRENE',264,20),(491,'SALAZAR','HERNADEZ','21393822-3','--','CONSTANZA ISABEL',264,20),(492,'SANCHEZ','AYALA','21381333-1','--','KATERIN ESCARLETT',264,20),(493,'VEGA','ARELLANO','21649606-K','--','JENNIFER PAOLA',264,20),(494,'VON-JENTSCHYK','HIDALGO','21467484-K','--','RUBEN DARIO',264,20),(495,'AGUIRRE','VILLARROEL','21375718-0','--','CONSUELO BELEN',265,20),(496,'ALARCON','DIAZ','21157662-6','--','ALEJANDRA VERONICA',265,20),(497,'ALARCON','DIAZ','21157639-1','--','FERNANDA VERONICA',265,20),(498,'ALARCON','MENDEZ','21069401-3','--','JOSE MIGUEL',265,20),(499,'ALARCON ','SALGADO ','21335097-8','--','MARIA PAZ',265,20),(500,'ARAVENA','ABARZA','21041202-6','--','FELIPE IGNACIO',265,20),(501,'ARAVENA','GAVILAN','20957742-9','--','IGNACIO ANTONIO',265,20),(502,'ARAVENA ','GRANDON','21227367-8','--','DANIELA DEL PILAR',265,20),(503,'ARELLANO','VEGA','20273659-9','--','BAYRON BRAYAN',265,20),(504,'ARELLANO ','PARRA','21321476-4','--','BERNARDA HORTENSIA',265,20),(505,'BARRA','SEPULVEDA','21288727-7','--','PAZ BELEN',265,20),(506,'BARRUETO','MORAGA','21164724-8','--','LEONCIO LEANDRO',265,20),(507,'BARRUETO','MOYA','21231111-1','--','BRAYAN ADOLFO',265,20),(508,'BARRUETO','MOYA','21254182-6','--','MASSIEL SCARLETH',265,20),(509,'CASTRO','DELGADO','21126707-0','--','JUAN IGNACIO',265,20),(510,'DIAZ','SANCHEZ','21185735-8','--','CARLOS EDUARDO',265,20),(511,'DURAN ','ROJAS','21210227-K','--','FRANCISCA ANDREA',265,20),(512,'FLORES','FLORES','21070681-K','--','CONSTANZA PILAR',265,20),(513,'GALVEZ','CARRASCO','21212809-0','--','GERARDO CARLOS',265,20),(514,'GONZALEZ','MORAGA','21151938-K','--','MELANY AYLIN CONSTANZA',265,20),(515,'ITURRA','FLORES','21332946-4','--','FRANCISCA JAVIERA',265,20),(516,'JARA','FRIZ','21214079-1','--','CRISTIAN BASTIAN',265,20),(517,'JARA','RIOS','21075319-2','--','CLAUDIO ALEJANDRO',265,20),(518,'MONTAÑO','FLORES','21214702-8','--','RAUL ANDRES',265,20),(519,'MORAGA','SUAZO','21069214-2','--','ADOLFO IGNACIO',265,20),(520,'NORAMBUENA','ARAVENA','20877059-4','--','RODRIGO NICOLAS',265,20),(521,'OPAZO','CHAVARRIA','21161660-1','--','LUIS MIGUEL',265,20),(522,'ORELLANA','INOSTROZA','21151889-8','--','NAYARETH ANDREA',265,20),(523,'PACHECO ','RAMIREZ','20961726-9','--','FRANCISCA JAVIERA',265,20),(524,'PEREZ','MOYA','21355428-k','--','NICOLE ANDREA',265,20),(525,'REYES','ALARCON','21063126-7','--','CLAUDIO IGNACIO',265,20),(526,'SOTO','NUÑEZ','21094509-1','--','MILLARAY NICOLE',265,20),(527,'SOTO','PEREZ','21277073-6','--','JOHN ALBERTO',265,20),(528,'SUAZO','AYALA','21071074-4','--','BRITNEY ANAIS',265,20),(529,'AGUIRRE','VILLARROEL','21375690-7','--','MONSERRAT GABRIELA',266,20),(530,'ARAYA','VILLEGAS','21250665-6','--','MARCOS CRISTOBAL',266,20),(531,'ARELLANO','AGUAYO','21308817-3','--','CONSTANZA BELEN',266,20),(532,'AYALA','MORAGA','20569991-0','--','RODRIGO IGNACIO',266,20),(533,'BARRUETO','SEPULVEDA','21143356-6','--','CONSTANZA ANDREA',266,20),(534,'CAMPOS','YAÑEZ','21026358-6','--','DANIELA ALEJANDRA',266,20),(535,'CANCINO ','BARRUETO','21246432-5','--','ALISON ELENA',266,20),(536,'DIAZ','BAEZA','21274513-8','--','FRANCISCA JAVIERA',266,20),(537,'DIAZ','CANALES','21179264-7','--','CONSTANZA MILLARAY',266,20),(538,'FLORES','PEREZ','21150569-9','--','CONSUELO VICTORIA',266,20),(539,'HENRIQUEZ','ESPINOSA','21307204-8','--','MARIA JOSE',266,20),(540,'HERNANDEZ','GUTIERREZ','21122749-4','--','ABRAHAM EDUARDO',266,20),(541,'HORMAZABAL','APABLAZA','21151848-0','--','VICENTE CRUZ',266,20),(542,'LARA ','LEAL','21263370-4','--','VERONICA ARACELY',266,20),(543,'LLANOS','ORTEGA','21309511-0','--','NAHARA MAGDIEL',266,20),(544,'MANRIQUEZ','HORMAZABAL','21321127-7','--','YASNA MONSERRAT',266,20),(545,'MIRANDA','VELOSO','21259623-K','--','SILVIA LORENA',266,20),(546,'MONSALVE','LABRAÑA','21230942-7','--','IVAR GUSTAVO',266,20),(547,'MORA','URRUTIA','21188729-K','--','GLADYS FERNANDA',266,20),(548,'MORAGA ','BARRUETO','21067039-4','--','LISSETT BELEN',266,20),(549,'MOYA','BUSTAMANTE','21230634-7','--','PABLO JESUS ALES',266,20),(550,'MUENA ','MUENA','21272826-8','--','ALEX ARTURO',266,20),(551,'MUÑOZ','ALVEAR','21072394-3','--','HAYLENE ESTRELLA',266,20),(552,'NAVARRETE','ALDANA','21212536-9','--','ARIEL ALEJANDRO',266,20),(553,'OPAZO','LARA','21262749-6','--','DANIEL MANASES',266,20),(554,'ORELLANA','MUÑOZ','21164202-5','--','MASSIEL ALESANDRA',266,20),(555,'PEREIRA','ITURRA','21190342-2','--','MATIAS FABRICIO',266,20),(556,'PEREZ','PEREZ','21128895-7','--','DAVID ALBERTO',266,20),(557,'POBLETE','AVILA','21261015-1','--','SEBASTIAN ANTONIO',266,20),(558,'RETAMAL ','RETAMAL','21225283-2','--','ARTURO SEBASTIAN',266,20),(559,'SALAZAR','CACERES','21225422-3','--','PAULA ANTONIA',266,20),(560,'SALGADO','SUAZO','21134525-K','--','BRENDA ANAIS',266,20),(561,'SUAZO','GALLARDO','21040316-7','--','FERNANDA ESPERANZA',266,20),(562,'VALDES','VEGA','21188120-8','--','CONSTANZA ALEXANDRA',266,20),(563,'VALENZUELA','HORMAZABAL','21092141-9','--','VALENTINA SOLEDAD',266,20),(564,'VELOSO','OSORES','21223967-4','--','KEVIN ALEXANDER',266,20),(565,'ALVEAR ','RETAMAL','20993918-5','--','DIEGO FRANCISCO',267,20),(566,'ALVEAR ','VERDUDO','21013939-7','--','IRMA ALEJANDRA',267,20),(567,'BECERRA','ROLDAN','20994462-6','--','ALFREDO ARIEL',267,20),(568,'BUSTOS','APABLAZA','20570451-5','--','NATALIA CONSTANZA',267,20),(569,'CANCINO','FAÚNDEZ','21013720-3','--','RUBÉN SEBASTIÁN',267,20),(570,'CANCINO','LÓPEZ','20570510-4','--','ELIZABETH ALEJANDRA',267,20),(571,'CASTILLO','PARRA','20570476-0','--','YAIRA ANTONIA',267,20),(572,'CORREA','PEDRAZA','20981101-4','--','YISLEYN CATALINA',267,20),(573,'DÍAZ','CÁRDENAS','20877011-K','--','MILCA NOEMÍ',267,20),(574,'EULUFÍ','SALAZAR','21003669-5','--','JUAN GERARDO',267,20),(575,'FERREIRA','JARA','20744220-8','--','FRANCISCA VALENTINA',267,20),(576,'GOMEZ','RIQUELME','20877016-0','--','NAYARETH ALEJANDRA',267,20),(577,'GÓMEZ','SALGADO','20826493-1','--','DANIELA ESTEFANÍA',267,20),(578,'GONZALEZ','RIVAS','20964060-0','--','FERNANDA ANDREA',267,20),(579,'HENRÍQUEZ','ESPINOSA','20951925-9','--','CONSTANZA ANAÍS',267,20),(580,'LABRA ','CONTRERAS','20570121-4','--','ALLISON TERESA',267,20),(581,'LABRA ','CONTRERAS','20980104-3','--','KAROLAYN SILVIA',267,20),(582,'LUNA','RIVAS','20782851-3','--','GIANFRANCO STEVEN',267,20),(583,'MERIÑO','VELOSO','21067381-4','--','JOSÉ EDUARDO',267,20),(584,'MIRANDA','FLORES','20570331-4','--','FRANCISCA ANDREA',267,20),(585,'OPAZO','HENRÍQUEZ','21036158-8','--','NATALIA BELÉN',267,20),(586,'PATIÑO ','FUENZALIDA','20990672-4','--','JOHAN FRANCISCO',267,20),(587,'PEÑA ','TOLEDO','20877050-0','--','SEBASTIAN PATRICIO',267,20),(588,'PEÑAILILLO','PARRA','20964216-6','--','FRANCISCO ALBERTO',267,20),(589,'PEREZ','RIOS','20877085-3','--','MARCELA CATALINA',267,20),(590,'PEREZ','FUENTES','20570258-K','--','PAULINA ANDREA',267,20),(591,'QUINTANA','AGUILERA','20570389-6','--','DANIELA ESCARLET',267,20),(592,'RIQUELME','GARRIDO','21061757-4','--','CHRISTIAN ANDRÉS',267,20),(593,'ROLDÁN','MESAS','20976363-K','--','RHAIEN LAFKEN',267,20),(594,'TAUCANO','YÉVENES ','20570470-1','--','HERIK JESÚS',267,20),(595,'VEGA','ORELLANA','20999458-5','--','VICTOR HUGO',267,20),(596,'VERDUGO ','FUENTES','20960849-9','--','ULISES ANTONIO',267,20),(597,'YÉVENES','CONTRERAS','20727880-7','--','MARCO ANTONIO',267,20),(598,'ZUÑIGA','OLIVOS','20969425-5','--','DANIELA SCARLETTE',267,20),(599,'ANDRADES','VEGA','20920532-7','--','ROCÍO BELÉN',268,20),(600,'ARAVENA','CARRILLO','21041585-8','--','CATALINA IGNACIA',268,20),(601,'ARAVENA','HENRÍQUEZ','20570155-9','--','DANIELA ALEJANDRA',268,20),(602,'ARAVENA','MIRANDA','20971261-K','--','KARINA NAZARET',268,20),(603,'ARAVENA','VASQUEZ','20950502-9','--','CHRISTIAN ANTONIO',268,20),(604,'ARELLANO','MUÑOZ','20060768-6','--','ELSA VALENTINA',268,20),(605,'CANALES','URRUTIA','21060064-7','--','VICTORIA VALENTINA',268,20),(606,'CANTERO ','ESCALONA','20877078-0','--','MARÍA CONSTANZA',268,20),(607,'CASTILLO','GALLARDO','20570504-K','--','SCARLETT BEATRIZ',268,20),(608,'CLARK','HENRÍQUEZ','20954422-9','--','CHRISTIAN VICENTE',268,20),(609,'DÍAZ','LARA','21004404-3','--','ADRIANA BELÉN',268,20),(610,'DURÁN','MANRÍQUEZ','20919740-5','--','JAVIERA NICOLE',268,20),(611,'ESCOBAR','CHAMORRO','20877052-7','--','CRISHNA FRANCISCA',268,20),(612,'ESPINOSA','SÁNCHEZ','20877101-9','--','IGNACIO ABELARDO',268,20),(613,'FLORES','ARAVENA','20915608-3','--','KARINA STEFANY',268,20),(614,'GUZMAN','RETAMAL','20835548-1','--','VALENTINA ELENA',268,20),(615,'HENRÍQUEZ','MONTECINO','20994403-0','--','JENNIFER ANDREA',268,20),(616,'LEAL','RUIZ','20570308-K','--','AMANDA ESCARLET',268,20),(617,'LEPEZ','DIAZ','20570457-4','--','VALERIA ALEXANDRA',268,20),(618,'LOPEZ ','PEREZ','20971126-5','--','CRISTIAN LUIS',268,20),(619,'LUTZ','ESCALONA','20915857-4','--','SACHA NOEMÍ',268,20),(620,'MIRANDA','ELGUETA','21012325-3','--','ALEJANDRO ANTONIO',268,20),(621,'MOYA','ARAVENA','20877070-5','--','FELIPE ANTONIO',268,20),(622,'MUÑOZ','RIVEROS','20877098-5','--','RAÚL MAURICIO',268,20),(623,'NEIRA','DONOSO','20570406-K','--','ELIZABETH ESTEFANI',268,20),(624,'OPAZO','APABLAZA','20570129-K','--','DIEGO VALENTIN',268,20),(625,'ORELLANA','URRA','20998450-4','--','CONSTANZA ISABEL',268,20),(626,'PARADA ','ARAVENA','21011965-5','--','DAMARIS BELEN',268,20),(627,'PÉREZ ','GAETE','21125638-9','--','IRMA DEL ROSARIO',268,20),(628,'RECABAL','SALAZAR','20274112-6','--','GABRIELA DEL CARMEN',268,20),(629,'ROMERO','VILLEGAS','20969017-9','--','PAZ BELÉN',268,20),(630,'SALAS','VALENZUELA','20876993-6','--','MADERLINE ALEJANDRA',268,20),(631,'YAÑEZ','CANALES','20345349-3','--','BEATRIZ ESCARLET',268,20),(632,'YAÑEZ','CORTÉS','20992220-7','--','CONSTANZA BELÉN',268,20),(633,'YÉVENES','CANDIA','20948210-K','--','BRAYAN ANDRÉS',268,20),(634,'AVILA ','HENRIQUEZ','20569745-4','--','KEVIN ALEXANDER',269,20),(635,'BARRERA','SEPULVEDA','20570001-3','--','JOSELYN ANDREA',269,20),(636,'CACERES','HORMAZABAL','20569810-8','--','CAMILA ANDREA',269,20),(637,'CACERES','MEDEL','20575579-9','--','CARLA ANTONIA',269,20),(638,'CONSTENLA','DOMINGUEZ','20570323-3','--','KRISHNA BEATRIZ',269,20),(639,'DURAN ','DIAZ','20274261-0','--','CECILIA ANTONIA',269,20),(640,'EULUFI','GARCIA','19939325-1','--','NICOLAS ANTONIO',269,20),(641,'ESPINOZA','BENAVENTE','20570099-4','--','FRANCISCO JAVIER',269,20),(642,'FUENTEALBA','TORRES','20595988-2','--','KEVIN SEBASTIAN',269,20),(643,'FUENTES','APABLAZA','20274223-8','--','JOSÉ ARMANDO',269,20),(644,'GAJARDO','CHAVEZ','15148977-K','--','GUILLERMO RODRIGO',269,20),(645,'GALLARDO','PINTO','20570380-2','--','NICOL ALEJANDRA',269,20),(646,'ITURRA','ROSALES','20569976-7','--','ESTEBAN ALEJANDRO',269,20),(647,'LEAL','FLORES','20274047-2','--','FRANCISCA ANDREA',269,20),(648,'LEAL','PEREZ','20671764-5','--','DANIEL ANDRES',269,20),(649,'LUNA','OLIVOS','20570285-7','--','ARIEL ANTONIO',269,20),(650,'MATURANA','CASTILLO','20570355-1','--','DAMIÁN ALEXI',269,20),(651,'MEDINA ','AGURTO','20569966-K','--','ALEJANDRA FRANCISCA',269,20),(652,'MUÑOZ','ALCANTAR','20569822-1','--','FRANCISCA PAZ',269,20),(653,'MUÑOZ','CANALES','20570262-8','--','CLAUDIO ANTONIO',269,20),(654,'MUÑOZ ','MOYA','20467561-9','--','BRANDON ANDRE',269,20),(655,'ORELLANA','HENRIQUEZ','20570201-6','--','NICOL PAULINA',269,20),(656,'ORREGO','MOLINA','20570368-3','--','JUAN FRANCISCO',269,20),(657,'OSORES','DIAZ','20569845-0','--','DANIELA MILYCEN',269,20),(658,'PACHECO','SALGADO','20569887-6','--','MAIKOL SEBASTIAN',269,20),(659,'PARRA','ARELLANO','20570073-0','--','CRISTOBAL ANTONIO',269,20),(660,'SALAZAR','ALVAREZ','20627189-2','--','LAZARO AARON',269,20),(661,'SANCHEZ ','ARAVENA','20570009-9','--','YULISSA MILLARAY',269,20),(662,'SEPULVEDA','FLORES','20569879-5','--','FELIPE ALEJANDRO',269,20),(663,'SILVA ','RETAMALES','20729280-K','--','ANAHI ROSELIN',269,20),(664,'SOTO','DIAZ','20570359-4','--','DANILO GUSTAVO',269,20),(665,'SUAZO','SAAVEDRA ','20570353-5','--','CAMILO ANTONIO',269,20),(666,'VALDES','CARTES','20386383-7','--','CLAUDIO ANTONIO',269,20),(667,'VERGARA','LANDEROS','20569833-7','--','IBETT MARIA',269,20),(668,'ZAMORANO','BARRUETO','20274192-4','--','MAYKOL LUIS',269,20),(669,'VILLEGAS','MOYA','20090524-5','--','ADRIAN MATIAS',269,20),(670,'ARIAS','CORNEJO','20569865-5','--','KAREN ALEXANDRA',270,20),(671,'BARRUETO','MORAGA','20570134-6','--','JAIRO ESTEBAN',270,20),(672,'CANALES ','SANCHEZ','20570284-9','--','JOAQUIN ALEJANDRO',270,20),(673,'CASTILLO','APABLAZA','20294350-0','--','MARIA FERNANDA',270,20),(674,'CASTILLO','HERNANDEZ','20570218-0','--','JAVIERA ALEJANDRA',270,20),(675,'CASTILLO','VERA','19358298-2','--','CATALINA ALEJANDRA',270,20),(676,'COFRE ','CARDENAS','20570250-4','--','YAEL ANNAIS',270,20),(677,'DIAZ','AGURTO','20570069-2','--','CONSTANZA DE LOS ÁNGELES',270,20),(678,'ESPINOZA','VILLEGAS','20538476-6','--','CRISTIAN IGNACIO',270,20),(679,'FUENTES','MANRIQUEZ','20569826-4','--','MARIA JOSE',270,20),(680,'GARCIA ','BARRUETO','20570153-2','--','RUBEN PATRICIO',270,20),(681,'HORMAZABAL','LUNA','20569920-1','--','MARIA ANTONIETA',270,20),(682,'JARA ','BARRIGA','19767168-8','--','MATIAS IGNACIO',270,20),(683,'JARA ','CHAMORRO','20569965-1','--','MILISENT DALILA',270,20),(684,'MORAGA','CANCINO','20569973-2','--','CARLOS DANIEL',270,20),(685,'MUÑOZ','ALVEAR','20613856-4','--','ANGELO ARTURO',270,20),(686,'MUÑOZ','VERGARA','20570309-8','--','NATALY GERARDA',270,20),(687,'OLAVE','ENCINA','20677827-K','--','NICOLÁS MAURICIO',270,20),(688,'OTAROLA','FUENZALIDA','20060782-1','--','VALENTINA ANABEL',270,20),(689,'PARRA','RAMÍREZ','20569871-K','--','JESÚS NICOLÁS',270,20),(690,'PEREZ','DIAZ','20569858-2','--','STEFANNY MRIELA',270,20),(691,'PEREZ','LARA','20779918-1','--','MAIELA JOSEFA DEL CARMEN',270,20),(692,'PELLAILILLO','ARAVENA','20227426-9','--','SILVIA ANALIA',270,20),(693,'PRADENA','RIVAS','20569946-5','--','MARÍA FERNANDA',270,20),(694,'QUEZADA','LEIVA','20569937-6','--','CAMILA ANDREA',270,20),(695,'RAMONET','SAN MARTIN','20090560-1','--','JAIME ANDRES',270,20),(696,'RIOS','LUNA','20569890-6','--','JOSE LUIS',270,20),(697,'SALAS ','AQUEVEQUE','20570212-1','--','SEBASTIAN ANDRES',270,20),(698,'SALAZAR','MIRANDA','20569721-7','--','DAVID MOISÉS',270,20),(699,'SEPÚLVEDA','ÁVALOS','20569903-1','--','DARIOLETTE ESTER',270,20),(700,'VALENZUELA','PÉREZ','20570041-2','--','FERNANDO ENRIQUE',270,20),(701,'VASQUEZ','ALVEAR','20569738-1','--','FRANCISCA EMILIA',270,20),(702,'VERGARA','MIRANDA','20569778-0','--','RONALDO ESTEBAN',270,20),(703,'VILLALOBOS','BRAVO','20537075-7','--','LLIRE ABIGAIL',270,20),(704,'YEVENES','TEJO','20570338-1','--','JUAN PABLO',270,20),(5242,'COLOMA','GÓMEZ','22179629-2','--','CESAR ALEJANDRO',444,48),(5237,'GUTIÉRREZ','TAPIA','22542816-6','--','MARILYN SUSANA SCARLET',443,48),(5238,'ESPINOZA','ALARCÓN','22587661-4','--','LUIS FERNANDO',443,48),(5239,'ESPINOZA','HERNÁNDEZ','22509589-2','--','CLAUDIO ANTONIO',443,48),(5240,'SEPÚLVEDA','COFRÉ','22068763-5','--','BRANDÓN ANDRÉS',444,48),(5241,'CASTILLO','CASTILLO','22382762-4','--','BRYAN IGNACIO ANDRÉS',444,48),(5234,'PÉREZ','GONZÁLEZ','22688057-7','--','CATALINA FABIANA',443,48),(5235,'RÍOS','MUÑOZ','22744006-6','--','BELÉN ALEJANDRA',443,48),(5236,'SÁNCHEZ','VALDEBENITO','22579405-7','--','GONZALO CRISTÓBAL',443,48),(5224,'PEÑA','ARELLANO','22388419-9','--','JOHANS ANDRÉS',443,48),(5225,'ALARCÓN','VALENZUELA','22383595-3','--','JORGE ANTONIO',443,48),(5226,'VALENZUELA','ZAPATA','22198657-1','--','SEBASTIÁN ANTONIO',443,48),(5227,'ALARCÓN','MORAGA','22548321-3','--','MARTÍN ALONSO',443,48),(5228,'AYALA','CHANDÍA','22509031-9','--','NICOL ANDREA',443,48),(5229,'HERNÁNDEZ','JARPA','22650271-8','--','VICENTE IGNACIO',443,48),(5230,'LEAL','DÍAZ','22506282-K','--','MARÍA IGNACIA',443,48),(5231,'LEAL','RUIZ','22473634-7','--','ISIDORA ALMENDRA',443,48),(5232,'OLIVOS','VILCHES','22749544-8','--','KAREN GABRIELA',443,48),(5233,'ORELLANA','GARRIDO','22475090-0','--','ELIZABETH ALEJANDRA',443,48),(728,'ALARCÓN','CANALES','22568555-K','--','ISRAEL ENRIQUE',272,22),(729,'ARAVENA','SAAVEDRA','22553681-3','--','JUAN JOSÉ',272,22),(730,'BARRÍA','ALARCÓN','22609918-2','--','RODDICK BASTIÁN',272,22),(731,'BUSTOS','CHAMORRO','22612389-K','--','JAZMÍN DEL PILAR',272,22),(732,'CHÁVEZ ','MORALES','22510046-2','--','SOFÍA MORALES',272,22),(733,'CONTRERAS','ARAVENA','22413089-9','--','MARCOS VALENTÍN',272,22),(734,'CONTRERAS','SALGADO','22498965-2','--','NOEMÍ ELIZABETH',272,22),(735,'DÍAZ ','ARANEDA ','22657379-8','--','NICOL ALEJANDRA',272,22),(736,'GARRIDO','MEZA','22666924-8','--','BENJAMÍN LEONEL',272,22),(737,'HERNÁNDEZ','CASTILLO','22752497-9','--','MARTÍN HALLEN',272,22),(738,'HERNÁNDEZ','DÍAZ','22755883-0','--','ANAÍS CRISTINA',272,22),(739,'LUNA','MUÑOZ','22671226-7','--','YEICK JHALIL',272,22),(740,'MARAMBIO','CONTRERAS','22570582-8','--','DEIVID GABRIEL',272,22),(741,'MONTECINOS','SOTO','22580186-K','--','ANGELO ANTONIO',272,22),(742,'PALMA','SALGADO','22744793-1','--','CRISHNA CONSTANZA',272,22),(743,'PÉREZ','MALIQUEO','22726530-2','--','ALISON BELÉN',272,22),(744,'SALAS','LLAUPI','22589600-3','--','MAURA ANTONIA',272,22),(745,'SALGADO','CONTRERAS','22730181-3','--','BENJAMÍN ALONSO',272,22),(746,'SERRANO','CRUZ','22658825-6','--','BENJAMÍN LEANDRO',272,22),(747,'SUAZO','ARAVENA','22704526-4','--','SOFÍA ANAÍS',272,22),(748,'TORRES','CANCINO','22531679-1','--','KATHERINE BELÉN',272,22),(749,'TORRES','HERRERA','22538748-6','--','BASTIÁN ANTONIO',272,22),(750,'VEGA','ALARCÓN','22576833-1','--','JOAQUÍN ANDRÉS',272,22),(751,'ALARCÓN','AGURTO','22214013-7','--','PABLO ESTEBAN',273,22),(752,'ARAVENA','CASTILLO','22346368-1','--','MATÍAS IGNACIO',273,22),(753,'ARAVENA','DÍAZ','22324245-6','--','FERNANDO JOAQUÍN',273,22),(754,'ARELLANO','TORRES','22297920-K','--','CATARI SOLEDAD',273,22),(755,'AVILA','BARRA','22318787-0','--','NATHALIE ALEJANDRA',273,22),(756,'BALBOA','VALLADARES','22099322-1','--','FRANCO TOMAS',273,22),(757,'BONATICI','JARA','22364621-2','--','SEBASTIÁN ANDRÉS',273,22),(758,'CAMPOS','CONTRERAS','22176523-0','--','PAZ MACARENA',273,22),(759,'CANALES','SALAZAR','22300849-6','--','DIEGO ESTEBAN',273,22),(760,'CANALES','SALAZAR','22300862-3','--','KAREN BEATRIZ',273,22),(761,'CASTILLO','MUÑOZ','22156083-3','--','DIEGO EDUARDO',273,22),(762,'CHANDIA','LUARDO','22292329-8','--','JAVIER IGNACIO',273,22),(763,'DURÁN','AHUMADA','22399315-K','--','BELÉN ANTONIA',273,22),(764,'GONZÁLEZ ','PARRA','22264943-9','--','MARÍA JOSÉ',273,22),(765,'JIMÉNEZ','CANCINO','22120564-2','--','MARTIN ANDRÉS',273,22),(766,'LOYOLA','GONZÁLEZ','22218896-2','--','JOSÉ IGNACIO',273,22),(767,'MANRÍQUEZ','MORALES','22417179-K','--','CATALINA DE LAS MERCEDES',273,22),(768,'MEZA','NÚÑEZ','22282517-2','--','EMILIA PAZ DE JESÚS',273,22),(769,'MORA ','VEGA','22395650-5','--','JOAQUÍN IGNACIO',273,22),(770,'MUÑOZ','FIGUEROA','22323071-7','--','ANGELO AGUSTÍN',273,22),(771,'MUÑOZ','ROJAS','22183196-9','--','DIEGO ESTEBAN',273,22),(772,'ORELLANA','MOENA','22376196-8','--','GIOVANNI ANDRÉS',273,22),(773,'PACHECO','ORELLANA','22212113-2','--','MAX ENRIQUE',273,22),(774,'PARRA','LABRA','22164506-5','--','JAVIERA ESTEFANÍA',273,22),(775,'PEREIRA','SÁNCHEZ','21909454-k','--','JUAN IGNACIO',273,22),(776,'RECABAL','TORRES','22210952-3','--','AGUSTÍN IGNACIO',273,22),(777,'RETAMAL','PÉREZ','22270881-8','--','FRANCISCO NICOLÁS',273,22),(778,'RUBIO','BUSTOS','22361781-6','--','CATALINA ANTONIA',273,22),(779,'SALGADO','ORELLANA','22309794-4','--','CRISTIAN JAVIER',273,22),(780,'SÁNDHEZ','SALINAS','22122168-0','--','ISAAC NEFTALÍ',273,22),(781,'SEGUY','MUÑOZ','22331649-2','--','ANTONIA EMILIA',273,22),(782,'SEPÚLVEDA','FUENTES','22359824-2','--','KRISHNA JUDITH',273,22),(783,'SUAZO','MUÑOZ','22149255-2','--','ALAN IGNACIO',273,22),(784,'VILLEGAS','BUSTOS','22195461-0','--','DIANA ANAÍS',273,22),(785,'YÁÑEZ','MEZA','22315188-4','--','MARÍA VICTORIA',273,22),(786,'ARAVENA','ALARCÓN','22342143-1','--','VALERIA ALEJANDRA',274,22),(787,'ARAVENA','HENRÍQUEZ','22232284-7','--','RODRIGO SEBASTIÁN',274,22),(788,'BRAVO','PAVEZ','22208471-1','--','TOMÁS ANDRÉS',274,22),(789,'BRAVO','PÉREZ','22123550-9','--','RICHARD ANTONIO',274,22),(790,'CÁCERES','PARRA','22285283-8','--','JOSEFINA ANTONIA',274,22),(791,'CONTRERAS','ROMERO','22089828-8','--','ANGELA ANAIS',274,22),(792,'CORREA','CANALES','22169854-1','--','MAXIMILIANO ALEXANDER',274,22),(793,'CRUZAT','ARAYA','22253771-1','--','MANUEL ESTEBAN',274,22),(794,'DÍAZ ','PINTO','22106595-6','--','CONSTANZA ALIDA',274,22),(795,'DODDS','JARA','22190423-0','--','PAULINA ALEJANDRA',274,22),(796,'GARRIDO','SALAZAR','22345660-K','--','MARTÍN ALONSO',274,22),(797,'GATICA','VEGA','22430192-8','--','FERNANDO ANDRÉS',274,22),(798,'HORMAZÁBAL','JARA','22239198-9','--','FERNANDA CATALINA',274,22),(799,'LANDERO','ANDRADES','22387492-4','--','ROCÍO ALEJANDRA',274,22),(800,'LARA ','BUSTOS','22282292-0','--','TOMÁS ISAÍAS',274,22),(801,'LARA ','VELOZO','22170908-K','--','FRANCISCO JAVIER',274,22),(802,'LEIVA','PEREIRA','22344496-2','--','ELENA PAZ',274,22),(803,'LEIVA','PEREIRA','22344479-2','--','FERNANDA PAZ',274,22),(804,'LEIVA','PEREIRA','22344528-4','--','SOFÍA PAZ',274,22),(805,'LUNA','ARAVENA','22351944-k','--','ANTONELLA BELÉN',274,22),(806,'MANRÍQUEZ','JARA','22248763-3','--','MAITE ANAÍS',274,22),(807,'MANRÍQUEZ','YOVANOVICH','22260001-4','--','VICENTE SEBASTIÁN',274,22),(808,'MEZA','FUENTES','22307484-7','--','SOLEIL ALEJANDRA',274,22),(809,'MORA ','MORA','22251803-2','--','FERNANDA PAZ',274,22),(810,'MUÑOZ','RUIZ','22245940-0','--','BASTIAN EDUARDO',274,22),(811,'MUÑOZ','SALGADO','22290011-5','--','MATÍAS IGNACIO',274,22),(812,'OPAZO','VERDUGO','22277730-5','--','ISAAC PABLO',274,22),(813,'ORTEGA','CARRASCO','22382258-4','--','FABIÁN ANTONIO',274,22),(814,'PARRA','PÉREZ','22199150-8','--','BRAYAN ALEXANDER',274,22),(815,'QUIROZ','TORRES','22351721-8','--','ROBERTO ALEJANDRO VALENTINO',274,22),(816,'QUIROZ','TORRES','22351691-2','--','RODRIGO BENJAMÍM GONZALO',274,22),(817,'SALGADO','VERGARA','22236841-3','--','ALEN MAXIMILIANO',274,22),(818,'TORRES','PEREIRA','22401041-9','--','CATALINA DEL PILAR',274,22),(819,'VILLEGAS','VILLEGAS','22381981-8','--','JULIÁN JESÚS ALEXANDRO',274,22),(820,'YAÑEZ','RUIZ','22298951-5','--','ANTONELLA CAMILA',274,22),(821,'YÉVENES','CANALES','22343360-K','--','VALENTINA ISIDORA',274,22),(822,'ALVEAR','VERA','22081635-4','--','KEVIN IGNACIO',275,22),(823,'ARAVENA','ANDAUR','22076186-k','--','GIANCARLO ANDRÉS',275,22),(824,'ARELLANO','MONTECINOS','22096215-6','--','MARTINA IGNACIA',275,22),(825,'BUSTOS','MUÑOZ','22071559-0','--','KENDRA VALENTINA',275,22),(826,'CAMPOS','GONZÁLEZ','22000287-K','--','SERGIO ANDREE',275,22),(827,'CONTRERAS','DÍAZ','21988441-9','--','BORIS GABRIEL ORLANDO',275,22),(828,'DÍAZ ','BUSTOS','22009164-3','--','ESPERANZA VALENTINA',275,22),(829,'DÍAZ ','NAVARRETE','21997901-0','--','FRANCISCO JOSUÉ',275,22),(830,'DURÁN','RODRÍGUEZ','22110808-6','--','JUAQUÍN IGNACIO',275,22),(831,'FAÚNDEZ ','ARAVENA','21965539-8','--','BASTIÁN ANTONIO',275,22),(832,'GALDAME','SAAVEDRA','21959586-7','--','FERNANDO IGNACIO',275,22),(833,'GUEVARA','SUAZO','22058770-3','--','CONSTANZA LISSETTE',275,22),(834,'GUTIÉRREZ','TOLEDO','21900044-8','--','PÍA IGNACIA',275,22),(835,'HENRÍQUEZ','LEAL','21926167-5','--','STEICY YANINA',275,22),(836,'HIDALGO','ÁLVAREZ','21920570-8','--','DAMARIS CATALINA',275,22),(837,'LUNA','RIQUELME','22141834-4','--','ALEJANDRO IGNACIO',275,22),(838,'MORA ','PÉREZ','21954214-3','--','SERGIO NAHUM',275,22),(839,'MUENA','CORTÉS','22131394-1','--','NICOLÁS IGNACIO',275,22),(840,'MUENA','PERALTA','21839490-6','--','GONZALO EDUARDO',275,22),(841,'MUÑOZ','SALAZAR','21714629-1','--','BENJAMÍN DANY',275,22),(842,'OLIVOS','MUÑOZ','21750390-6','--','JOSÉ IGNACIO',275,22),(843,'OPAZO','ALVEAR','21985311-4','--','MARIO IGNACIO',275,22),(844,'PADILLA','OSORIO','21947704-K','--','LUIS ALBERTO',275,22),(845,'PÉREZ','FUENTES','22094081-0','--','FLORENCIA ANTONIA',275,22),(846,'PÉREZ','ROJAS','21954303-4','--','ANDREA ALEXANDRA',275,22),(847,'RIVAS','ARAVENA','20907461-1','--','CRISTOPHER ANDRÉS',275,22),(848,'RODRÍGUEZ','JARA','21927043-7','--','JOAQUÍN ANDRÉS',275,22),(849,'SALGADO','SANDOVAL','22119504-3','--','MARIO BENJAMÍN',275,22),(850,'SEPÚLVEDA','ARELLANO','22136771-5','--','BERENA ANTONIA',275,22),(851,'SEPÚLVEDA','MACAYA','21895938-5','--','NATALIA DE LOS ÁNGELES',275,22),(852,'SOBARZO','RIQUELME','21944723-K','--','BENJAMÍN GONZALO',275,22),(853,'SOTO','EULUFÍ','21933202-5','--','SEBASTIÁN FELIPE',275,22),(854,'TORRES','RIVAS','22115212-3','--','YASMÍN ANDREA',275,22),(855,'VÁSQUEZ','ALARCÓN ','22080880-7','--','MILLARAY ANTONIA',275,22),(856,'AGURTO','CRUZ','21222172-4','--','MATÍAS IGNACIO',276,22),(857,'BRAVO','PÉREZ','21848547-2','--','JOSÉ IGNACIO',276,22),(858,'COLOMA','MUÑOZ','21777748-8','--','FERNANDA DAMARIS',276,22),(859,'CORREA','CANALES','21632148-0','--','MAITIARE ANTONIETA',276,22),(860,'DÍAZ ','ARAVENA','21719559-4','--','ESTEBAN ALEXIS',276,22),(861,'DÍAZ ','SALGADO','21766795-K','--','MARTÍN ALONSO',276,22),(862,'DOMÍNGUEZ','MEZA','21838729-2','--','DAYANA ANASTASIA ANGÉLICA',276,22),(863,'GUTIÉRREZ','OLIVARES','21685731-3','--','PABLO THÓMAS',276,22),(864,'HERNÁNDEZ','FAÚNDEZ ','21740969-1','--','NICOLÁS AGUSTÍN',276,22),(865,'HERNÁNDEZ','SILVA','21807509-6','--','MARÍA JOSÉ',276,22),(866,'JARA','VILLEGAS','21853927-0','--','CATALINA VICTORIA',276,22),(867,'LLAUPÍ','GARCÍA','21793016-2','--','MARÍA PAZ',276,22),(868,'MEDEL','SALGADO','21800719-8','--','NICOLÁS EDUARDO',276,22),(869,'MIRANDA','GALDAME','21757378-5','--','SOLANGE ANDREA',276,22),(870,'MORAGA','SOTO','21832845-8','--','MARCELO ALEXANDER',276,22),(871,'MORALES','VÁSQUEZ','21860446-3','--','DIEGO IGNACIO',276,22),(872,'ORELLANA','GUAJARDO','21813689-3','--','NICOLÁS EDGARDO',276,22),(873,'OTÁROLA','RUIZ','21839700-K','--','ELÍAS ELIZARDO',276,22),(874,'PARRA','SEPÚLVEDA','21771172-K','--','SEBASTIÁN IGNACIO',276,22),(875,'PÉREZ','GALLARDO','21700424-1','--','ANGÉLICA BELÉN',276,22),(876,'RETAMAL','ARAVENA','21811610-8','--','ROCÍO ALEJANDRA',276,22),(877,'RETAMAL','ARAVENA','21811662-0','--','VALENTINA ALEJANDRA',276,22),(878,'REYES','MORAGA','21771816-3','--','DANIELA NAHELY',276,22),(879,'RÍOS','MORAGA','21766358-K','--','FABIÁN IGOR',276,22),(880,'ROLDÁN','ORELLANA','21785345-1','--','DENISE ANGÉLICA',276,22),(881,'TORRES','HERRERA','21755723-2','--','SEBASTIÁN ALEJANDRO',276,22),(882,'VILLALOBOS','ANDRADE','21867849-1','--','BRAYAN ALEJANDRO',276,22),(883,'YÁÑEZ','SEPÚLVEDA','21778875-7','--','DASMARIS MAGDALENA',276,22),(884,'ARAVENA','CABRERA','21701266-K','--','ÁLVARO ALFONSO',277,22),(885,'ARAVENA','MORAGA','21745233-3','--','KRISHNA LISETTE',277,22),(886,'ARAVENA','MUÑOZ','21621045-K','--','CRISTÓBAL AMARO ARMANDO',277,22),(887,'BUSTOS ','FAÚNDEZ ','21626935-7','--','JAVIER ALEXIS',277,22),(888,'CANCINO','TORRES','21578703-6','--','JAVIER ANTONIO',277,22),(889,'CERDA','CARRASCO','21563278-4','--','RONALD BALTAZAR',277,22),(890,'ESPINOSA','VALENZUELA','21700461-6','--','YESMINAIRA ISOLINA',277,22),(891,'ESPINOZA ','SÁNCHEZ','21658552-6','--','BELÉN ARÁNZAZU',277,22),(892,'GATICA','VALENZUELA','21799281-8','--','CRISTIAN EDUARDO',277,22),(893,'HERNÁNDEZ','ALARCÓN','21866579-9','--','NIBALDO IGNACIO',277,22),(894,'HERNÁNDEZ','PARADA','21745094-2','--','CONSTANSA CAROLINA',277,22),(895,'JARA','ALARCÓN','21691939-4','--','ELIZABETH MARGARITA',277,22),(896,'JARA','ALARCÓN','21691881-9','--','JAVIERA IGNACIA',277,22),(897,'LEPE','ALARCÓN','21630964-2','--','ÁNGEL DAMIÁN',277,22),(898,'MORAGA','ALARCÓN','21665569-9','--','IGNACIO ANTONIO',277,22),(899,'MORAGA','MARTÍNEZ','21250180-8','--','ELIAZAR AMBROSIO',277,22),(900,'MOYA','YÁÑEZ','21715090-6','--','PAOLA IGNACIA',277,22),(901,'MUÑOZ','MELLA','21692017-1','--','CAROLINA ALMENDRA',277,22),(902,'OLIVOS','LUNA','21651821-7','--','JHONATAN ANTONIO',277,22),(903,'ORTIZ','DÍAZ','21474591-7','--','PABLO ANDRÉS',277,22),(904,'PACHECO','ARELLANO','21508622-4','--','RICARDO ENRIQUE',277,22),(905,'REYES','ARRIAGADA','21614858-4','--','ÁNGEL EDUARDO',277,22),(906,'ROJAS','MÉNDEZ','21700232-K','--','CARMEN TRINIDAD',277,22),(907,'SÁNCHEZ','AGUILERA','21712752-1','--','HUGO ANDRÉS',277,22),(908,'TIRAPEGUI','FUENTES','21935329-0','--','IGNACIO FUENTES',277,22),(909,'TORRES','FLORES','21746147-2','--','DIEGO JESÚS',277,22),(910,'TORRES','GARCÍA','21702811-6','--','LISSETTE CONSTANZA THAIS',277,22),(911,'VILLEGAS','CANALES','21720105-5','--','AXEL FABIÁN',277,22),(912,'ALARCÓN','AGURTO ','21349552-6','--','IGNACIO ARTURO',278,22),(913,'ALARCÓN','DOMÍNGUEZ','21406846-K','--','FABIÁN LEONARDO ANDRÉS',278,22),(914,'ARAVENA','ARAVENA','21393918-1','--','VICENTE ANTONIO',278,22),(915,'AZÓCAR','ORTEGA','21404454-4','--','ERIKA ANDREA',278,22),(916,'BAEZA','TOLOZA','21335201-6','--','JAVIERA CATALINA',278,22),(917,'BARRUETO','ALARCÓN','21427258-K','--','CAMILA PAZ',278,22),(918,'BARRUETO','ALARCÓN','21427241-5','--','CONSTANZA ANDREA',278,22),(919,'BUSTOS','MORAGA','21449565-1','--','RODRIGO ANDRÉS',278,22),(920,'CHÁVEZ ','AGURTO','21470758-6','--','YEISON RODRIGO',278,22),(921,'DÍAZ ','CANCINO','21371804-5','--','DAMARIS ANAISS',278,22),(922,'ESCALONA','PEREIRA ','21494811-7','--','ELISEO LUIS',278,22),(923,'FAÚNDEZ ','ARAVENA ','21319330-9','--','ANGELO IGNACIO',278,22),(924,'GUADALUPE','SILVA','21334635-0','--','LEANDRO PABLO',278,22),(925,'HERNÁNDEZ','PÉREZ','21519714-K','--','IGNACIO ANTONIO',278,22),(926,'LANDEROS','ANDRADE','21497741-9','--','PAULA ANTONIA',278,22),(927,'LARA ','AVILA','21561804-8','--','DANITZA ANDREA',278,22),(928,'LEÓN','CAMPOS','21543006-5','--','MAURICIO ALEJANDRO',278,22),(929,'LEÓN','YÉVENES','21403902-8','--','SEBASTIÁN EDUARDO',278,22),(930,'MENESES','ESPINAZA','21410614-0','--','BÁRBARA DEL CARMEN',278,22),(931,'MEZA','GALLARDO','21469327-5','--','ARIELLE CONSTANZA',278,22),(932,'MEZA','GALLARDO','21469288-0','--','JAZMÍN ELIZABETH',278,22),(933,'MOLINA','VILLALOBOS','21599148-2','--','FERNANDA ANTONIA',278,22),(934,'MORAGA','ARAYA','21563245-8','--','BRANDON GERARDO',278,22),(935,'MORAGA','OLIVOS','21454586-1','--','FERNANDO JOSÉ',278,22),(936,'MUÑOZ','MUÑOZ','21350188-7','--','BRANDON DANIEL',278,22),(937,'OLIVOS','VEGA','21520892-3','--','BELÉN EMELINA',278,22),(938,'OPAZO ','COLOMA ','21572660-6','--','ESPERANZA CATALINA',278,22),(939,'OPAZO','FUENTES','21466555-7','--','STIBALLIT PADME',278,22),(940,'PACHECO','MACHUCA','21595565-6','--','LUIS ÁNGEL ARMANDO',278,22),(941,'PÉREZ','CRISOSTO','21541251-2','--','TAMARA ALEJANDRA',278,22),(942,'QUEZADA','VARELA','21509281-K','--','MARÍA DE LOS ÁNGELES',278,22),(943,'RECABAL','BUENO','21384081-9','--','EVA SOL',278,22),(944,'RIVAS','MORAGA ','21494995-4','--','KATALINA DE LOS ANGELES',278,22),(945,'RODRÍGUEZ','SAAVEDRA','21503427-5','--','JOSÉ ANTONIO',278,22),(946,'SÁNCHEZ','SIERRA','21146874-2','--','FRANCISCO JAVIER',278,22),(947,'SOTO','ESPINACE','21351976-K','--','CLAUDIA BETSABÉ',278,22),(948,'TORRES','RIVAS','21555215-2','--','PILAR ANTONIA',278,22),(949,'YÁÑEZ','CANALES','21385275-2','--','RICARDO SEBASTIÁN',278,22),(950,'ALARCÓN','ALVARADO','21267441-9','--','MARÍA FERNANDA',279,22),(951,'ALARCÓN','SOTOMAYOR','21141341-7','--','ESCARLET ARACELY',279,22),(952,'CAMPOS','CONTRERAS','21277017-5','--','BENJAMÍN PATRICIO',279,22),(953,'ERIZA','ROMERO','21152088-4','--','TANIA PAZ',279,22),(954,'ESPINOSA','PEREIRA','21074522-K','--','DANIELLA DEL CARMEN',279,22),(955,'ESPINOZA ','SALAZAR','21210800-6','--','FRANCISCA IGNACIA',279,22),(956,'INOSTROZA','VALENZUELA','21188578-5','--','DAMARIS CAROLINA',279,22),(957,'LEIVA','PÉREZ','21155160-7','--','PEDRO SEBASTIÁN',279,22),(958,'MEZA','ABARZA','21301440-4','--','CATALINA ANTONIA',279,22),(959,'MONTECINOS','SAAVEDRA','21205108-K','--','MASSIEL DE LOS ÁNGELES',279,22),(960,'MUENA','ARIAS','20947059-4','--','BRIAN NICOLÁS',279,22),(961,'MUÑOZ','MELLA','21051371-K','--','MARTÍN ANTONIO',279,22),(962,'MUÑOZ','PÉREZ','21251832-8','--','KRISTHEL DAYHANNA',279,22),(963,'MUÑOZ','RUIZ ','21232179-6','--','BREAN JEREMI',279,22),(964,'MUÑOZ','SALGADO','21249041-5','--','RENATO SEBASTIÁN',279,22),(965,'MUÑOZ','VERA','21329204-8','--','ALEJANDRO ENRIQUE',279,22),(966,'PALMA','MOLINA','21131131-2','--','CAMILA ANDREA',279,22),(967,'PÉREZ','PAVEZ','21259928-K','--','CAROLINA ALEJANDRA',279,22),(968,'PÉREZ','PÉREZ','21294564-1','--','GORETTY VALERIA',279,22),(969,'PINO','SALAZAR','21311086-1','--','MATÍAS HERNÁN',279,22),(970,'RECABAL','CASTILLO','21184581-3','--','ÁNGEL MATÍAS',279,22),(971,'ROJAS ','HORMAZÁBAL','21117851-5','--','JOHANN ENRIQUE',279,22),(972,'SALAS','LLAUPÍ','21307068-1','--','JOSÉ ANTONIO',279,22),(973,'SALGADO','GARCÍA','21193454-9','--','CRISTIAN ANTONIO',279,22),(974,'SEPÚLVEDA','FERRADA','21218294-K','--','LEONARDO ANTONIO',279,22),(975,'SOTO','DÍAZ','21140836-7','--','FRANCISCA BELÉN',279,22),(976,'TOLEDO','FIGUEROA','21211631-9','--','MAURICIO SEBASTIÁN',279,22),(977,'VALENZUELA','PINTO','21269174-7','--','CATALINA ALEXANDRA',279,22),(978,'VÁSQUEZ','ALARCÓN','21164355-2','--','MARTINA ALEJANDRA',279,22),(979,'BARRUETO ','PLAZA','21087133-0','--','SEBASTIÁN ALEJANDRO',280,22),(980,'BEROÍZA','MOYA','21207479-9','--','GIOVANNI JAVIER',280,22),(981,'CONTRERAS','ROMERO','21041629-3','--','DARLING ALEJANDRA',280,22),(982,'DÍAZ ','NAVARRETE','21153853-8','--','LUIS ANTONIO',280,22),(983,'GALDAME','BAEZA','21087549-2','--','NICOLÁS ANTONIO',280,22),(984,'GALDAME','LOYOLA','20964787-7','--','BRAYAN ALEXIS',280,22),(985,'GONZÁLEZ ','OÑATE','20570398-5','--','BELÉN IGNACIA',280,22),(986,'HERNÁNDEZ','HENRÍQUEZ','20955195-0','--','JUANA ELISA',280,22),(987,'HERNÁNDEZ','PÉREZ','21073421-K','--','CONSTANZA JAVIERA',280,22),(988,'HORMAZÁBAL','LUNA','21094132-0','--','CAMILA FRANCISCA',280,22),(989,'MANRÍQUEZ','YOVANOVICH','21149990-7','--','MATÍAS FABIÁN',280,22),(990,'MOLINA','SEPÚLVEDA','21084279-9','--','CAROLINA DEL CARMEN',280,22),(991,'MOYA','JAQUE','20570413-2','--','CRISTIAN ESTEBAN',280,22),(992,'ORTEGA','ARELLANO','21062244-6','--','ESTEBAN ANTONIO',280,22),(993,'PARRA','PARDO','20570293-8','--','BRAYAN ALEJANDRO',280,22),(994,'RODRÍGUEZ','GARRIDO','21256242-4','--','PATRICIA CAROLINA',280,22),(995,'SALGADO','CONTRERAS','21040855-K','--','NICOLÁS GUILLERMO',280,22),(996,'SALGADO','VÁSQUEZ','21219829-3','--','SEBASTIÁN BENJAMÍN',280,22),(997,'TORRES','CHAMORRO','21093901-6','--','CRISTIFER ANDRÉS',280,22),(998,'VALENZUELA','INOSTROZA','21125366-5','--','FERNANDA ANTONIA',280,22),(999,'VEGA','PÉREZ','21042933-6','--','JOSÉ ANGEL',280,22),(1000,'VILLALOBOS','HENRÍQUEZ','21255970-9','--','MATÍAS NICOLÁS',280,22),(1001,'VILLARROEL','MEZA','20983279-8','--','NICOLÁS ESTEBAN',280,22),(1002,'YÁÑEZ','MUENA','21068625-8','--','MATÍAS ANDRÉS',280,22),(1003,'AGURTO','MOUCHET','20570488-4','--','ASTRID CONSTANZA',281,22),(1004,'ALCAÍNO','VALDEBENITO','20996214-4','--','JOSEFINA IGNACIA',281,22),(1005,'BARRIOS','FUENTES','20998672-8','--','CATALINA ALEJANDRA',281,22),(1006,'BASTÍAS','QUEZADA','20963297-7','--','CARLOS ANDRÉS',281,22),(1007,'CASTILLO','CHAMORRO','20989134-4','--','ROCÍO BELÉN',281,22),(1008,'ESPINOSA','ORTEGA','20998066-5','--','ABRAHAM IGNACIO',281,22),(1009,'ESPINOSA','VÁSQUEZ','20962937-2','--','TAMARA CONSTANZA',281,22),(1010,'FLORES','PÉREZ','21040168-7','--','HERNÁN ANDRÉS',281,22),(1011,'HERRERA ','PEREIRA','20951154-1','--','PAZ BELÉN',281,22),(1012,'MEZA','FUENTES','20950025-6','--','MIGUEL ANGEL',281,22),(1013,'MORALES','AYALA','20914451-4','--','ABIGAIL ESTHER',281,22),(1014,'MUÑOZ','CÁCERES','21008260-3','--','PAULA FERNANDA',281,22),(1015,'PÉREZ','JARA','21000652-4','--','VICENTE ANDRÉS',281,22),(1016,'PÉREZ','SALGADO','20940046-4','--','PAULINA ANDREA',281,22),(1017,'REYES','ARRIAGADA','20951098-7','--','PAZ BELÉN',281,22),(1018,'RÍOS','RÍOS','20969205-8','--','ISABELLA ANDREA',281,22),(1019,'RODRÍGUEZ','VILLEGAS','20877119-1','--','GENARO ALEJANDRO',281,22),(1020,'TORRES ','ARAVENA','20971930-4','--','PABLO ALEJANDRO',281,22),(1021,'TORRES','RIVAS','20946389-K','--','SOLANGE NATALY',281,22),(1022,'YÁÑEZ','SEPÚLVEDA','20951510-5','--','BENJAMÍN IGNACIO',281,22),(1023,'ALARCÓN','AGURTO','20877086-1','--','TABITA ESTHER',282,22),(1024,'APABLAZA','VEGA','20938072-2','--','JAISON BRAYAN',282,22),(1025,'BALLADARES','ABARZA','20877091-8','--','DUVÁN IGNACIO',282,22),(1026,'ESCALONA','PEREIRA','20877004-7','--','MARIO GERMÁN',282,22),(1027,'GAETE','CARRASCO','20570029-3','--','FELIPE ANDRÉS',282,22),(1028,'GUTIÉRREZ','ESPINOZA','20570500-7','--','REINALDO AARON',282,22),(1029,'IBAÑEZ','RETAMAL','20640999-1','--','FRANCISCA JAVIERA',282,22),(1030,'JERIA ','RETAMAL','20917132-5','--','VALENTINA PAZ',282,22),(1031,'LEAL','GUTIÉRREZ','20951074-k','--','FRANCISCO ALEJANDRO',282,22),(1032,'MARAMBIO','CONTRERAS','20569868-k','--','EMANUEL JESÚS',282,22),(1033,'MENA','GONZÁLEZ','20877090-k','--','JULIANA DEL PILAR',282,22),(1034,'MERINO','OPAZO','20992095-6','--','MATÍAS IGNACIO',282,22),(1035,'MUÑOZ','SÁEZ','20570376-4','--','PAOLA MILLARAY',282,22),(1036,'RECABAL','SAGREDO','20570281-4','--','JAVIERA IGNACIA',282,22),(1037,'RECABARREN','ARAVENA','20570463-9','--','ARACELY BELÉN',282,22),(1038,'RIOS','MORAGA','20914695-9','--','MARCELO ANDRÉS',282,22),(1039,'RIVAS','SILVA','20877061-6','--','FELIPE IGNACIO',282,22),(1040,'SEPÚLVEDA','ROJAS','20570477-9','--','IVÁN ANTONIO',282,22),(1041,'SILVA','CONTRERAS','20877035-7','--','ALVARO ANDRÉS',282,22),(1042,'VEGA','MUÑOZ','20915273-8','--','CAMILA IGNACIA',282,22),(1043,'AGURTO','DÍAZ','20570239-3','--','NICOLÁS ANTONIO',283,22),(1044,'ALARCÓN','TORRES','20570298-9','--','NAYARET NOELIA',283,22),(1045,'BUSTOS','BUSTOS','20570182-6','--','KEVIN MATÍAS',283,22),(1046,'ESPINAZA','TORRES','20569854-k','--','YORDI ANTONIO',283,22),(1047,'JARA','ALARCÓN ','20570270-9','--','CLAUDIA VALESCA',283,22),(1048,'LEÓN','ROSALES','20569876-0','--','IGNACIO SEBASTIÁN',283,22),(1049,'MORAGA','UGARTE','20569834-5','--','LESLY ARACELY',283,22),(1050,'PEÑAILILLO','PEÑAILILLO','20274142-8','--','ALEJANDRO ANDRÉS',283,22),(1051,'SUMARAN','BALBOA','20229847-8','--','NAYARETH MURIEL',283,22),(1052,'VERA','SEPÚLVEDA','20570345-4','--','JOSÉ ANTONIO',283,22),(1053,'YÉVENES','SEGURA','20569899-k','--','CAMILA ALEJANDRA',283,22),(1054,'ABARCA','SILVA','20393204-9','--','DIEGO ANDRÉS',284,22),(1055,'ALVEAR','SANDOVAL','20569813-2','--','IGNACIA MACARENA',284,22),(1056,'ESQUIVEL','MUENA','20569823-k','--','FABIÁN EDUARDO',284,22),(1057,'IRRIBARRA','ASTUDILLO','20274006-5','--','SEBASTIÁN ALEXIS',284,22),(1058,'MORAGA','COLOMA ','20569785-3','--','BRIAN ALEJANDRO',284,22),(1059,'MOUCHET','IBAÑEZ','20273888-5','--','KAREN JULIANA',284,22),(1060,'OSORES','PRADENA','20570075-7','--','ESTEBAN HUMBERTO',284,22),(1061,'QUILODRÁN','SIERRA','19939082-1','--','CAMILA PILAR',284,22),(1062,'RETAMAL','ORELLANA','20570072-2','--','JOAQUÍN IGNACIO',284,22),(1063,'RIQUELME','MORENO','20569764-0','--','NATALIA ANDREA',284,22),(1064,'TEJO','MENA','20569805-1','--','KARINA BELÉN',284,22),(1065,'TORRES','CAPURRO','20537191-5','--','JOSÉ IGNACIO',284,22),(1066,'VÁSQUEZ','CARRASCO','20224561-7','--','FERNANDO NICOLÁS',284,22),(1067,'YAÑEZ','VÁSQUEZ','20562807-k','--','CRISTIAN ALFREDO',284,22),(4032,'VILLARROEL','VILLARROEL','21115964-2','---','DANIELA PAZ',388,25),(4033,'ARELLANO','MOLINA','20998495-4','---','BENJAMÍN IGNACIO',389,25),(4027,'RETAMAL','ESCALONA','21042738-4','---','JORGE ANTONIO',388,25),(4028,'RETAMAL','RETAMAL','21094170-3','---','FELIPE IGNACIO',388,25),(4030,'TORRES','CANCINO','21190792-4','---','ANGELA GABRIELA',388,25),(4031,'VEGA','FUENTES','21086588-8','---','CRISTOPHER ANDRÉS',388,25),(3838,'VILLENAS','MUÑOZ','21075918-2','--','BRANDON ALONSO',373,32),(3839,'ALVIAL','CONSTANZO','21193605-3','--','DANIELA BELÉN',373,32),(3840,'CANALES','MATUS','21353793-8','--','FELIPE ALFONSO',373,32),(3841,'ALVARES','MUÑOZ','20993436-1','--','TOMÁS ALEJANDRO',374,32),(3842,'APABLAZA','VERA','20949780-8','--','VANESA ALEJANDRA',374,32),(3843,'MUÑOZ','POBLETE','20836045-0','--','SEBASTIÁN ANTONIO',374,32),(3844,'NAVARRETE','VALLADARES','20972851-6','--','ABIGAIL DEL CARMEN',374,32),(3845,'NEIRA','RETAMAL','20987507-1','--','ARACELY BELÉN',374,32),(3846,'PRADENAS','MATUS','20980543-K','--','EUSEBIO EDUARDO',374,32),(3847,'CAMPOS','CHANDÍA','19991118-K','--','MARIO ALEXIS',374,32),(3848,'AQUEVEQUE','VERDUGO','19877405-7','--','YARELA STEFANNY',374,32),(3849,'AGURTO','CORTÉS','20570135-4','--','JOSÉ LUIS ANTONIO',375,32),(3850,'AGURTO','VEGA','20273896-6','--','BÁRBARA ALEJANDRA',375,32),(3851,'GUTIÉRREZ','PÉREZ','20570255-5','--','ROSARIO JESÚS',375,32),(3852,'JAQUE','KARSTULOVIC','20569951-1','--','ILIR ALEJANDRA DE LAS ROSAS',375,32),(3853,'NAVARRETE','INOSTROZA','20274239-4','--','LEODAN ENRIQUE',375,32),(3854,'OBREGÓN','VÁSQUEZ','20569798-5','--','CAMILA PAZ',375,32),(3855,'PALMA','VEGA','20570391-8','--','JOAQUÍN ALFREDO',375,32),(3856,'CALDERÓN','CALDERÓN','19991057-4','--','MALVINA YASMÍN',375,32),(3857,'CORNEJO','BASTÍAS','20419294-4','--','NINOSKA ANTONIA',375,32),(3858,'LASTRA','RÍOS','20651140-0','--','MACARENA DEL CARMEN',375,32),(3859,'MAUREIRA','CASTILLO','19990654-2','--','HÉCTOR ENRIQUE',375,32),(3912,'AYALA','LEAL','20570475-2','--','LUIS JOEL',382,33),(3913,'COFRÉ','PÉREZ','20963099-0','--','CAMILA ZOE',382,33),(3914,'FLORES','DÍAZ','20962628-4','--','SEBASTIÁN EUGENIO',382,33),(3915,'MUÑOZ','ALVEAR','20570104-4','--','JAVIER ANTONIO',382,33),(3916,'MUÑOZ','ESPINOZA','20570167-2','--','ROSALINDA ANDREA',382,33),(3917,'SUAZO','ARAVENA','20975709-5','--','FERNANDA CATALINA',382,33),(3918,'SUAZO','SUAZO','21004758-1','--','MATÍAS BASTIÁN',382,33),(3919,'TORRES','DÍAZ','20877026-8','--','GRACIELA ANTONIA',382,33),(3920,'SÁNCHEZ','RECABARREN','20588796-2','--','ALEJANDRA PÍA',382,33),(3921,'SALAZAR','SALAS','20782423-2','--','DANIELA ALEJANDRA',382,33),(3922,'BUSTOS','TORRES','20877008-K','--','CRISTIAN DAMIÁN',382,33),(3923,'ANDRADE','RECABARREN','20570112-5','--','JONATHAN ELÍAS',383,33),(3924,'BAEZ','MUÑOZ','20569863-9','--','DILAN ANDRÉS',383,33),(3925,'GATICA','TORRES','20570407-8','--','NAYELI ALEJANDRA',383,33),(3926,'GUTIÉRREZ','ARAVENA','20274076-6','--','PATRICIA ALEJANDRA',383,33),(3927,'HORMAZÁBAL','DÍAZ','20569818-3','--','HUGO ALEJANDRO',383,33),(3928,'MANRÍQUEZ','TORRES','20570119-2','--','ROCÍO BELÉN',383,33),(3929,'MIRANDA','LABRA','20273639-4','--','MARTÍN ALEJANDRO',383,33),(3930,'MUÑOZ','MOLINA','20570080-3','--','BÁRBARA DANIELA',383,33),(3931,'ORELLANA','MUÑOZ','19767202-1','--','TEXIA ALEJANDRA',383,33),(3932,'VEGA','SUAZO','20570409-4','--','ROSA ELENA',383,33),(3933,'CHAMORRO','SOTOMAYOR','20274033-2','--','JAVIERA ALEJANDRA',383,33),(5208,'URRA','ESCALONA','21948980-3','---','ANAIS DEL PILAR',386,25),(5209,'VEGA','TORRES','21723249-K','---','ENIGER MILLARAY',386,25),(3984,'AGURTO ','SUAZO','21917486-1','---','MARÍA JOSÉ',387,25),(3985,'ARAVENA','GONZÁLEZ','21409699-4','---','SANDRA DEL PILAR',387,25),(3986,'BUENO','MUÑOZ','21620893-5','---','ROMINA JAEL MAGDALENA',387,25),(3987,'CÁCERES','ARANEDA','21726793-5','---','ADÁN BENJAMÍN',387,25),(3988,'CÁCERES','PALMA','21655018-8','---','VALESKA NALLELY',387,25),(3989,'CANALES','MÉNDEZ','21861395-0','---','JAVIER IGNACIO',387,25),(3990,'FLORES','RAIN','21040538-0','---','JESÚS ANTONIO',387,25),(3991,'GALLARDO','AYALA','21634763-3','---','ALEXANDRO ISMAEL',387,25),(3992,'GARCÍA','MUÑOZ','21666083-8','---','ANAÍS ANTONELLA',387,25),(3993,'HERRERA','MUÑOZ','21632381-5','---','MAXIMILIANO ANTONIO',387,25),(3994,'HERRERA','MUÑOZ','21632401-3','---','SILVANO ALEJANDRO',387,25),(3995,'HORMAZÁBAL','LEFIMIL','21635436-2','---','MATÍAS AARON',387,25),(3996,'LEÓN ','MUÑOZ','21698485-4','---','VALENTINA ALEJANDRA',387,25),(3997,'MALDONADO','PEREIRA','21662789-K','---','FLORENCIA',387,25),(3998,'MELÉNDEZ','MATAMALA','20991792-0','---','AILYN DINA',387,25),(3999,'MORAGA','FUENTES','21414049-7','---','MATÍAS IGNACIO',387,25),(4000,'PÉREZ','BUSTAMANTE','21650508-5','---','YENIFER ALEXANDRA',387,25),(4001,'PÉREZ','ROSALES','21649226-9','---','JAVIERA VALENTINA',387,25),(4002,'ROMERO','ANRÍQUEZ','21694428-3','---','FERNANDA ANTONIA',387,25),(4003,'SALGADO','MUÑOZ','21821885-7','---','MAXIMILIANO IVAN',387,25),(4004,'SANHUEZA','PARDO','21545936-5','---','PAMELA ELIZABETH',387,25),(4005,'SEPÚLVEDA','LAGOS','21622825-1','---','BENJAMÍN ELISEO',387,25),(4006,'VALDEBENITO','HERNANDEZ','21767832-3','---','ELVIS',387,25),(4007,'VENEGAS','OPAZO','21660526-8','---','ROGER ANDRÉS',387,25),(4008,'VILLEGAS','FLÁNDEZ','21759532-0','---','DANAHE JAEL',387,25),(4009,'YÁÑEZ','GONZÁLEZ','21818469-3','---','GONZALO IGNACIO',387,25),(4010,'AGUILERA','AQUEVEQUE','20876990-1','---','JOSUE HUMBERTO',388,25),(4011,'ANDRADES','OVALLE','21383876-8','---','KARLA ANDREA',388,25),(4012,'ARANCIBIA','MUÑOZ','20947934-6','---','RUBÉN JESÚS',388,25),(4013,'ARAVENA','MANRÍQUEZ','21254247-4','---','YANINA DANAE',388,25),(4014,'ARRIAGADA','APABLAZA','21430026-5','---','KAREN ANDREA',388,25),(4015,'ÁVILA','VÁSQUEZ','21142158-4','---','JOSÉ JULIÁN',388,25),(4016,'CASTILLO','LARA','21469538-3','---','MONSERRAT ALEJANDRA',388,25),(4017,'DÍAZ','PEREIRA','21020138-6','---','JORDÁN ALEXANDAR',388,25),(4018,'DOMÍNGUEZ','MUÑOZ','21351206-4','---','TANIA ALEJANDRA',388,25),(4019,'GARRIDO','REYES','21233294-1','---','DIEGO ENRIQUE',388,25),(4020,'HENRÍQUEZ','OLIVOS','21588594-1','---','SCARLETH ANDREA',388,25),(4021,'LAGOS','ANDAUR','21573965-1','---','YARITZA SOLEDAD',388,25),(4022,'LÓPEZ','GATICA','20925978-8','---','ANABELA BELÉN',388,25),(4023,'MEZA','ARAVENA','21583361-5','---','CRISTIAN ANDRÉS',388,25),(4024,'MUENA','HORMAZÁBAL','21078707-0','---','JESSICA ALEJANDRA',388,25),(4025,'MUÑOZ','DONOSO','20945346-0','---','SERGIO IGNACIO',388,25),(4026,'PÉREZ','VERA','21438945-2','---','MARCELO ESTEBAN',388,25),(4143,'gallardo','muñoz','22610828-9','--','benjamín humberto',423,27),(4144,'garcía','aravena','22657543-K','--','rocío andrea',423,27),(4145,'garcía','pérez','22660833-8','--','yasna josefa liced',423,27),(4146,'gonzález','torres','22744861-K','--','luz magdalena',423,27),(4147,'gutiérrez','letelier','22704244-3','--','martín felipe',423,27),(4148,'henríquez','alarcón','22662655-7','--','javiera catalina',423,27),(4149,'hormazábal','peñailillo','22705683-5','--','paz martina',423,27),(4150,'león','león','22636887-6','--','tomás ignacio',423,27),(4151,'lópez','rivas','22641285-9','--','priscila scarlet',423,27),(4152,'martínez','díaz','22564423-3','--','robert antonio',423,27),(4153,'molina','canales','22548825-8','--','jeremy dilan',423,27),(4154,'orellana','vargas','22539824-0','--','martín alberto',423,27),(4155,'osores','velozo','22702868-8','--','francisca constanza',423,27),(4092,'SALAS','ROCHA','20947031-4','---','MARCELO JOSE MIGUEL',390,25),(4093,'SOTO','SÁNCHEZ','20965072-K','---','CRISTIAN ALEJANDRO',390,25),(4091,'RUBIO ','GALDAME','20570426-4','---','CAMILA RAFAELA',390,25),(4088,'QUINTANA','YÉVENES','20971770-0','---','FERNANDA',390,25),(4089,'RIVAS','FRITZ','20876997-9','---','MARTIN ADÁN',390,25),(4090,'RIVAS','VÁSQUEZ','20570128-1','---','NATALIA ESTEFANÍA',390,25),(4085,'PÉREZ','VILLARROEL','20886599-4','---','CAROLINA ALEXANDRA',390,25),(4086,'QUINTANA','ÁVILA','20570276-8','---','MARÍA DE LOS ANGELES',390,25),(4087,'QUINTANA','DÍAZ','21063368-5','---','CONSTANZA PRISCILA',390,25),(4072,'CHAPARRO','BUENO','20877023-3','---','FRANCISCA ANDREA',390,25),(4073,'DÍAZ','NORAMBUENA','20877122-1','---','DIEGO ALEJANDRO',390,25),(4074,'DURÁN ','CORTÉS','20972679-3','---','CRISTOFER ANDRÉS',390,25),(4075,'GAJARDO','MARTÍNEZ','21027213-5','---','ELIANA BEATRIZ',390,25),(4076,'GALLARDO','AYALA','20877126-4','---','LEANDRO FRANCHESCOLY',390,25),(4077,'INOSTROZA','RAMOS','20876987-1','---','BENJAMÍN ESTEBAN',390,25),(4078,'IRIBARRA','ARAVENA','20877058-6','---','JENNIFER ROSÍO',390,25),(4079,'LARA','AYALA','20954210-2','---','LORETO ANDREA',390,25),(4080,'LEÓN ','CASTILLO','20964255-7','---','VICTORIA SARAI',390,25),(4081,'MINCHEL','GARCÍA','21012171-4','---','JORGE ANDRÉS',390,25),(4082,'MUÑOZ','ARAVENA','20570483-3','---','JAVIERA BELÉN',390,25),(4083,'MUÑOZ','CORREA','20915924-4','---','BRAYAN ANTONIO',390,25),(4084,'PÉREZ','AMIGO','20569999-6','---','CRISTOPHER ALEXANDER',390,25),(4069,'ARIAS','RÍOS','21040543-7','---','DAMKA KARIN',390,25),(4070,'BALBOA','VALLADARES','20273911-3','---','MATÍAS NICOLÁS',390,25),(4071,'CAMPOS','MUÑOZ','20996777-4','---','RICARDO AUGUSTO',390,25),(4068,'ARAVENA','BARRUETO','20877006-3','---','JUAN ANDRÉS',390,25),(4067,'ZAMORA','LEÓN','21277992-K','---','NICOLE ANDREA',389,25),(4066,'VILLEGAS','OPAZO','21301987-2','---','ANABEL ESPERANZA',389,25),(4065,'VERGARA','ARELLANO','21331036-4','---','JORDÁN IGNACIO',389,25),(4062,'ROJAS','LÓPEZ','21134854-2','---','VALENTINA MONSERRAT',389,25),(4063,'SALGADO','SÁNCHEZ','21155646-3','---','CAROL VALESCA',389,25),(4064,'SÁNCHEZ','PÉREZ','21284688-0','---','SOLANGE ALEJANDRA',389,25),(4038,'CORTÉS','PÉREZ','21021810-6','---','FRANCISCO JAVIER',389,25),(4039,'DÍAZ','DÍAZ','20965858-5','---','BENJAMÍN ALEXANDER',389,25),(4040,'DÍAZ','HENRÍQUEZ','21306959-4','---','LUIS ANDRÉS',389,25),(4041,'FLORES','CANCINO','21401285-5','---','NICOLÁS ALEJANDRO',389,25),(4042,'FUENTES','HERNÁNDEZ','21306874-1','---','JOAQUÍN IGNACIO',389,25),(4043,'FUENTES','QUECHUYANTE','21076574-3','---','MARTA SOLANGE',389,25),(4044,'GAETE','CHAMORRO','21012680-5','---','MICHEL ANDRÉS',389,25),(4045,'GONZÁLEZ','PEÑAILILLO','21144845-8','---','DANIEL SEBASTIÁN',389,25),(4046,'HERRERA','MUÑOZ','21145348-6','---','JUAN MANUEL',389,25),(4047,'HORMAZÁBAL','MIRANDA','20767304-8','---','JAVIERA DENISE',389,25),(4048,'ITURRA','APABLAZA','21258737-0','---','PEDRO DOMINGO',389,25),(4049,'JARA','PÉREZ','21059638-0','---','FERNANDA ANDREA',389,25),(4050,'JARA','PÉREZ','21059647-K','---','FERNANDA ANTONIA',389,25),(4051,'LARA','HENRÍQUEZ','21285166-3','---','RAMÓN ADÁN',389,25),(4052,'LEAL','LEAL','21216725-8','---','VIVIANA DEL CARMEN',389,25),(4053,'LEPE','GARCÍA','20569996-1','---','MARÍA VICTORIA',389,25),(4054,'LILLO','GARCÍA','21079632-0','---','MAXIMILIANO ANTONIO',389,25),(4055,'LUNA','MUÑOZ','21213643-3','---','RAMÓN CRISOSTO',389,25),(4056,'MORALES','PARRA','21294697-4','---','DANIELA ANDREA',389,25),(4057,'MUÑOZ','MUÑOZ','20922589-1','---','ELISA SOLEDAD',389,25),(4058,'PÉREZ','GALLARDO','20452991-4','---','DIEGO IGNACIO',389,25),(4059,'PINO','LEÓN','21149014-4','---','MARÍA IGNACIA',389,25),(4060,'RIQUELME','MUÑOZ','20570339-K','---','FRANCISCO ISRRAEL',389,25),(4061,'ROJAS','LÓPEZ','20570478-7','---','MARTÍN IGNACIO',389,25),(4156,'pacheco','salgado','22469598-5','--','bárbara del carmen',423,27),(5200,'MARTÍNEZ','VELOZO','22064204-6','---','ROBERTO JAVIER ALEXIS',386,25),(5197,'GONZÁLEZ','CANALES','21915168-3','---','NICOLÁS IGNACIO',386,25),(3960,'SOTO','SÁNCHEZ','22161250-7','---','CARLA ANTONIA',385,25),(3961,'VEGA','FUENTES','22409445-0','---','YULIANA ANAÍS',385,25),(3962,'VEGA','TORRES','22204264-K','---','CHRISTIAN GABRIEL',385,25),(3935,'ARAVENA','PLAZA','22513081-7','---','JAVIERA ANDREA',384,25),(3936,'BUENO','CANCINO','22528128-9','---','FERNANDA LISSETTE',384,25),(3937,'CANCINO','VALDÉS','22485549-4','---','ELISABETH FRANCISCA',384,25),(3938,'FUENZALIDA','PALMA','22632186-1','---','ALEX MANUEL',384,25),(4135,'casanova','cortés','22564574-4','--','marcela ignacia',423,27),(4136,'castillo','vásquez','22021190-8','--','juan jose arturo',423,27),(4137,'castro','quintana','22710492-9','--','angela anahis',423,27),(4138,'concha','aravena','22561302-8','--','esteban fernando',423,27),(4139,'díaz','canales','22540775-4','--','jonathan andrés',423,27),(4140,'durán','bustos','22474434-K','--','fabián esteban',423,27),(4141,'espinosa','cisternas','22546560-6','--','anahi isabela',423,27),(4142,'gaete','salazar','22467615-8','--','damaris belen',423,27),(4131,'apablaza','letelier','22738913-3','--','benjamín  ernesto',423,27),(4132,'baeza','mora','22566832-9','--','javier abraham',423,27),(4133,'canto','yáñez','22541492-0','--','claudio osvaldo',423,27),(4134,'caro','bustos','22735478-K','--','maximiliano alejandro',423,27),(5201,'MUÑOZ','VÁSQUEZ','22003655-3','---','MÓNICA YAMILETH',386,25),(5199,'LARA','HENRÍQUEZ','21936852-6','---','MATÍAS ANDRÉS',386,25),(5196,'FUENZALIDA','PALMA','22141256-7','---','ANGEL NICOLÁS',386,25),(3963,'VERGARA','ARELLANO','22257924-4','---','VALENTINA DENISSE',385,25),(5190,'AGUILERA','AQUEVEQUE','21692177-1','---','MACARENA IGNACIA',386,25),(5191,'CAMPOS','RÍOS','22060837-9','---','LICARAYEN ANDREA',386,25),(5192,'CANALES','RETAMAL','21893772-1','---','CATALINA BELÉN',386,25),(3939,'GUTIÉRREZ','MUÑOZ','22232310-K','---','BASTIÁN ALEJANDRO',384,25),(3940,'HORMAZÁBAL','PÉREZ','22647524-9','---','NELY EULALIA',384,25),(3941,'LÓPEZ','HERNÁNDEZ','22234392-5','---','ANASTACIA ABIGAIL',384,25),(3942,'MUENA','HORMAZÁBAL','22500393-9','---','JOAQUÍN OSVALDO',384,25),(3943,'RAMOS','SALGADO','22615249-0','---','FRANCISCA AYMARA',384,25),(3944,'SANDOVAL','MUÑOZ','22651339-6','---','FREDY PATRICIO',384,25),(3945,'ALVEAR','LARA','22237803-6','---','JAVIERA IGNACIA',385,25),(3946,'ANRÍQUEZ','VILLARROEL','22361788-3','---','MARCELO IGNACIO',385,25),(3947,'BUSTAMANTE','ORMEÑO','22358690-2','---','PÍA ALEJANDRA',385,25),(3948,'CARRASCO','CASTRO','22270394-8','---','FERNANDA ANTONIA',385,25),(3949,'CASTILLO','SÁNCHEZ','22133930-4','---','LUZ MARÍA',385,25),(3950,'CHAPARRO','BUENO','22182778-3','---','BENJAMÍN IGNACIO',385,25),(3951,'HENRÍQUEZ','CANCINO','22302625-7','---','IGNACIO BENJAMÍN',385,25),(3952,'HENRÍQUEZ','OSORES','22279634-2','---','FRANCISCO JAVIER',385,25),(3953,'HENRÍQUEZ','ROLDÁN','22311718-K','---','MIGUEL ANGEL',385,25),(3954,'IRIBARRA','ARAVENA','22329521-5','---','ISABEL BERNARDITA',385,25),(3955,'LÓPEZ','LEAL','22294827-4','---','IRIS DEL PILAR',385,25),(3956,'MEDEL','PARDO','22256611-8','---','MARTA LAURA',385,25),(3957,'REYES','LUNA','22369279-6','---','SOFIA MONSERRAT',385,25),(3958,'RUIZ','BUSTOS','22392855-2','---','ISIDORA BELÉN',385,25),(3959,'SEPÚLVEDA','BUSTOS','22314424-1','---','JONATHAN PATRICIO',385,25),(3911,'ALARCÓN','HERNÁNDEZ','21029430-9','--','DEISY CAROLINA',382,33),(3903,'BUSTOS','SEGURA','21308656-1','--','CONSTANZA ANDREA',381,33),(3904,'CANDIA','CANDIA','21070389-6','--','BASTIÁN NICOLÁS',381,33),(5207,'TORRES','GARCÍA','21948867-K','---','VALESKA DEL PILAR',386,25),(5202,'PEREIRA','RETAMAL ','21633864-2','---','GRETCHEN HAIDÉE',386,25),(5203,'PÉREZ','GALLARDO','21911074-K','---','VALESKA SOLEDAD',386,25),(5204,'SALGADO','ARAVENA','21900659-4','---','ABRAHAM ISAC',386,25),(5205,'SEPÚLVEDA','LAGOS','22017990-7','---','CATALINA ANDREA',386,25),(5206,'TORRES','ANDRADES ','21988822-8','---','MANUEL IGNACIO',386,25),(3907,'MIRANDA','LABRA','21089640-6','--','JOSÉ ABELARDO',381,33),(3905,'HENRÍQUEZ','MALDONADO','21265767-0','--','KARLA DANIELA',381,33),(3906,'MENDOZA','SUAZO','21151218-0','--','CAROLINA ANDREA',381,33),(3901,'ANDRADE','RECABARREN','21078828-K','--','BASTIÁN NATANAEL',381,33),(3902,'BAEZ','MUÑOZ','21214611-0','--','CRISTOFER ANTONIO',381,33),(3886,'BAEZ','HORMAZÁBAL','21691255-1','--','HÉCTOR ADÁN',379,33),(3887,'ALVEAR','RIVAS','21529320-3','--','CONSUELO DE LOS ANGELES',380,33),(3888,'ARAVENA','BUSTOS','21357145-1','--','CATALINA ANDREA',380,33),(3889,'CANDIA','LEÓN','21556473-8','--','JAVIERA ANTONIA',380,33),(3890,'COLOMA','VEGA','21496016-8','--','LUIS DIEGO',380,33),(3891,'GUEVARA','URRA','21585746-8','--','FERNANDA VALENTINA',380,33),(3892,'HORMAZÁBAL','LUNA','21093827-3','--','FELIPE ANTONIO',380,33),(3893,'LEIVA','RAVANAL','21445191-3','--','FERNANDA BEATRIZ',380,33),(3881,'RIVAS','MUENA','21707736-2','--','PATRICIA MARICELA',378,33),(3882,'BUSTOS','CANALES','21715632-7','--','VALERIA BELÉN',379,33),(3883,'LEÓN','VÁSQUEZ','21633049-8','--','LUCAS ESTEBAN',379,33),(3884,'MARQUEZ','RIFFO','21623386-7','--','ELIZA FLORENCIA',379,33),(3885,'ALVEAR','GUTIÉRREZ','21613185-1','--','KRISTEL MARÍA',379,33),(3064,'ROSALES','GONZALEZ','21792265-8','---','ALEXIS PATRICIO',336,46),(3908,'SOTO','ALISTE','21307723-6','--','MINUSKA NAZARETH',381,33),(3066,'ALMENDRAS','PINEDA','21781306-9','---','BRYAN  ANDRES',336,46),(3909,'ALARCÓN','FERRADA','20958968-0','--','YASMÍN ANGÉLICA',382,33),(3910,'ALARCÓN','FRITZ','21006083-9','--','GLADYS ESTER',382,33),(3894,'PÉREZ','ARAVENA','21084849-5','--','LUIS EDUARDO',380,33),(3895,'SALGADO','LEÓN','21461982-2','--','MACARENA ANDREA',380,33),(3896,'SUAZO','HORMAZÁBAL','21548027-5','--','LUCERO AKIRA DE LOS ANGELES',380,33),(3897,'OSES','TORRES','20877014-4','--','JAVIERA JOSEFINA',381,33),(3898,'SUAZO','HORMAZÁBAL','21156342-7','--','MAGDALENA NOEMÍ',381,33),(3899,'TORRES','RIVAS','21161737-3','--','SEBASTIÁN ALEJANDRO',381,33),(3900,'VEGA','ALARCÓN','21216357-0','--','JOSÉ JULIÁN',381,33),(3860,'BREVIS','TORRES','22587520-0','--','MAITE ALEJANDRA',376,33),(3861,'CANDIA','LEÓN','22737765-8','--','ÁLVARO MANUEL ANTONIO',376,33),(3862,'LEÓN','VÁSQUEZ','22633454-8','--','TATIANA ESTEFANI',376,33),(3863,'ROJAS','HORMAZÁBAL','22609040-1','--','PABLO ANDRÉS',376,33),(3864,'YÉVENES','ALDANA','22476774-9','--','KATIA ANAÍS',376,33),(3865,'ANDRADE','MUENA','22687162-4','--','VÍCTOR IGNACIO',376,33),(3866,'RIVAS','MUENA','22578593-7','--','ANÍBAL SEBASTIÁN',376,33),(3867,'AVILÉS','DÍAZ','22239110-5','--','ANDREA PASCALLE',377,33),(3868,'AYALA','RIVAS','22166610-0','--','LISSET NOEMY',377,33),(3869,'CANDIA','CANDIA','22271402-8','--','CRISTELL ANTONELLA',377,33),(3870,'LÉPEZ','VARAS','22428413-6','--','KATALINA STEFANIA',377,33),(3871,'MOLINA','TORRES','22377586-1','--','VICENTE IGNACIO',377,33),(3872,'MUÑOZ','ALVEAR','22324913-2','--','VALENTINA ANTONIA',377,33),(3873,'PEÑA','BUSTOS','22354387-1','--','MARÍA ALEJANDRA',377,33),(3874,'ROJAS','MORA','22346156-5','--','BÁRBARA VICTORIA',377,33),(3875,'SEGURA','PÉREZ','22337365-8','--','NICOL ANDREA',377,33),(3876,'TORRES','RIVAS','22249879-1','--','JUAN DAVID',377,33),(3877,'VERA','ALVEAR','22396844-9','--','NICOLÁS ALEJANDRO',377,33),(3878,'ALARCÓN','LEAL','21902624-2','--','FELIPE EDUARDO',378,33),(3879,'PÉREZ','ARAVENA','22146178-9','--','MARCO SEBASTIÁN ANDRÉS',378,33),(3880,'SALGADO','MUÑOZ','22084774-8','--','JONATHAN BERNARDO ANDRES',378,33),(3803,'VÁSQUEZ','ESCOBAR','21967591-7','--','CAMILA IGNACIA',370,32),(3784,'LIZANA','FIGUEROA','22520682-1','--','FELIPE EDUARDO',368,32),(3785,'ARAVENA','MUÑOZ','22160235-8','--','CATALINA MONSERRAT',369,32),(3786,'BASCÚR','GUTIÉRREZ','22428419-5','--','JORGE ALONSO',369,32),(3787,'BETANCOURT','SALGADO','22358370-9','--','ALAN ALEJANDRO',369,32),(3788,'HERNANDEZ','ESPINOSA','22188701-8','--','MATHIAS IGNACIO',369,32),(3789,'MATUS','SALINAS','22310713-3','--','BASTIÁN ARMANDO',369,32),(3790,'MEDINA','ROJAS','22239750-2','--','ROMINA ALEJANDRA',369,32),(3791,'MORENO','MATUS','22187828-0','--','CARLOS YANKEE',369,32),(3792,'MUÑOZ','POBLETE','22219593-4','--','BENJAMÍN ALONSO',369,32),(3793,'PALMA','VEGA','22340722-6','--','MARIANA FERNANDA',369,32),(3794,'PÉREZ','VERA','22051405-6','--','JUAN DOMINGO',369,32),(3795,'RETAMAL','AGURTO','22175905-2','--','NICOLÁS IGNACIO',369,32),(3796,'ZAPATA','RIVAS','21376592-2','--','RENATO ANDRÉS',369,32),(3797,'HERNÁNDEZ','RAMOS','22366145-9','--','THIARE NAYARETH',369,32),(3798,'HERNÁNDEZ','RAMOS','22392816-1','--','YERALL RIGOBERTO',369,32),(3799,'MAUREIRA','RETAMAL','22222573-6','--','IGNACIO ANTONIO',369,32),(3800,'CONCHA','CANCINO','22057046-0','--','NATALIA ALEJANDRA',370,32),(3801,'CUADROS','HERNÁNDEZ','22023074-0','--','VALENTINA ANDREA',370,32),(3001,'PLAZA','AMAZA','22065435-4','---','PAOLA  ALEJANDRA',335,46),(3002,'PLAZA','AMAZA','22065369-2','---','PATRICIA  ELENA',335,46),(3003,'RIOS','RIOS','22036539-5','---','SEBASTIAN ALEJANDRO',335,46),(3004,'RIVAS','MIRANDA','21664910-9','---','LUIS  ESTEBAN',335,46),(3802,'LARA','FAÚNDEZ','22068741-4','--','VICENTE ANDRES',370,32),(3778,'VÁSQUEZ','ESCOBAR','22397616-6','--','CRISTHEL ALEXANDRA',368,32),(3779,'ALVIAL','CONSTANZO','22672919-4','--','ANTONELLA SIMONEI',368,32),(3780,'MATUS','SEPÚLVEDA','22632072-5','--','GONZALO ARIEL',368,32),(3781,'MORENO','MATUS','22487141-4','--','YANARA ANDREA',368,32),(3782,'VEGA','RIVAS','22479722-2','--','GABRIEL ALEXANDER',368,32),(3783,'RAMOS','CONTRERAS','22657061-6','--','MAGDALENA ANAÍS',368,32),(3000,'ORTIZ','SANDOVAL','22058893-9','---','ANTONELLA  CONSTANZA',335,46),(2999,'ORTIZ','SANCHEZ','22097628-9','---','JAVIER  ALEJANDRO',335,46),(2997,'MACAYA','ARELLANO','21995808-0','---','ELIZABETH  DEL  PILAR',335,46),(2998,'MORAGA','ANDRADES','20922628-6','---','SEBASTIAN  MANUEL',335,46),(2987,'ALARCON','FIGUEROA','22009407-3','---','NATALIA  BELEN',335,46),(2988,'ALTAMIRANO','CARREÑO','22000441-4','---','KEVIN  BASTIAN',335,46),(2989,'ALVEAR','ARIAS','22089754-0','---','MATIAS  IGNACIO',335,46),(2990,'ARAVENA','GONZALEZ','22057958-1','---','BENJAMIN  LEONARDO',335,46),(2991,'CHAMORRO','VALENZUELA','22001719-2','---','PAZ  BELN',335,46),(2992,'CHAMORRO','VALENZUELA','22001724-9','---','SEBASTIAN  ANTONIO',335,46),(2993,'CID','PARRA','22111959-2','---','GABRIELA  ANDREA',335,46),(2994,'FRIZ','OPAZO','21856750-9','---','ALEJANDRO  ANTONIO',335,46),(2995,'FRIZ','YAÑEZ','21964154-0','---','ISIDORA  DE LOS ANGELES',335,46),(2996,'JIMENEZ','GONZALEZ','22065561-K','---','LISETT  CONSTANZA',335,46),(4169,'vera','domínguez','22524010-8','--','francisca alexandra',423,27),(4170,'villalobos','raimán','22522055-7','--','conzuelo del pilar',423,27),(4171,'alarcón','hormazábal','22337968-0','--','isidora rayen',424,27),(4163,'recabal','lópez','22699239-1','--','mariela ignacia',423,27),(4164,'rodríguez','jara','22742296-3','--','emilia ignacia',423,27),(4165,'suazo','machuca','22472518-3','--','francisca anais',423,27),(4166,'tejo','amigo','22497701-8','--','rafael ignacio',423,27),(4167,'tejo','díaz','22529108-K','--','estefani silvana',423,27),(4168,'torres','meza','22708531-2','--','josé ariel',423,27),(4094,'TORRES','TORRES','20998801-1','---','PATRICIO GERARDO',390,25),(4095,'VALDÉS','ARENAS','20090384-6','---','DANIEL ALEJANDRO',390,25),(4096,'VEGA','TORRES','20629704-2','---','PABLO ANDRÉS DOMINGO',390,25),(4097,'AGURTO ','SUAZO','20273788-9','---','LISSETTE OLIVIA',391,25),(4098,'ANDRADES','GARCÍA','20090348-K','---','SEBASTIÁN ALEXIS',391,25),(4099,'ARAVENA','GALDAME','20569807-8','---','FERNANDA ANDREA',391,25),(4100,'CÁCERES','VÁSQUEZ','20570200-8','---','NANCY ALEJANDRA',391,25),(4101,'CANCINO','TORRES','20570037-4','---','MARÍA LORETO',391,25),(4102,'CORTÉS','ANDRADES','20273873-7','---','FRANCISCA JAVIERA',391,25),(4103,'DÍAZ','DOMÍNGUEZ','20569944-9','---','YESENIA CAROLINA',391,25),(4104,'ELGUETA','ESPINOSA','20294266-0','---','ROGELIO NICOLÁS',391,25),(4105,'FAÚNDEZ','AYALA','20273870-2','---','DANITZA ALEJANDRA',391,25),(4106,'FAÚNDEZ','MOLINA','20569986-4','---','KARINA MARIBEL',391,25),(4107,'FLORES','BRAVO','20570333-0','---','SCARLETTE MACARENA',391,25),(4108,'FLORES','PEREIRA','20294358-6','---','DANGELO ANDRÉS ',391,25),(4109,'GARCÍA','ARCE','20569749-7','---','FELIPE ANTONIO',391,25),(4110,'GUTIÉRREZ','RODRÍGUEZ','20569783-7','---','KRISHNA DOMINIC',391,25),(4111,'JARA','BASTÍAS','19987477-2','---','JOSÉ EDUARDO',391,25),(4112,'JARA','CÁCERES','20274230-0','---','VICTOR ESTEBAN',391,25),(4113,'LARA','PEREIRA','20714025-2','---','FELIPE ANDRÉS',391,25),(4114,'MENDOZA','MORALES','20273692-0','---','HELIA ANTONIETA',391,25),(4115,'MORAGA','TORRES','20273575-4','---','IGNACIO ANTONIO',391,25),(4116,'NORAMBUENA','BASCUÑAN','20520666-3','---','SEBASTIÁN',391,25),(4117,'PALMA','MOLINA','20090673-K','---','MARCELO IGNACIO',391,25),(4118,'PEÑAILILLO','PARRA','19987435-7','---','JUAN MANUEL',391,25),(4119,'PÉREZ','ROLDÁN','20570034-K','---','SEBASTIÁN ALEJANDRO',391,25),(4120,'PÉREZ','ROSALES','20569736-5','---','FRANCISCO JAVIER',391,25),(4121,'POZZO','LAGOS','19694254-8','---','NICOLÁS ANDRÉS',391,25),(4122,'RECABARREN','ALARCÓN','20570395-0','---','FRANCISCO IGNACIO',391,25),(4123,'SALAS','ROCHA','20350613-9','---','JAVIERA FERNANDA',391,25),(4124,'TORO','BERNAL','20363592-3','---','KRISHNA YUYUNIZ',391,25),(4125,'VARGAS','VILLEGAS','20273885-0','---','FRANCISCO JAVIER',391,25),(4126,'VEGA ','HENRÍQUEZ','20273741-2','---','JAVIERA SCARLETT',391,25),(4127,'VILLEGAS','PEREIRA','20569964-3','---','DIEGO SAÚL',391,25),(4128,'YÁÑEZ','LEAL','20570120-6','---','FABIÁN ANTONIO',391,25),(4129,'ZENTENO','TAPIA','20651330-6','---','DAYANA ESTEFANÍA',391,25),(4130,'ZENTENO','TAPIA','20316579-K','---','DENISSE ALEXANDRA',391,25),(4157,'parra','gonzález','22458261-7','--','david antonio',423,27),(4158,'parra','villegas','22557172-4','--','jean pierre',423,27),(4159,'pérez','benavides','22614909-0','--','javier alexander',423,27),(4160,'pérez','farías','22610260-4','--','paula anais',423,27),(4161,'pérez','moreno','22641525-4','--','benjamín patricio',423,27),(4162,'pérez','villegas','22696038-4','--','angela pascal',423,27),(3375,'MARTINEZ','HORMAZABAL','22695289-6','---','CONSTANZA  GUADALUPE',347,47),(3373,'HENRIQUEZ','LOPEZ','22427311-8','---','MATIAS  IGNACIO',347,47),(3374,'LOPEZ','PEREZ','22736656-7','---','KRISTEL  VIANNEY',347,47),(4174,'amigo','osorio','22186584-7','--','jean pierre',424,27),(4175,'amigo','quezada','22295003-1','--','antonia catalina',424,27),(4176,'apablaza','valdebenito','22351806-0','--','constanza',424,27),(4172,'alarcón','miranda','22366395-8','--','matías alejandro',424,27),(4173,'alvial','castillo','22336410-1','--','scarlette antonia',424,27),(3378,'RIVAS','MIRANDA','22471277-4','---','LUIS  EDUARDO',347,47),(3379,'VERA  ','MACAYA','22614995-3','---','RAFAELA  LISSETTE',347,47),(3380,'VILLEGAS','OLIVOS','22541548-K','---','ERICK  ALEXANDER',347,47),(3381,'ALARCON','DIAZ','22481197-7','---','CATALINA MILLARAY',348,47),(3382,'ALARCON','MUÑOZ','22462072-1','---','BEATRIZ  ALEJANDRA',348,47),(3376,'MORAGA','CANCINO','22433400-1','---','BENJAMIN  MATIAS',347,47),(3377,'RETAMAL','SALGADO','22496637-7','---','MARCELA  ANAIS',347,47),(3358,'ALARCON','SOTO','22198160-K','---','DAVID  IGNACIO',347,47),(3359,'ALBORNOZ','LOPEZ','22462752-1','---','VALENTINA  ANGELICA',347,47),(3360,'ARAYA','HORMAZABAL','22477949-6','---','FRANCESCA  ISIDORA',347,47),(3361,'BRAVO','TORO','22491010-K','---','ESTEBAN  ALONSO',347,47),(3362,'BROCAL','SOTO','22275004-0','---','MIA MONSERRAT DE LOS ANGELES',347,47),(3363,'BUSTOS','BUSTOS','22510657-6','---','WILLIAM  ALEXIS',347,47),(3364,'CANCINO','CANCINO','22494983-9','---','ESMERALDA  ANTONIA',347,47),(3365,'CANCINO','HORMAZABAL','22614937-6','---','SOLEDAD  DEL PILAR',347,47),(3366,'CHAMORRO','DROGUETT','22705483-2','---','MILLARAI  HANDREA',347,47),(3367,'CHAMORRO','HENRIQUEZ','22491320-5','---','JOSE  MANUEL',347,47),(3368,'CONTRERAS','HORMAZABAL','22684820-7','---','JAVIERA  ARLETH',347,47),(3369,'CONTRERAS','MENA','22584369-4','---','ODETTE  ALEXANDRA',347,47),(3370,'FLORES','CANCINO','22607677-8','---','JOAQUIN  EDUARDO',347,47),(3371,'GARCIA','VEGA','22643260-4','---','BRAYAN  ANDRES',347,47),(3372,'HENRIQUEZ','HERNANDEZ','22662898-3','---','PEDRO  ESTEBAN',347,47),(2914,'BRAVO','AVILA','22734409-1','---','SOFIA  ELENA',332,46),(3402,'VERA','GALDAME','22336524-8','---','FERNANDA  ANAIS',348,47),(3395,'ORELLANA','ORELLANA','22197183-3','---','BAYRON  HUMBERTO',348,47),(3396,'ORELLANA','PARRA','22747953-1','---','DANAE  EDUVINA',348,47),(3397,'ORTIZ','VASQUEZ','22435482-7','---','NOEMI  ALEJANDRA',348,47),(3398,'REYES','URRA','22646414-K','---','DREITON  BRAYAN',348,47),(3399,'SANCHEZ','ROJAS','22730199-6','---','FABIAN  ANDRES',348,47),(3400,'TORRES','ALVEAR','22504899-1','---','ALEX  RODRIGO',348,47),(3401,'VERA','AGURTO','22747650-8','---','YAMILA  ANTONIA',348,47),(3388,'DIAZ','SANCHEZ','22435917-9','---','NICOLAS  ANTONIO',348,47),(3389,'ESTUARDO','SOTO','22479770-2','---','KATALINA  ANDREA',348,47),(3390,'GANGAS','ARAVENA','22730788-9','---','BAIRON  ANTONIO',348,47),(3391,'JIMENEZ','ARELLANO','22465392-1','---','JUAN  MANUEL',348,47),(3392,'LANDEROS','VASQUEZ','22632144-6','---','ENRIQUE  ANTONIO',348,47),(3393,'MEZA','CANCINO','22612488-8','---','KEVIN  ARON',348,47),(3394,'MOYA','PEÑA','22471228-6','---','CARLOS  ALBERTO',348,47),(3383,'ARAVENA','MUÑOZ','22735099-7','---','JAVIERA  FERNANDA',348,47),(3385,'ARAVENA','VASQUEZ','22482590-0','---','CHRISTIAN  NICOLAS',348,47),(3387,'DIAZ','PACHECO','22452640-7','---','MILTON  FERNANDO',348,47),(5386,'barrueto','becerra','21002373-9','--','josé esau',463,31),(5387,'bueno','cancino','20413475-8','--','carlos sebastián',463,31),(5388,'díaz','salgado','20692958-8','--','natalia alejandra',463,31),(5389,'domínguez','domínguez','20570434-5','--','bastián',463,31),(5390,'domínguez','recabarren','20991269-4','--','dominique',463,31),(5391,'guzmán','pereira','20983803-6','--','valentina fernanda',463,31),(5392,'luna','aravena','20980960-5','--','constanza alejandra',463,31),(5393,'muñoz','muñoz','20877088-8','--','brayan esteban',463,31),(5394,'navarro','aravena','20877082-9','--','belén alejandra',463,31),(5243,'DÍAZ','ARAVENA','22173402-5','--','CONSTANZA BELEN',444,48),(5244,'GÓMEZ','AMIGO','21636964-5','--','JUAN LUIS ANDRÉS',444,48),(5245,'GUZMÁN','AGUILERA','21567010-4','--','FRANCISCO ANDRES',444,48),(5246,'MOYA','DÍAZ','22416837-3','--','JOSÉ MIGUEL',444,48),(5247,'OLIVOS','LEIVA','22253379-1','--','FRANCISCO JAVIER',444,48),(5248,'OPAZO','HENRÍQUEZ','22360564-8','--','ESPERANZA ELIZABETH MADDALENA',444,48),(5249,'PAINEFILO','VILLENA','22432587-8','--','MAITE ESMERALDA',444,48),(5250,'PEREIRA','SALAZAR','22222287-7','--','JOAQUÍN IGNACIO',444,48),(5251,'PÉREZ','GONZÁLEZ','22208782-1','--','AUGUSTO IGNACIO',444,48),(5252,'SEPULVEDA','VILLEGAS','22153058-6','--','MATIAS SEBASTIAN ESTEBAN',444,48),(5253,'ESPINOSA','BUSTOS','22176366-1','--','JOSE ANDRES',444,48),(5254,'HERNÁNDEZ','JARPA','22145250-K','--','FRANCISCO MANUEL',444,48),(5255,'GUTIÉRREZ','ARAVENA','21612000-0','--','LUCAS MATEO CRECENCIO',444,48),(5256,'LILLO','ARAVENA','22162459-9','--','TANIA ALEJANDRA',444,48),(5257,'LABBÉ','SALAZAR','21926566-2','--','MAX FELIPE',445,48),(5258,'CANALES','SALGADO','21977721-3','--','CONSTANZA ALEJANDRA',445,48),(5259,'DÍAZ','RECABARREN','21680338-8','--','ISAAC BENJAMÍN',445,48),(5260,'ESPINOZA','RUIZ','22009364-6','--','KAREN XIMENA',445,48),(5261,'GONZÁLEZ','HERRERA','21995699-1','--','VICENTE IGNACIO',445,48),(5262,'HERMOSILLA','HENRÍQUEZ','22140902-7','--','ROLANDO ANDRES',445,48),(5263,'LEAL','TEJO','22105505-5','--','SEBASTIÁN ALEXIS',445,48),(5264,'LOPEZ','LÓPEZ','21908517-6','--','LICET ANAÍS DEL ROSARIO',445,48),(5265,'MANRÍQUEZ','OSORES','22020448-0','--','BENJAMIN NICOLAS',445,48),(5266,'MORA','GARCÍA','21944524-5','--','EDGARDO ALBERTO',445,48),(5267,'OLIVOS','VILCHES','21610746-2','--','ESTEFANIA CAMILA',445,48),(5268,'OSORES','FLORES','22132997-K','--','ADELAIDA DEL ROSARIO',445,48),(5269,'ALARCÓN','MORAGA','22122916-9','--','ROCIO CATALINA',445,48),(5270,'AYALA','FLORES','22087263-7','--','GELEN MARIANELA',445,48),(5271,'OTÁROLA','FUENZALIDA','22102012-K','--','JOSE ELISEO',445,48),(5272,'PEREIRA','PÉREZ','22132340-8','--','JAVIERA ALEXANDRA',445,48),(5273,'ESPINOZA','HERNÁNDEZ','21897569-0','--','MARIANA ANTONIA',445,48),(5274,'castillo','aliste','22696636-6','--','alejandro sebastián',457,31),(5275,'castillo','aliste','22696656-0','--','matías nicolás',457,31),(5276,'castillo','salazar','22543811-0','--','tany charlenne',457,31),(5277,'díaz','muñoz','22700930-6','--','rubén alonso',457,31),(5278,'díaz','yévenes','22463669-5','--','esteban alejandro',457,31),(5279,'escobar','mella','22566251-7','--','maría soledad',457,31),(5280,'garcía','yévenes','22487270-4','--','katalina alejandra',457,31),(5281,'guerrero','domínguez','22496764-0','--','cristóbal',457,31),(5282,'gutiérrez','muñoz','22678737-2','--','javiera lucía',457,31),(5283,'gutiérrez','muñoz','22678866-2','--','josé luis',457,31),(5284,'muñoz','aravena','22640479-1','--','valentín antonio',457,31),(5285,'navarro','aravena','22636629-6','--','nelson antonio',457,31),(5286,'orellana','cancino','22614402-1','--','nicolás alberto',457,31),(5287,'ruiz','vergara','22464511-2','--','javier andrés',457,31),(5288,'sánchez','pereira','22499737-K','--','aline alexandra',457,31),(5289,'torres','gallardo','22688082-8','--','carlos alexi',457,31),(5290,'vega','parada','22480257-9','--','vania marcela',457,31),(5291,'galdame','muñoz','22452165-0','--','bastián matihas',457,31),(5292,'barrueto','pérez','22665615-4','--','constanza nicol',457,31),(5293,'aravena','maureira','22285454-7','--','alexandra antonia',458,31),(5294,'arellano','salazar','22259589-4','--','camila belén',458,31),(5295,'barrueto','sánchez','22224229-0','--','carla antonia de las',458,31),(5296,'bustos','villegas','22376334-0','--','lisandro javier',458,31),(5297,'cancino','sepúlveda','22394339-K','--','maría josé',458,31),(5298,'cerda','yáñez','22219229-3','--','aníbal hernán',458,31),(5299,'díaz','salgado','22330214-9','--','mayerli antonella',458,31),(5300,'flores','vallejos','22299529-9','--','maikel rodrigo',458,31),(5301,'gavilán','luna','22276410-6','--','cristóbal jesús',458,31),(5302,'henríquez','ríos','22132220-7','--','benjamin ignacio',458,31),(5303,'jara','díaz','22288774-7','--','luis antonio',458,31),(5304,'meriño','jiménez','22489923-8','--','jazmín scarleth',458,31),(5305,'ñanca','jara','22262570-K','--','alejandra andrea',458,31),(5306,'orellana','cancino','22262163-1','--','maría angela',458,31),(5307,'pavez','méndez','22363837-6','--','sarai belén',458,31),(5308,'ramírez','díaz','22210646-K','--','sergio eduardo',458,31),(5309,'ríos','velis','22251606-4','--','miguel angel',458,31),(5310,'salgado','sobarzo','22344347-8','--','bastián alejandro',458,31),(5311,'villanueva','ramos','22333679-5','--','sarai elizabeth',458,31),(5312,'fuentealba','vargas','22173756-3','--','leonor antonia',458,31),(5313,'aguilera','salgado','21977816-3','--','maria paz',459,31),(5314,'andrade','labra','21880871-9','--','alicia mercedes',459,31),(5315,'aravena','leal','21703209-1','--','ignacio humberto',459,31),(5316,'campos','muñoz','22106102-0','--','joaquin andres',459,31),(5317,'cancino','rebolledo','21903403-2','--','marioly valentina',459,31),(5318,'cortes','rebolledo','22023812-1','--','bastián enrique',459,31),(5319,'flores','bravo','21931315-2','--','alfonso andres',459,31),(5320,'leal','durán','21897071-0','--','catherinne rocío',459,31),(5321,'manríquez','jara','22084144-8','--','matias jesus',459,31),(5322,'olivos','arellano','22150784-3','--','benjamín emilio',459,31),(5323,'pereira','letelier','22090763-5','--','jose nicodemus',459,31),(5324,'romero','segura','21987152-K','--','giovanni ignacio',459,31),(5325,'salgado','quero','22119913-8','--','eduardo antonio',459,31),(5326,'valderrama','landero','22081071-2','--','pablo ignacio',459,31),(5327,'aguilera','salgado','20982195-8','--','cristofer ignacio',460,31),(5328,'alarcón','luna','21735956-2','--','joaquín ignacio',460,31),(5329,'aravena','muñoz','21683556-5','--','fabián ignacio',460,31),(5330,'barros','becerra','21822074-6','--','claudia andrea',460,31),(5331,'barros','yévenes','21829043-4','--','valentina andrea',460,31),(5332,'cerda','yáñez','21608339-3','--','catalina constanza',460,31),(5333,'domínguez','muena','21843738-9','--','natalia alejandra',460,31),(5334,'jaramillo','mella','21862237-2','--','diego orlando',460,31),(5335,'muñoz','pérez','21848821-8','--','sebastián philippi',460,31),(5336,'ríos','velis','21696979-0','--','cristian adán',460,31),(5337,'rivas','domínguez','21808352-8','--','matías andrés',460,31),(5338,'salazar','salgado','21812508-5','--','juan ramón antonio',460,31),(5339,'salazar','yáñez','21796275-7','--','ariel sergio antonio',460,31),(5340,'salazar','yáñez','21649036-3','--','graciela de jesús',460,31),(5341,'valdebenito','díaz','21652642-2','--','liesse darlienne',460,31),(5342,'vásquez','amaya','21774281-1','--','carolina alejandra',460,31),(5343,'vergara','castro','21720253-1','--','scarlet margarita',460,31),(5344,'yáñez','navarro','21783590-9','--','edison augusto',460,31),(5345,'yáñez','navarro','21783658-1','--','jason wladimir',460,31),(5346,'velásquez','aravena','21588140-7','--','matías ignacio',460,31),(5347,'aguilera','salgado','20273999-7','--','matías alberto',461,31),(5348,'aravena','pereira','21455295-7','--','karlita alejandra',461,31),(5349,'bravo','vallejos','21401025-9','--','deyanira alejandra',461,31),(5350,'bustos','moraga','21479470-5','--','carla fernanda',461,31),(5351,'cancino','sepúlveda','21393777-4','--','paulina anaís',461,31),(5352,'espinoza','abarza','21523763-K','--','paula valeska',461,31),(5353,'galdame','pérez','21396012-1','--','maría fernanda del',461,31),(5354,'gallardo','andías','20273869-9','--','felipe andrés',461,31),(5355,'moraga','vergara','21360225-K','--','luis esteban',461,31),(5356,'muñoz','luna','21461017-5','--',' yuliana anaís',461,31),(5357,'muñoz','parra','21192863-8','--','fabián antonio',461,31),(5358,'parada','lepe','21524036-3','--','kevin bastián',461,31),(5359,'peña','orellana','21336618-1','--','angel antonio',461,31),(5360,'pinto','aravena','21560402-0','--','angela beatriz',461,31),(5361,'ramírez','muñoz','21544141-5','--','david antonio',461,31),(5362,'romero','segura','21352516-6','--','krishna alejandra',461,31),(5363,'salazar','aravena','21435932-4','--','ivania belén',461,31),(5364,'villalobos','vega','21499195-0','--','maría de los angeles',461,31),(5365,'abarca','peña','21146922-6','--','claudio iván',462,31),(5366,'andaur','sánchez','21206132-8','--','constanza andrea',462,31),(5367,'andrades','ayala','21303381-6','--','maría paz',462,31),(5368,'aravena','cancino','20570492-2','--','eduardo andrés',462,31),(5369,'cancino','hernández','20351142-6','--','manuel eduardo',462,31),(5370,'canto','henríquez','20767271-8','--','macarena estefanía',462,31),(5371,'díaz','díaz','20274011-1','--','esperanza del pilar',462,31),(5372,'díaz','durán','21067920-0','--','pedro antonio',462,31),(4516,'díaz','díaz','22256159-0','--','carla anais',424,27),(4515,'constenla','torres','22283980-7','--','valentina antonia',424,27),(4514,'canales','vega','22316240-1','--','nicolás alonso',424,27),(4513,'bustamante','contreras','21985724-1','--','yorka andrea',424,27),(4512,'bahamondes','castillo','22338037-9','--','jasmín',424,27),(4465,'vega','herrera','20274264-5','--','pablo esteban',433,27),(4464,'valenzuela','romero','20570172-9','--','pamela escarlet',433,27),(4463,'sánchez','flores','20570133-8','--','constanza valentina',433,27),(4462,'salgado','espinosa','20273890-7','--','nicolás gerardo',433,27),(4461,'ríos','rebolledo','20570233-4','--','yasmín angelica',433,27),(4460,'reveco','meriño','20570176-1','--','mauricio fabian',433,27),(4459,'pérez','agurto','20877028-4','--','alexandra dominic',433,27),(4458,'moya','sanhueza','20274017-0','--','sebastián nicolas',433,27),(4457,'moya','canto','20274222-K','--','juan eduardo',433,27),(4456,'moraga','villegas','20570194-K','--','maría jose',433,27),(4455,'moraga','villegas','20273924-5','--','héctor ivan',433,27),(4454,'meza','domínguez','20090695-0','--','juan alberto',433,27),(4453,'medel','elgueta','20570357-8','--','ramón alexis',433,27),(4452,'maturana','chamorro','20569971-6','--','ariagna jakney',433,27),(1838,'RAMIREZ','PALMA','22153839-0','---',' BENJAMIN ALEXANDER ',302,30),(4451,'hormazábal','ayala','20273937-7','--','fabiola del carmen',433,27),(4450,'hernández','osores','20570141-9','--','dabne jessenia',433,27),(4449,'garrido','espinosa','20570267-9','--','agustín alejandro',433,27),(4448,'gallardo','luna','20570246-6','--','krishna alejandra',433,27),(4447,'espinosa','godoy','20570125-7','--','miriam fernanda',433,27),(4446,'belmar','cea','20512986-3','--','jonathan alejandro',433,27),(4445,'badilla','hernández','20570399-3','--','maximiliano',433,27),(4444,'vega','neira','19766966-7','--','matías ignacio',432,27),(4443,'valdés','friz','20569935-K','--','javiera alexandra',432,27),(4442,'torres','carvajal','20570137-0','--','maira estefania',432,27),(4441,'tejo','díaz','20570183-4','--','tania polet',432,27),(4440,'suazo','hormazábal','20273626-2','--','karen franchesca',432,27),(4439,'salgado','soto','20570094-3','--','macarena andrea',432,27),(4438,'quintana','lara','20569953-8','--','macarena andrea',432,27),(4437,'quezada','miranda','20569776-4','--','rodrigo ignacio',432,27),(4436,'pérez','tejo','20570405-1','--','leonardo alexis',432,27),(4435,'pérez','chandía','20570271-7','--','camila alejandra',432,27),(4434,'muñoz','díaz','20569910-4','--','maricela estrella',432,27),(4433,'morales','martínez','20570100-1','--','milissen catalina',432,27),(4432,'miranda','elgueta','20090554-7','--','víctor manuel',432,27),(4431,'lara','garcía','20570251-2','--','angelo enrique',432,27),(4430,'landeros','quezada','20570126-5','--','josé marcial',432,27),(4429,'iturra','rivera','20569763-2','--','pamela alejandra',432,27),(4428,'hernández','labra','20569956-2','--','bastián matias',432,27),(4427,'henríquez','henríquez','20273906-7','--','jessica del carmen',432,27),(4426,'gonzález','salazar','20273907-5','--','ricardo andres',432,27),(4425,'gallardo','alarcón','20273590-8','--','javiera ignacia',432,27),(4424,'cifuentes','garcía','20570051-K','--','daniel antonio',432,27),(4423,'cerpa','arellano','20570061-7','--','marian talumar',432,27),(4422,'castillo','vásquez','20570237-7','--','valeria estefania',432,27),(4421,'castillo','medel','19694235-1','--','domingo antonio',432,27),(4420,'cárdenas','rodríguez','20569748-9','--','juan pablo',432,27),(4419,'villegas','muñoz','20943258-7','--','rodrigo esteban',431,27),(4418,'varela','bustos','20570439-6','--','mariana fernanda',431,27),(4417,'torres','meza','20960262-8','--','bryan jael',431,27),(4416,'torres','hernández','20570232-6','--','nayade anais',431,27),(4415,'torres','faúndez','20954320-6','--','lucas matias',431,27),(4414,'suazo','muñoz','20569943-0','--','cristian andres',431,27),(4413,'silva','palma','20570136-2','--','juan ignacio',431,27),(4412,'salgado','pérez','20917698-K','--','sebastián ariel',431,27),(4411,'salazar','sepúlveda','20876988-K','--','javiera ignacia',431,27),(4410,'ríos','alarcón','20877022-5','--','diego nicolas',431,27),(4409,'pérez','pereira','20570366-7','--','fabián arturo',431,27),(4408,'pérez','agurto','20877027-6','--','exequiel ivan',431,27),(4407,'pérez','aguilera','20968124-2','--','josé   Hernando',431,27),(4406,'muñoz','herrera','21035953-2','--','yerko andres',431,27),(4405,'moya','olivos','20274095-2','--','felipe andres',431,27),(4404,'morales','castillo','21014890-6','--','paulina isabel',431,27),(4403,'miranda','suazo','21042207-2','--','paz beeln',431,27),(4402,'luna','frías','21077345-2','--','yamilet alexandra',431,27),(4401,'lobos','canales','20960626-7','--','miyarhay belen',431,27),(4400,'jara','meriño','21041472-K','--','christian matias',431,27),(4399,'hormazábal','leal','20914202-3','--','gabriel alfonso',431,27),(4398,'henríquez','pérez','20960964-9','--','rebeca del carmen',431,27),(4397,'henríquez','aguilera','20570461-2','--','sergio bernabe',431,27),(4396,'garcía','osores','20570187-7','--','fernanda jesus',431,27),(4395,'gangas','romero','20941643-3','--','jonathan alexis',431,27),(4394,'canales','reyes','21042984-0','--','damari yasmin',431,27),(4393,'campos','castillo','20877104-3','--','yesenia estefania',431,27),(4392,'caba','martínez','21038183-K','--','maría isabel',431,27),(4391,'bustos','tejo','21122523-8','--','martín adolfo',431,27),(4390,'barrueto','cancino','20992590-7','--','maria eliana',431,27),(4389,'aravena','vega','20877044-6','--','sebastián antonio',431,27),(4388,'apablaza','andrades','20877097-7','--','felipe eduardo',431,27),(4387,'alarcón','miranda','20957163-3','--','brayan rodrigo',431,27),(4386,'yévenes','rodríguez','20767320-K','--','michael alfonso',430,27),(4385,'vera','domínguez','21185398-0','--','andrea valentina',430,27),(4384,'vega','herrera','21331704-0','--','cristian felipe',430,27),(4383,'sepúlveda','tapia','21307311-7','--','sebastián ulises',430,27),(4382,'salgado','moraga','21200187-2','--','romina isidora',430,27),(4381,'rojas','díaz','21077567-6','--','lisette camila',430,27),(5136,'CABRERA','JARA','21942555-4','--','SEBASTIÁN JESÚS',434,39),(4379,'plaza','pantoja','20877114-0','--','michael vladimir',430,27),(4378,'pêrez','yáñez','21191456-4','--','matias alexander',430,27),(4377,'pérez','aravena','21070410-8','--','cristian antonio',430,27),(4376,'pérez','aguilera','21205595-6','--','rigoberto lisandro',430,27),(4375,'moya','sanhueza','20984493-1','--','francisca elianira',430,27),(4374,'melgarejo','canales','21180441-6','--','carlos eugenio',430,27),(4373,'hormazábal','hormazábal','21021376-7','--','claudio',430,27),(4372,'gonzález','torres','21186892-9','--','agustín sebastian',430,27),(4371,'garcía','pérez','21077572-2','--','iván antonio',430,27),(4370,'garcía','guerra','21023828-K','--','bastián alberto',430,27),(4369,'gallardo','suazo','21249071-7','--','frank roberto antonio',430,27),(4368,'gallardo','hormazábal','21097538-1','--','valentina',430,27),(4367,'fuentes','moya','20673372-1','--','luis guillermo',430,27),(4366,'díaz','león','21222087-6','--','constanza andrea',430,27),(4365,'canales','gonzález','21074429-0','--','liset belen',430,27),(5198,'LARA','ANDRADES','21910539-8','---','MARTINA ALONDRA',386,25),(5193,'CASTILLO','VEGA','22084929-5','---','VALENTINA ANAIS',386,25),(5194,'DÍAZ','PLAZA','21640516-1','---','ENIGER MAGDALENA',386,25),(5195,'FAÚNDEZ','DOMÍNGUEZ','22105378-8','---','NAYARET VERENA',386,25),(3128,'PARRA','MEZA','21670638-2','---','CAROLINA  ALEJANDRA',338,46),(4364,'cabrera','salazar','21096779-6','--','almendra',430,27),(4363,'ávila','cancino','21097365-6','--','carmen gloria',430,27),(4362,'vega','canales','20570261-K','--','juan alberto',429,27),(4361,'tejo','farías','20565349-K','--','alexi andres',429,27),(4360,'sepúlveda','sepúlveda','21073168-7','--','josé sebastian',429,27),(4359,'sepúlveda','retamal','21283294-4','--','ariel leonardo',429,27),(4358,'salgado','muñoz','21222014-0','--','verónica esperanza',429,27),(4357,'salazar','díaz','21164105-3','--','fanny alessandra',429,27),(4356,'rojas','aravena','21319101-2','--','alexis ignacio',429,27),(4355,'rocha','jara','21189878-K','--','leslie catalina',429,27),(4354,'riquelme','vega','21209486-2','--','benjamín ignacio',429,27),(4353,'retamal','yáñez','21094603-9','--','marcela alicia rosa',429,27),(4352,'quintana','villena','21199803-2','--','mariela yamilet',429,27),(4351,'pérez','chandía','20877075-6','--','marisela del carmen',429,27),(4350,'orellana','león','21190615-4','--','vivian alexandra',429,27),(4349,'moraga','vega','21228545-5','--','constanza belen',429,27),(4348,'meza','meza','21292241-2','--','maría jose',429,27),(4347,'luna','viveros','21164159-2','--','diego andres  benjamin',429,27),(4346,'labra','gutiérrez','21162069-2','--','tamara valentina',429,27),(4345,'jara','letelier','21141316-6','--','fernanda antonia',429,27),(4344,'hormazábal','orellana','20563287-5','--','moniett',429,27),(4343,'hormazábal','leal','21321252-4','--','mackarena antonia',429,27),(4342,'garcía','huenchul','21138604-5','--','dennis scarleth',429,27),(4341,'gallardo','yáñez','20877034-9','--','rodrigo antonio',429,27),(4340,'espinosa','quijada','21097953-0','--','genesis andrea',429,27),(4339,'chavarría','villena','20570195-8','--','bárbara belen',429,27),(4338,'cerpa','zuleta','21071628-9','--','camila massiel',429,27),(4337,'cerpa','rocha','21195195-8','--','sebastián alberto',429,27),(4336,'carrión','osorio','21264021-2','--','paz alejandra',429,27),(4335,'bueno','alarcón','21288266-6','--','bayron andres',429,27),(4334,'zúñiga','castillo','21479049-1','--','carlos javier',428,27),(4333,'yáñez','moraga','21570347-9','--','marcelo alejandro',428,27),(4332,'yáñez','cea','21492515-K','--','fernanda thayla',428,27),(4331,'vega','neira','21374697-9','--','katerinne alejandra',428,27),(4330,'valenzuela','aravena','21461263-1','--','maría paz',428,27),(4329,'valenzuela','aravena','21461236-4','--','ana belen',428,27),(4328,'torres','leal','21568815-1','--','camilo andres',428,27),(4327,'torres','espinosa','21305791-K','--','karina alexandra',428,27),(4326,'torres','carvajal','21511142-3','--','kristel belen',428,27),(4325,'suazo','yévenes','21302821-9','--','fabián alejandro',428,27),(4324,'suarez','canales','21610218-5','--','carlos ignacio',428,27),(4323,'sánchez','gonzález','21452514-3','--','noemi alejandra',428,27),(4322,'sánchez','flores','21472180-5','--','edita gabriela',428,27),(4321,'salazar','venegas','21465505-5','--','valentina del transito',428,27),(4320,'reyes','ramos','21623854-0','--','catalina andrea',428,27),(4319,'parra','vega','21373849-6','--','mauricio eduardo',428,27),(4318,'muñoz','gutiérrez','21357395-0','--','belén alejandra',428,27),(4317,'muñoz','castro','21535661-2','--','marco antonio',428,27),(4316,'moya','ávila','21577881-9','--','ricardo nicolas',428,27),(4315,'moraga','hormazábal','21491657-6','--','cristian ignacio',428,27),(4314,'molina','canales','21378010-7','--','madeleine scarlette',428,27),(4313,'medel','rojas','21499899-8','--','daniel seastian',428,27),(4312,'leal','gómez','21568593-4','--','nicol escarlett',428,27),(4311,'lara','cabrera','21341608-1','--','maicol tomas',428,27),(4310,'hormazábal','torres','21431421-5','--','yerson andres',428,27),(4309,'díaz','díaz','21494252-6','--','ignacio antonio',428,27),(4308,'díaz','castro','21248955-7','--','javier ignacio',428,27),(4307,'díaz','cancino','21575293-3','--','fabián antonio',428,27),(4306,'cheuquecoy','guerra','21605139-4','--','dylan frank',428,27),(4305,'chavarría','villena','21316980-7','--','susana antonia',428,27),(4304,'carvajal','barrera','21377929-K','--','laura margarita',428,27),(4303,'canto','yáñez','21583720-3','--','yovanni eduardo',428,27),(4302,'cancino','arroyo','21368930-4','--','fernanda catalina',428,27),(4301,'canales','urra','21476960-3','--','matías alexander',428,27),(4300,'bravo','lópez','21505640-6','--','diego alexandro',428,27),(4299,'andrades','pacheco','21501523-8','--','scott leonardo',428,27),(4298,'alarcón','yáñez','21148251-6','--','javiera catalina',428,27),(4297,'alarcón','gutiérrez','21268742-1','--','blanca ismenia',428,27),(4296,'acuña','sandoval','21449413-2','--','claudio alejandro',428,27),(4295,'zuñiga','vega','21721966-3','--','barbara matilde',427,27),(4294,'villegas','moya','21529051-4','--',' fabricio alejandro',427,27),(4293,'suazo','navarro','21701093-4','--','matías alonso',427,27),(4292,'salgado','martínez','21650331-7','--','karin alexandra',427,27),(4291,'rivas','parra','21746214-2','--','javier ignacio',427,27),(4290,'pérez','sepúlveda','21785601-9','--','rogelio antonio',427,27),(4289,'pérez','sepúlveda','21792373-5','--','martina rayen',427,27),(4288,'navarrete','espinoza','21521096-0','--','ana luisa',427,27),(4287,'miranda','miranda','21313271-7','--','lorena del pilar',427,27),(4286,'meza','valladares','21767929-K','--','sofía alondra noemí',427,27),(4285,'meza','valladares','21392089-8','--','alejandro javier',427,27),(4284,'luna','viveros','21759382-4','--','margarita esperanza',427,27),(4283,'lara','ávila','21720037-7','--','benjamín antonio',427,27),(4282,'hormazábal','torres','21963890-6','--','karen belén',427,27),(4281,'hormazábal','torres','21711072-6','--','diego arturo',427,27),(4280,'hormazabal','castillo','21680358-2','--','magdalena sofía',427,27),(4279,'hernández','cáceres','21717225-K','--','pía emilia aurora',427,27),(4278,'guerra','pérez','21483199-6','--','fernanda daniela',427,27),(4277,'garcía','pérez','21583881-1','--','kassandra antonia belén',427,27),(4276,'garcía','aravena','21626117-8','--','josé francisco',427,27),(4275,'gangas','romero','21701554-5','--','aylen adriana',427,27),(4274,'cerpa','zuleta','21831778-2','--','wladimir andrés',427,27),(4273,'canales','urra','21881360-7','--','damary noemí',427,27),(4272,'aravena','veloso','21671045-2','--','aravena veloso josé eduardo',427,27),(4271,'aravena','castillo','21847464-0','--','juan pablo',427,27),(4270,'andrades','leal','21707945-4','--','viviana marisol',427,27),(4268,'valenzuela','leal','21706661-1','--','valentina estefania',426,27),(4267,'torres','pinto','21734041-1','--','sebastián ignacio',426,27),(4266,'sanhueza','villegas','21672602-2','--','isidora andrea',426,27),(4265,'retamal','yáñez','21859176-0','--','josé luis evaristo',426,27),(4264,'quintana','lara','21702417-K','--','diego elias',426,27),(4263,'pérez','tejo','21764561-1','--','elisabet ignacia',426,27),(4262,'pérez','tapia','21643693-8','--','francisca belen',426,27),(4261,'peña','ruiz','21747583-K','--','irma javiera',426,27),(4260,'moraga','henríquez','21673814-4','--','irene catalina',426,27),(4259,'mora','chamorro','21673558-7','--','bárbara belen',426,27),(4258,'mena','campos','21787747-4','--','cristofer andres',426,27),(4257,'lépez','canales','21616878-K','--','acsa belen',426,27),(4256,'leal','lepe','21878638-3','--','jason martin',426,27),(4255,'landeros','quezada','21851038-8','--','jonathan andres',426,27),(4254,'gallardo','yáñez','21792470-7','--','constanza andrea',426,27),(4253,'gallardo','muñoz','21813998-1','--','francisca alejandra',426,27),(4252,'gallardo','alarcón','21369890-7','--','jaime ignacio',426,27),(4251,'chamorro','sánchez','21782603-9','--','elisabet jemina',426,27),(4250,'castillo','muñoz','21699708-5','--','benjamín ignacio',426,27),(4249,'canales','vega','21637858-K','--','javiera andrea',426,27),(4248,'campos','agurto','21599907-6','--','macarena alejandra',426,27),(4247,'beltrán','vega','21760002-2','--','christell dominique',426,27),(4246,'bahamondes','castillo','21778005-5','--','belén antonieta',426,27),(4245,'aravena','espinosa','21056414-4','--','franco giovanny',426,27),(4244,'andrades','romero','21661061-K','--','camilo francisco',426,27),(4243,'acuña','agurto','21535523-3','--','ariel alexis',426,27),(4242,'vega','gallardo','22099869-K','--','laura ines',425,27),(4241,'torres','gonzález','21903699-K','--','anaís juliana',425,27),(4240,'torres','canales','22099979-3','--','fernanda roxett',425,27),(4239,'sánchez','gallardo','21911332-3','--','sebastián ignacio',425,27),(4238,'romero','salazar','22058123-3','--','miguel armando',425,27),(4237,'rojas','aravena','22023529-7','--','valeska ignacia',425,27),(4236,'pino','ortiz','22093045-9','--','jéssica elizabeth andrea',425,27),(4235,'pérez','farías','22124734-5','--','lissette alexandra',425,27),(4234,'muñoz','gutiérrez','22081337-1','--','danae ayline',425,27),(4233,'moya','olivos','21900426-5','--','javier ignacio',425,27),(4232,'morales','martínez','22152638-4','--','fabiana ignacia',425,27),(4231,'molina','canales','22051704-7','--','kimberly aracelly',425,27),(4230,'medel','rojas','21780721-2','--','camilo enrique',425,27),(4229,'luna','orellana','22093103-K','--','constanza nicole',425,27),(4228,'llanquinao','huenchunao','21901470-8','--','julio andres',425,27),(4227,'leiva','domínguez','21999560-1','--','vicente antonio',425,27),(4226,'leal','gonzález','21982842-K','--','ignacio antonio',425,27),(4225,'lara','garcía','21866498-9','--','sebastián alisandro',425,27),(4224,'iturra','rivera','21969208-0','--','francisco javier',425,27),(4223,'ilufi','vergara','21958365-6','--','roberto carlos',425,27),(4222,'garcia','moraga','21902336-7','--','cristobal ignacio',425,27),(4221,'garcía','aravena','22079103-3','--','constanza belen',425,27),(4220,'garcía','apablaza','22074922-3','--','tatiana edith',425,27),(4219,'flores','cheuquiante','22009572-K','--','guillermo andres',425,27),(4218,'díaz','iturra','21894192-3','--','gabriel eduardo',425,27),(4217,'constenla','constenla','22026717-2','--','oscar alberto',425,27),(4216,'chavarria','villena','21717542-9','--','ricardo miguel',425,27),(4215,'cerpa','arellano','21971410-6','--','natalia alexandra',425,27),(4214,'castillo','veloso','21910817-6','--','tatiana antonia',425,27),(4213,'canto','alarcón','22084843-4','--','marco antonio',425,27),(4212,'avello','viveros','22026272-3','--','genesis bayolette',425,27),(4211,'aravena','torres','22062140-5','--','sebastian ignacio',425,27),(4210,'apablaza','gallardo','21917915-4','--','camila alejandra',425,27),(4209,'agurto','cuevas','21892547-2','--','vanesa scarlet',425,27),(4208,'yevenes','salgado','22210383-5','--','rosemary alexandra',424,27),(4207,'vega','vega','22313196-4','--','moisés aldair',424,27),(4206,'valenzuela','orellana','22430523-0','--','diego',424,27),(4204,'serrano','ortega','21752655-8','--','patricio eduardo',424,27),(4203,'sánchez','luna','22277828-K','--','fernanda andrea',424,27),(4202,'salgado','bravo','22311250-1','--','yordan esteban',424,27),(4201,'pérez','sepúlveda','22017594-4','--','alonso andres',424,27),(4200,'osores','chandía','22408562-1','--','valentina antonia',424,27),(4199,'orellana','cancino','22125143-1','--','ignacio javier',424,27),(4198,'moya','díaz','22392605-3','--','vianney elizabeth',424,27),(4197,'moya','canto','22271440-0','--','javiera belen',424,27),(4196,'matamala','urra','22214653-4','--','javiera carolina',424,27),(4195,'luardo','garrido','22363231-9','--','rodrigo ignacio',424,27),(4194,'labra','castillo','22156777-3','--','manuel ignacio',424,27),(4193,'labra','caroca','22299002-5','--','matías nicolas',424,27),(4192,'iturra','gonzález','22371319-K','--','cristian humberto',424,27),(4191,'hormazábal','orellana','22124396-K','--','alejandro',424,27),(4190,'hormazábal','luna','22213808-6','--','hector andres',424,27),(4189,'gonzález','díaz','22244165-K','--','antonia alejandra',424,27),(4188,'gallardo','suazo','22296519-5','--','bairon jeans carlos',424,27),(4187,'gallardo','luna','22183777-0','--','anahis jesus',424,27),(4186,'faúndez','guajardo','22205431-1','--','benjamín ignacio',424,27),(3770,'VALLEJOS','MUÑOZ','20090396-K','---','CRISTOPHER  BAIRON',362,47),(3769,'VALENZUELA','LUNA','20570117-6','---','FERNANDA  PIA',362,47),(3768,'UTRERAS','MENA','19766939-K','---','DIEGO  IGNACIO',362,47),(3767,'SANCHEZ ','BUSTOS','20570244-K','---','ARACELI  DENISE',362,47),(3766,'RIVAS','SUAZO','20273624-6','---','DANIELA  ANDREA',362,47),(3765,'PEREZ','ESPINOZA','20570445-1','---','LUIS  RODRIGO',362,47),(3764,'PEÑAILILLO','LOPEZ','20090293-9','---','VANESSA  DEL  CARMEN',362,47),(3763,'ORELLANA','SOTO','20569861-2','---','KRISHNA  YUYUNIS',362,47),(3762,'OÑATE','AVILA','20570321-7','---','JAVIERA  ANAIS',362,47),(3761,'MUÑOZ','FUENTES','20570242-3','---','MURIEL  DE LA ROSAS',362,47),(3760,'MORAGA','SALAZAR','20274104-1','---','ALEXANDRA  BEATRIZ',362,47),(3759,'MANRIQUEZ ','COLOMA','20569799-3','---','ESTEBAN  ORLANDO',362,47),(3758,'LOPEZ','MARTINEZ','20569942-2','---','AYLIN  JENIFFER',362,47),(3757,'FLORES','BUENO','20273892-3','---','IGNACIO  EDUARDO',362,47),(3756,'COTAL','ZAPATA','19663294-8','---','MANUEL  ALEJANDRO',362,47),(3755,'CEA','LARA','19697041-K','---','PAULINA EDITH',362,47),(3754,'BRAVO','TORO','20274100-2','---','SEBASTIAN  ANDRES',362,47),(3753,'ARRIAGADA','AMIGO','20274203-3','---','VICTOR  EDUARDO',362,47),(3752,'ARAVENA','MUÑOZ','20569917-1','---','DARIOLETT  ESTEFANI',362,47),(3751,'ANCAMIL','ANDRADES','20090409-5','---','CAROLINA  DEL  CARMEN',362,47),(3750,'ALVEAR','RAMIREZ','20569983-K','---','JAVIERA  IGNACIA DE LOS ANGELES',362,47),(3749,'ALARCON ','SANTOS','20219558-K','---','IRENE  SEBASTIANA',362,47),(3748,'ALARCON ','MERINO','20570306-3','---','MARCELA  ALEJANDRA',362,47),(3747,'ARAYA ','ESCALONA ','20094250-7','---','CARLOS ALBERTO ',361,47),(3745,'CANCINO ','MENDEZ ','20273573-8','---','CATALINA SCARLET',361,47),(3744,'AMIGO','INOSTROZA','20569952-K','---','YIRETH NOEMÍ',361,47),(3743,'YAÑEZ','GAVILAN','20273990-3','---','YISSEL  ALEXANDRA',361,47),(3742,'VASQUEZ','AVILA','20570165-6','---','LISETH  CAMILA',361,47),(3741,'SOTO  ','JARA','19939327-8','---','PEDRO  FABIO',361,47),(3740,'SALGADO','ORELLANA','20570236-9','---','ALAN  SEBASTIAN',361,47),(3739,'RIQUELME','ARELLANO','20570081-1','---','KRISHNA  JENNIFER',361,47),(3738,'PLACENCIA ','SALAZAR','20569974-0','---','BRAYAN  JESUS',361,47),(3737,'PEREZ','CANDIA','20090518-0','---','FELIPE  ESTEBAN',361,47),(3736,'ORTIZ','SUAZO','20397203-2','---','DANIEL  ANTONIO',361,47),(3735,'MUÑOZ','MOYA','20274233-5','---','FERNANDA  PATRICIA',361,47),(3734,'MORAGA','FAUNDEZ','20570274-1','---','CATALINA  IGNACIA',361,47),(3733,'MILLAHUAL','LEPE','20090689-6','---','SEBASTIAN  NICOLAS',361,47),(3732,'MEZA  ','VALLEJOS','20273979-2','---','VALENTINA  BELEN',361,47),(3731,'LOPEZ','CASTILLO','20273655-6','---','SABASTIAN  IGNACIO',361,47),(3730,'LEAL','DIAZ','20569772-1','---','JUAN  ORLANDO',361,47),(3729,'HORMAZABAL ','MUENA','20570017-K','---','SEBASTIAN  JESUS',361,47),(3728,'HENRIQUEZ  ','SOBARZO','20570414-0','---','DAMARI  JAEL',361,47),(3727,'GUTIERREZ','TORRES','20274155-K','---','ALEJANDRO  PATRICIO',361,47),(3726,'GUTIERREZ','CALFIN','20274065-0','---','JONATHAN  BRAYAN',361,47),(3725,'ESPINOSA','CACERES','20570083-8','---','BRAYAN  JOSE  ANTONIO',361,47),(3724,'CARO','AVILA','20274236-K','---','MATIAS  IGNACIO',361,47),(3723,'CACERES ','OLIVOS','20569988-0','---','GERARDO  ALEJANDRO',361,47),(3722,'BUSTOS','ANRIQUEZ','20569788-8','---','PEDRO  SEBASTIAN',361,47),(3721,'ARAVENA','TORRES','20569759-4','---','JESSICA  ANDREA',361,47),(3720,'VILLALOBOS','ROJAS','20570473-6','---','MILLARAY  DEL  CARMEN',360,47),(3719,'VEGA','GUTIERREZ','20570428-0','---','NATALIA  ANDREA',360,47),(3718,'VASQUEZ','MARQUEZ','20848791-4','---','CAMILA  FERNANDA',360,47),(3717,'VALLEJOS','MUÑOZ','20570374-8','---','BRAYAN  NICOLAS',360,47),(3716,'TORRES','MEZA','21009771-6','---','DAVID  ALEXI',360,47),(3715,'SUAREZ','GARCIA','21025111-1','---','SEBASTIAN  IGNACIO',360,47),(3714,'SEGURA','LEAL','21059155-9','---','JOSE  ALEJANDRO',360,47),(3713,'SANCHEZ','VASQUEZ','20877040-3','---','JAVIERA  BELEN',360,47),(3712,'RETAMAL','PEÑAILILLO','20914955-9','---','MARCELA  SOLEDAD',360,47),(3711,'PARDO','ZUÑIGA','20792114-9','---','JANIS  BELEN',360,47),(3710,'MORAGA','MORA','21004211-3','---','ABIGAIL  MARGARITA',360,47),(3709,'MELLA','PINEDA','20569945-7','---','JAVIERA  ESTER',360,47),(3708,'MARIN','ALVAREZ','21014001-8','---','KEVIN  JESUS  DILAN',360,47),(3707,'MANRIQUEZ','COLOMA','21037576-7','---','NAYELY  MAVARENA',360,47),(3706,'LUNA','AVILA','20944170-5','---','FERNANDO  ANTONIO',360,47),(3705,'LABRA','OPAZO','20570369-1','---','MIRENTXU  ESTEFANIA',360,47),(3704,'HENRIQUEZ','SUAZO','20949041-2','---','CRISTOFHER  DANIEL',360,47),(3703,'HENRIQUEZ','SUAZO','20949009-9','---','CRISTOBAL  ALEJANDRO',360,47),(3702,'HENRIQUEZ','BELTRAN','20090418-4','---','BLAS  ESTBAN',360,47),(3701,'GRANDON','HUENCHUL','20999322-8','---','CATHERINE  SOLANGE',360,47),(3700,'DIAZ','FUENTES','20992035-2','---','VALENTINA  MONSERRAT',360,47),(3699,'CANCINO','SALGADO','20936924-9','---','ROCIO  ALEJANDRA',360,47),(3698,'GANGAS','ZÚÑIGA','20802701-8','---','YÉSIKA SALOMÉ',359,47),(3697,'GANGAS','ZÚÑIGA','20802702-6','---','MURIEL SALOMÉ',359,47),(3696,'VILLEGAS','MORAGA','21025782-9','---','DANIELA   FRANCISCA',359,47),(3695,'VALDES','MATAMALA','19430456-0','---','LUIS  EDUARDO',359,47),(3694,'VALDES','ESPINAZA','20938873-1','---','ERICA  ANDREA',359,47),(3693,'SEGURA','SALAZAR','20877031-4','---','PAOLA  IVANIA',359,47),(3692,'RUIZ','BUSTOS','20570422-1','---','DIEGO  HUGO  NICOLAS',359,47),(3691,'PEREZ','SAN  MARTIN','20570291-1','---','DANIEL  IGNACIO',359,47),(3690,'NAVARRETE','LANDERO','19939338-3','---','JONATHAN  PATRICIO',359,47),(3689,'MUÑOZ','ABARCA','20570412-4','---','JAVIERA  FERNANDA',359,47),(3688,'MORENO','ROLDAN','20877066-7','---','CRISTIAN  EDUARDO',359,47),(3687,'MARTÍNEZ','MARTÍNEZ','20877062-4','---','IGNACIO ANDRES',359,47),(3686,'MARQUEZ','RUIZ','20570446-9','---','KATHERINN  SUSAN  JAEL',359,47),(3685,'LANDEROS','VASQUEZ','20570513-9','---','YASMIN  DE  LOURDES',359,47),(3684,'INOSTROZA','ALVEAR','20955754-1','---','MIGUEL  ALEJANDRO',359,47),(3683,'HIDALGO','FUENTES','20944258-2','---','JOSE  ISAIAS',359,47),(3682,'HENRIQUEZ','GARCIA','20981500-1','---','SEBASTIAN  EDMUNDO',359,47),(3681,'GARCIA ','QUIROZ','20922538-7','---','DANIELA  ALEJANDRA',359,47),(3680,'FUENTES  ','PEREZ','20945040-2','---','GERALDINE  ANTONELLA',359,47),(3679,'FAUNDEZ','SOTO','20877065-9','---','TERESA DEL  CARMEN',359,47),(3678,'CANCINO','YEVENES','20914563-4','---','NAYARETH  ANTONIA',359,47),(3677,'CANCINO','ACUÑA','20570229-6','---','MIGUEL  SEBASTIAN',359,47),(3676,'CANALES','MOLINA','20877125-6','---','ANAIS   SCARLETTE',359,47),(3675,'CANALES','HORMAZABAL','20570151-6','---','JOSE  GIRARDI',359,47),(3674,'BRAVO','PAVEZ','20274187-8','---','JOSE  MIGUEL',359,47),(3673,'BRAVO','AVILA','21058906-6','---','CHRISTIAN  ANDRES',359,47),(3672,'BARRUETO ','RUIZ ','21253875-2','---','CRISTIAN ALBERTO ',358,47),(3671,'SÁNCHEZ','NORAMBUENA','19939357-K','---','IVÁN MATÍAS',358,47),(3670,'VILLAVICENCIO','ALVAREZ','21278150-9','---','MAURICIO  ANDRES',358,47),(3669,'VELOSO','ORELLANA','21266664-5','---','ORIANA  ALEJANDRA',358,47),(3668,'VEGA','LEAL','21154838-K','---','MIRIAM  CATALINA',358,47),(3667,'URRA','GONZALEZ','20569777-2','---','SEBASTIÁN ANÍBAL',358,47),(3666,'TORRES','YEVENES','21195978-9','---','DEISSY  MACARENA',358,47),(3665,'SOTO ','CARO','20685121-K','---','PATRICIO  AQUILES',358,47),(3664,'SALAZAR ','AGURTO','21189944-1','---','MARIA JOSE',358,47),(3663,'RUIZ','TORRES','21010801-7','---','NATALIA  ALEJANDRA',358,47),(4037,'CASTILLO','VEGA','20570493-0','---','KRISHNA BELÉN',389,25),(4034,'CANCINO','PLACENCIA','21124659-6','---','CLAUDIA ANTONIA',389,25),(4035,'CANCINO','TORRES','21178407-5','---','NATALIA SOLEDAD',389,25),(4036,'CASTILLO','MEZA','21283768-7','---','DANIELA FERNANDA',389,25),(3662,'ROMERO','BUSTOS','21179711-8','---','CAMILA  FERNANDA',358,47),(3661,'ROLDAN  ','MUÑOZ','21013880-3','---','STEVEN  PATRICIO',358,47),(3660,'REYES','TORRES','21187553-4','---','IGNACIO  ANDRES',358,47),(3659,'REMIREZ','SEGURA','21316134-2','---','FERNANDA  ANAIS',358,47),(3658,'RAMIREZ','MARTINEZ','20273713-7','---','ANDREA  ALEJANDRA',358,47),(3657,'PEÑA','VERA','21071989-K','---','JAVIER  IGNACIO',358,47),(3656,'NORAMBUENA','MORA','21313226-1','---','PAULINA  DENISSE',358,47),(3655,'MUÑOZ','FAUNDEZ','20570052-8','---','GABRIEL  ALEJANDRO',358,47),(3654,'MORAN','SANCHEZ','21205980-3','---','SCARLETH  ARACELI',358,47),(3653,'HORMAZABAL','MUENA','21147659-1','---','JORGE  ANDRES',358,47),(3652,'HENRIQUEZ','HERNANDEZ','21133447-9','---','JOHM ALEXANDER EDUARD',358,47),(3651,'HENRIQUEZ','FRIZ','21078754-2','---','FRANCISCO  IGNACIO',358,47),(3650,'DIAZ','PACHECO','21093311-5','---','ESMERALDA  MARGARITA',358,47),(3649,'CORNEJO','LEON','20917727-7','---','ISAIAS  HABACUC',358,47),(3648,'CONTRERAS','MENA','21300236-8','---','JAVIERA  BELEN',358,47),(3647,'CERDA','CID','20569751-9','---','BYRON  ANTONIO',358,47),(3646,'CASANOVA','VASQUEZ','21209854-K','---','SEBASTIAN  EDUARDO',358,47),(3645,'CACERES','AYALA','21201781-7','---','ESTEBAN  IGNACIO',358,47),(3644,'BAEZA','QUINTERO','21087604-9','---','BRANDON  LUIS',358,47),(3643,'AZOCAR','MONSALVE','21198852-5','---','YIMMY  JAVIER',358,47),(3642,'ARAVENA ','MUÑOZ','21228645-1','---','ALEXANDRA  ELENA',358,47),(3641,'ARAVENA ','BUSTOS','21162515-5','---','BELEN  ANTONIA',358,47),(3640,'GONZALEZ ','MUÑOZ ','20944698-7','---','MANUEL JESUS ',357,47),(3639,'LUNA','SEGUEL','21132200-4','---','JOSÉ MAURICIO',357,47),(3638,'YAÑEZ','SANCHEZ','21038194-5','---','KATHERINE  VERONICA',357,47),(3637,'VÁSQUEZ','LEIVA','20793763-0','---','MILLARAY SOFIA',357,47),(3636,'VALENZUELA','AMIGO','21132492-9','---','MAYKEL  ANDRES',357,47),(3635,'SEPULVEDA','SAGREDO','21215043-6','---','DIEGO  ALEJANDRO',357,47),(3634,'SALGADO','RAMIREZ','20306777-1','---','RICARDO ALEJANDRO',357,47),(3633,'SALGADO','HENRIQUEZ','20569824-8','---','FABIAN  ALEJANDRO',357,47),(3632,'SALGADO','CANCINO','21295304-0','---','SEBASTIAN  HUMBERTO',357,47),(3631,'SALAZAR','ALARCON','21071031-0','---','MIGUEL  IGNACIO',357,47),(3630,'RIVAS','SANCHEZ','20907805-8','---','OSVALDO  ANDRES',357,47),(3629,'QUINTANA','CHAVARRIA','20274118-5','---','ALEX  RODRIGO',357,47),(3627,'PEREIRA','FRIZ','21313024-2','---','LEONARDO  AURELIO',357,47),(3626,'ORTEGA','CASTILLO','20570224-5','---','CRISTIAN  ALEXANDER',357,47),(3625,'ORELLANA','ALARCON','20954104-1','---','BASTIAN  ANDRES',357,47),(3624,'MUÑOZ','MOYA','20570498-1','---','OSCAR  ARNALDO',357,47),(3623,'MUÑOZ','GONZALEZ','20570462-0','---','JAVIER  SEBASTIAN',357,47),(3622,'MORAGA','GARCIA','21239444-0','---','VALENTINA  ANDREA',357,47),(3621,'MORAGA','ESPINOSA','21308025-3','---','RICARDO  ANTONIO',357,47),(3620,'MORAGA','ESPINOSA','21307981-6','---','CATALINA  ANTONIA',357,47),(3619,'MOLINA','MUÑOZ','21317401-0','---','MONSERRAT DE LOS ANGELES',357,47),(3618,'MOLINA','MUÑOZ','20570018-8','---','BRANDON  ARMANDIO',357,47),(3617,'MEDINA ','VASQUEZ','21024577-4','---','ALEJANDRA  FRANCISCA',357,47),(3616,'MACAYA','ARELLANO','21148040-8','---','ALICIA  FERNANDA',357,47),(3615,'GRANDON','ROMERO','20945655-9','---','NATALIA  ISABEL',357,47),(3614,'GANGAS','ARAVENA','21281105-K','---','YEXY  SOLANGE',357,47),(3613,'CONSTENLA','CANALES','20449322-7','---','SEBASTIAN  EDUARDO',357,47),(3612,'COLOMA','MORA','21301129-4','---','DANIELA  DEL  CARMEN',357,47),(3611,'CACERES','ESPINOSA','20569997-K','---','PATRICIO  ALEXANDER',357,47),(3610,'BADILLA','HIDALGO','20282343-2','---','SCARLETT  DENISSE',357,47),(3609,'ARAVENA','MUÑOZ','20941702-2','---','CAMILA  FERNANDA',357,47),(3608,'ANRIQUEZ ','IBAÑEZ','20937867-1','---','CARLA  ANDREA',357,47),(3607,'AMIGO','CANALES','21124791-6','---','FERNANDO  ANTONIO',357,47),(3606,'GUTIERREZ','NAVARRETE','20570381-0','---','AGUSTIN ANTONIO',356,47),(3605,'LUNA','SEGUEL','21420094-5','---','BRAYAN ALEJANDRO',356,47),(3604,'VILLEGAS','LUNA','21387840-9','---','SCARLET  ALEJANDRA',356,47),(3603,'VILLEGAS','CONTRERAS','21337189-4','---','MONSERRAT  ARLETTE',356,47),(3602,'VILLALOBOS','ZAMBRANO','21391839-7','---','VERONICA  ANDREA',356,47),(3601,'VELASQUEZ','ARELLANO','21597388-3','---','EDITT  JESUS',356,47),(3600,'VEGA','SALGADO','21380150-3','---','VICENTE  ANDRES',356,47),(3599,'SOBARZO','CASTILLO','21518100-6','---','AYELEN ALEJANDRA',356,47),(3598,'RUIZ','SUAZO','21420945-4','---','CAROLINA  GISSEL',356,47),(3597,'ROJAS','FAUNDEZ','21408569-0','---','CAMILA  ANDREA',356,47),(3596,'PEREZ','DIAZ','21228141-7','---','CATALINA  MUCLAN',356,47),(3595,'ORTIZ','ALVEAR','21536429-1','---','SEBASTIAN  ALEXADER',356,47),(3594,'ORELLANA','AGURTO','21074213-1','---','CATALINA IGNACIA',356,47),(3593,'MUÑOZ','SOTO','21161768-3','---','JONATHAN  ANTONIO',356,47),(3592,'MUÑOZ','PARRA','21172717-9','---','CRISTEL  VERONICA',356,47),(3591,'MORA','AGUILERA','21485475-9','---','JEAN  CARLOS  FILIPH',356,47),(3590,'MATUS','CANCINO','21368340-3','---','MAICOL  LEANDRO',356,47),(3589,'LUCERO','MEZA','21563761-1','---','MANUEL  FERNANDO',356,47),(3588,'JORQUERA','VALLEJOS','20229922-9','---','SOLANGE  BELEN',356,47),(3587,'JARA','QUILODRAN','20060777-5','---','AYLIN  ANDREA DEL ROSARIO',356,47),(3586,'GUTIERREZ','TORRES','21130460-K','---','ROMINA  DARLIN',356,47),(3585,'GONZALEZ','TORRES','21202463-5','---','FLAVIANA  JANNETT',356,47),(3584,'CONTRERAS','HORMAZABAL','21388093-4','---','JOHAN  JEAN  PIERRE',356,47),(3583,'ARAVENA','CONTRERAS','21174689-0','---','IGNACIO  RODRIGO',356,47),(3582,'ANDAUR','BUSTOS','21591517-4','---','NAGELLY  FERNANDA',356,47),(3581,'ALVEAR','ALARCON','21417162-7','---','MAYRA  FRANCHESCA',356,47),(3580,'MOLINA ','HENRIQUEZ ','20569857-4','---','MOISES ESTEBAN ',355,47),(3578,'VERA','REBOLLADO','21335328-4','---','JOHANNA  BELEN',355,47),(3577,'VEGA','GUTIERREZ','21593049-1','---','IGNACIO  ALEJANDRO',355,47),(3576,'VASQUEZ','MARQUEZ','21426907-4','---','MARIA  JOSE',355,47),(3575,'TORRES','TORRES','21449271-7','---','FELIPE  ANDRES',355,47),(3574,'TORRES','TORRES','20951315-3','---','LUIS  MIGUEL',355,47),(3573,'RETAMAL ','SALGADO','21498196-3','---','PALOMA  ALEJANDRA',355,47),(3572,'PLAZA','PLAZA','21549038-6','---','ROCIO  ANNAYS',355,47),(3571,'PEREZ','VEGA','21570821-7','---','MAYCOL  ANTONNIO',355,47),(3570,'PEREZ','BENAVENTE','21371965-3','---','LORENA  IGNACIA',355,47),(3569,'MUÑOZ','VALENZUELA','21579239-0','---','YULISA  ALEXANDRA',355,47),(3568,'MUENA','ALVEAR','21431821-0','---','ESTEBAN  NICOLAS',355,47),(3567,'MORAGA','ANDRADES','20273969-5','---','FRANCO  ANTONIO',355,47),(3566,'MORA','OLOVOS','21356520-6','---','FRANCISCO  JAVIER',355,47),(3565,'MANRIQUEZ','ALARCON','21333414-K','---','JOSE  TOMAS',355,47),(3564,'MACAYA','ARELLANO','21328936-5','---','ALEXIS  ALEJANDRO',355,47),(3562,'GUTIERREZ','JAQUE','20950900-8','---','SEBASTIAN  ALEJANDRO',355,47),(3561,'FUENTES','LUENGO','21477446-1','---','BERNARDO  BENJAMIN',355,47),(3560,'ESPINOSA','VASQUEZ','21036641-8','---','WILLIAMS   IGNACIO',355,47),(3559,'CASTILLO','RIOS','21463157-1','---','CONSTANZA  VALENTINA',355,47),(3558,'BUSTOS','BUSTOS','21413434-9','---','JEAN CRISTOPHER  SEGUNDO',355,47),(3557,'ARAVENA ','AGURTO','21341569-7','---','CRISTIAN  EDUARDO',355,47),(3556,'AGURTO','TORRES','21396908-0','---','MACARENA  DEL  PILAR',355,47),(3554,'ZAMBRANO','ZAMBRANO','21518253-3','---','YEISON  ANTONIO',354,47),(3553,'VILLARROEL','TAPIA','21301137-5','---','MIGUEL  ENRIQUE',354,47),(3552,'VERA','ORELLANA','21609889-7','---','CRISTIAN  FERNANDO',354,47),(3551,'VENEGAS','LEAL','21149104-3','---','TOMAS  ANDRES',354,47),(3550,'VALLEJOS','MUÑOZ','21286318-1','---','KEVYN  ALEJANDRO',354,47),(3549,'TORRES','TORRES','21639679-0','---','BELEN  ANAIS',354,47),(3548,'TORRES','PINEDA','21356026-3','---','CESAR  JAVIER',354,47),(3547,'SEGURA','SALAZAR','21475018-K','---','BENJAMIN  ALEJANDRO',354,47),(3546,'MUÑOZ ','SALGADO','21590650-7','---','MILLARAY  ANAKENA',354,47),(3545,'MUÑOZ','FAUNDEZ','21668813-9','---','IVAN  ALEXIS',354,47),(3544,'MENDOZA','CARO','21706613-1','---','MAXIMILIANO  ALEXANDER',354,47),(3543,'LUENGO','TORRES','20995871-6','---','KIMBERLI  GRACIELA  IGNACIA',354,47),(3542,'JARA','QUILODRAN','21706311-6','---','MAXIMILIANO   ANTONIO',354,47),(3541,'FIGUEROA','ALMENDRAS','21769553-8','---','KRISHNA  ANDREA',354,47),(3540,'CASTILLO','MORA','21617761-4','---','MARCELO  SEBASTIAN',354,47),(3539,'CARRION','SUAZO','21867105-5','---','ALEJANDRO  JOSE',354,47),(3538,'AMIGO','ORELLANA','21319245-0','---','BRAYAN  JAVIER',354,47),(3537,'ALMENDRAS','PINEDA','21418872-4','---','PATRICIA  ALEJANDRA',354,47),(3536,'YAÑEZ','ARAYA','21628435-6','---','ARELYS TRINIDAD',353,47),(3535,'SOBARZO','OSORES','21787941-8','---','SCARLETT  DENISSE',353,47),(3534,'ROMERO','CACERES','21796725-2','---','CONSTANZA  ANDREA',353,47),(3533,'RECABARREN','MOYA','21680532-1','---','FRANCISCA MAGDALENA XIMENA',353,47),(3532,'PONCE','RUIZ','21628604-9','---','JAVIERA  MAGDALENA',353,47),(3531,'PEREZ','ALARCON','21696888-3','---','ANGEL  ANDRES',353,47),(3530,'OLATE','SANCHEZ','21675383-6','---','FERNANDA ISIDORA JEANNETTE',353,47),(3529,'NORAMBUENA','COLICHEO','21639024-5','---','JOSHAM  ALEXANDER',353,47),(3528,'MONTECINOS','VEGA','21800736-8','---','KEVYN  AGUSTIN',353,47),(3527,'MILLAHUAL','NORAMBUENA','21835099-2','---','DIEGO  EDUARDO',353,47),(3526,'MEZA','CANCINO','21626192-5','---','ROBERTO  ESTEBAN',353,47),(3525,'MENDEZ','BARRA','21709857-2','---','FELIPE  ALEXIS',353,47),(3524,'MENA','VALENZUELA','21706969-6','---','FERNANDA  JAVIERA',353,47),(3523,'LEAL','MONTECINOS','21736431-0','---','ALEJANDRA  ANTONIA',353,47),(3522,'HENRIQUEZ','MUÑOZ','21674124-2','---','CONSTANZA  MILLARAY ANDREA',353,47),(3521,'GUTIERREZ','JAQUE','21722248-6','---','CONSTANZA  MARIOLY',353,47),(3520,'GONZALEZ','ESCOBAR','21711008-8','---','MARTIN  EDGARDO',353,47),(3519,'FLORES','CANCINO','21332814-K','---','FERNANDO  ALEJANDRO',353,47),(3518,'DIAZ','LABRA','21731141-1','---','DAMIAN  ESTEBAN',353,47),(3517,'CANCINO','CANCINO','21700585-K','---','DANIEL  ELIAS',353,47),(3516,'CACERES','CRISOSTOMO','21593333-4','---','JEISON  ANTONIO',353,47),(3515,'ARELLANO','DIAZ','21629528-5','---','RAMON  ESTEBAN',353,47),(3514,'ARAYA','CARDENAS','21626489-4','---','PABLO  JESUS',353,47),(3513,'ARANEDA','BRAVO','21633605-4','---','LUCIA  ESPERANZA',353,47),(3512,'ALVEAR','ALARCON','21718964-0','---','CARLA  BAYTIARE',353,47),(3511,'ALBORNOZ','GARRIDO','21640994-9','---','NICOLAS  FERNANDO',353,47),(3510,'BILLARD','ARIAS','22011032-K','---','JOSÉ IGNACIO',352,47),(3509,'TORRES','ARAVENA','21953037-4','---','MONICA  AGUSTINA',352,47),(3508,'SUAREZ','SOTO','21652576-0','---','YONN  BRAHIAM',352,47),(3507,'SANDOVAL','PEÑA ','21699593-7','---','JOSE  MIGUEL',352,47),(3506,'SALAZAR','RUIZ','21896680-2','---','PIA  FERNANDA',352,47),(3505,'ROJAS','MEZA','21669489-9','---','MATIAS  IGNACIO',352,47),(3504,'RODRIGUEZ','ALARCON','21913686-2','---','ELIZABETH  MARCELA',352,47),(3503,'PEREZ','PEREZ','21956753-7','---','ALFONSINA  ANASTASIA',352,47),(3502,'PASMIÑO','VALENZUELA','22054061-8','---','EMILY  DIANE',352,47),(3501,'OSORIO','CANALES','21981179-9','---','MATIAS  ANDRES',352,47),(3500,'ORTIZ','PEÑAILILLO','21866363-K','---','CONSTANZA  NOEMI',352,47),(3499,'ORTIZ','ALVEAR','22018220-7','---','SIMONEY  FRANCISCA',352,47),(3498,'MOYA','MOYA','21947490-3','---','NICOLE  ANDREA',352,47),(3497,'MORAGA','LEON','21876809-1','---','PATRICIA POLETH',352,47),(3496,'MACAYA','ROLDAN','21882572-9','---','ANAYS  BELEN',352,47),(3495,'FUENTES','ROLDAN','22104723-0','---','ALEXIS  PATRICIO',352,47),(3494,'FERNANDEZ','MENA','21752422-9','---','MARIA  DE LOS ANGELES',352,47),(3493,'FAUNDEZ','MORAGA','22035398-2','---','ANGELICA DE LAS MERCEDES',352,47),(3492,'ESTUARDO','SOTO','21879742-3','---','PAZ  BELEN',352,47),(3491,'CISTERNA','ANDRADE','21781503-7','---','ESTEBAN  ALEJANDRO',352,47),(3490,'CARMONA','DIAZ','21945652-2','---','MAXIMILIANO  ANTONIO',352,47),(3489,'BUSTOS','SEPULVEDA','21980093-2','---','BASTIAN  LEANDRO',352,47),(3488,'AVILA','SALAS','21986539-2','---','YESTER  DANAY',352,47),(3487,'ARAVENA','VASQUEZ','21942819-7','---','FRANCISCA  RAYEN',352,47),(3486,'PARRA','GAJARDO','21910364-6','---','ANTONIA IGNACIA',351,47),(3484,'MUÑOZ','PAVÉZ','22033599-2','---','PRISCILLA FERNANDA',351,47),(3483,'TAPIA','ASTORGA','21828074-9','---','MICHAEL ALEJANDRO',351,47),(3481,'DURAN','HENRIQUEZ','21940245-7','---','CRISTOBAL IGNACIO',351,47),(3478,'VELOZO','PÉREZ','22101587-8','---','AMBAR DANAI',351,47),(3477,'RIVAS','SANCHEZ','22055959-9','---','VALENTINA  YANETH',351,47),(3805,'PÉREZ','VÁSQUEZ','22055376-0','--','BENJAMÍN PATRICIO',370,32),(3804,'GÓMEZ','SEPÚLVEDA','21784040-6','--','PAULINA ANDREA',370,32),(3458,'DURAN','HENRIQUEZ','22374529-6','---','CATALINA NATALIA ',350,47),(3457,'YAÑEZ','VERA','22289911-7','---','LISSETTE  DE LOS  ANGELES',350,47),(3456,'VILLEGAS','CONTRERAS','22367702-9','---','EMILIA  ANDREA',350,47),(3455,'VALENZUELA','AMIGO','22336404-7','---','ANAIS  DEL  CARMEN',350,47),(3454,'SUAZO','SEGURA','22208113-0','---','MATIAS  NICOLAS',350,47),(3453,'RIVAS','GAETE','22395699-8','---','FERNANDA  ABISAY',350,47),(3451,'RAMIREZ','PALMA','22153804-8','---',' ANGEL MATIAS ',350,47),(3450,'PEÑAILILLO','TORRES','22171813-3','---','ESTEFAN  ALEXIS',350,47),(3449,'PEÑAILILLO','BUSTOS','22255235-4','---','MICHAEL  ABRAHAM',350,47),(3448,'PAVEZ','RETAMAL','21810681-1','---','CARLOS  EDUARDO',350,47),(3447,'MUÑOZ','SALGADO','22282318-8','---','ALMENDRA  CECILIA',350,47),(3446,'MUÑOZ','VALENZUELA','22234866-8','---','LUIS  JOHANS',350,47),(3445,'MORAGA','ANDRADES','22037134-4','---','LISETT  ALEJANDRA',350,47),(3444,'LORCA','LEIVA','21809858-4','---','JONATHAN ABRAHAM',350,47),(3443,'LEPE','ARZOLA','22287195-6','---','CLAUDIO  ESTEBAN',350,47),(3442,'JARA','QUILODRAN','22406111-0','---','ANAIS  CONSTANZA',350,47),(3441,'GUTIERREZ','RECABAL','22208549-7','---','CATALINA  ANTONIA',350,47),(3440,'GARRIDO','SANCHEZ','22400905-4','---','CRISTEL  ANAIS',350,47),(3439,'DIAZ','VALENZUELA','22434452-K','---','ANAIS  ANDREA',350,47),(3438,'CANDIA ','LEON','22185482-9','---','CAMILA  ANDREA',350,47),(3437,'BUSTOS','BUSTOS','21196890-5','---','IGNACIO  ANDRES',350,47),(3436,'ARAVENA','MOYA','22200632-5','---','VERONICA  ALMENDRA',350,47),(3435,'ALVEAR','ESTUARDO','22183272-8','---','CONSTANZA  ANDREA',350,47),(3434,'ALARCON','SANDOVAL ','22345003-1','---','VICENTE TOMAS ',350,47),(3433,'ALARCON','BUSTOS','22183424-0','---','SEBASTIAN  ORLANDO',350,47),(3432,'ALARCON','BUSTOS ','22169577-1','---',' ERIK LEANDRO ',350,47),(3430,'ZAPATA','ORELLANA','22204129-5','---','BENJAMIN  ANDRES',349,47),(3429,'SOTO','ARIAS','22325352-0','---','CONSTANZA  ANTONIA',349,47),(3428,'SALAZAR','PEREIRA','22327278-9','---','FLORENCIA  CECILIA  DEL PILAR',349,47),(3427,'ROLDAN','MUÑOZ','22352059-6','---','KRISHAN  ANTONIA',349,47),(3426,'PEREZ','BUSTOS','22383704-2','---','MARIANA  DEL  CARMEN',349,47),(3425,'ORTIZ','GARCIA','22282859-7','---','KASSANDRA  PAULINA',349,47),(3424,'MORAGA','GARCIA','22142249-K','---','ADRIANA  ISIDORA',349,47),(3423,'MENA','GAETE','21888965-4','---','JOAQUIN  ANDRES',349,47),(3422,'MELGAREJO','JARA','22285009-6','---','BRANDON  MAXIMILIANO',349,47),(3421,'MANRIQUEZ','SUAZO','22395602-5','---','CAMILA  ANDREA',349,47),(3420,'LORCA','LEIVA','21379943-6','---','MARCELO IGNACIO',349,47),(3419,'LEAL','LEAL','22160958-1','---','ANIBAL  EDUARDO',349,47),(3417,'HIDALGO','ALVAREZ','22401221-7','---','JUAN  HERNAN  MARTIN',349,47),(3416,'HENRIQUEZ ','SUAZO','22363169-K','---','CRISTIAN  ANDRES',349,47),(3415,'GUTIERREZ','RIOS','21785792-9','---','JOSE  MIGUEL',349,47),(3414,'GANGAS','ARAVENA','21960498-K','---','IYAMARA  YAMILET',349,47),(3413,'FLORES','OLIVA','22274051-7','---','PAZ  VELENTINA',349,47),(3412,'DIAZ','RUIZ','22187363-7','---','JOHAANN  MICHELL',349,47),(3411,'BURGOS','ZAMBRANO','22131271-6','---','CAMILA  ESTEFANIA',349,47),(3409,'ARRIAGADA','MUÑOZ','22319497-4','---','MATIAS  BEJAMIN',349,47),(3408,'ARAVENA','MUÑOZ','22347202-8','---','MAXIMO  RODRIGO',349,47),(3407,'ALVERA','VEGA','22267592-8','---','ANTONELA DE LOS ÁNGELES',349,47),(3406,'ALVEAR','VEGA','22267516-2','---','ANAHÍS ALEJANDRA',349,47),(3405,'ALARCON','MUÑOZ','22394559-7','---','MATIAS  ARIEL',349,47),(3404,'ALARCON','AMIGO','22424064-3','---','DIEGO  FELIPE',349,47),(3403,'AGURTO','TORRES','22387433-9','---','BRYAN  STEVEN',349,47),(3837,'TENORIO','PÉREZ','21128253-3','--','KARINA BEATRIZ',373,32),(3833,'NAVARRETE','INOSTROZA','21154809-6','--','FRANCISCA ANDREA',373,32),(3834,'OÑATE','ESCOBAR','21151303-9','--','JOAQUÍN JESÚS',373,32),(3835,'RETAMAL','PÉREZ','21127381-K','--','JOAQUÍN ANDRÉS',373,32),(3836,'RETAMAL','RUBILAR','21221162-1','--','FRANCISCA IGNACIA',373,32),(3818,'JARPA','ESPINOSA','21381244-0','--','CAMILA ALEJANDRA',372,32),(3819,'MATUS','SALINAS','21439026-4','--','SEBASTIAN EDGARDO',372,32),(3820,'MATUS','SEPÚLVEDA','21599117-2','--','MONSERRAT ALEXANDRA',372,32),(3821,'MORALES','URZÚA','21415489-7','--','ANALÍA BELÉN',372,32),(3822,'MORENO','MATUS','21327440-6','--','AYLLIN ANNAYS',372,32),(3823,'RIFO','YÁÑEZ','21449449-3','--','KIARA DANAY',372,32),(3824,'ROJAS','RÍOS','21375450-5','--','ALEX GABRIEL',372,32),(3825,'YÁÑEZ','AGURTO','21586807-9','--','ENYGER ARIELA',372,32),(3826,'YAÑEZ','RIFO','21599643-3','--','FERNANDA ANDREA',372,32),(3827,'MAUREIRA','CASTILLO','21574168-0','--','KRISHNA LUCÍA',372,32),(3828,'MELLA','NORAMBUENA','21403099-3','--','CARLOS ANDRÉS',372,32),(3829,'NAVARRO','MORENO','21401730-K','--','VALENTINA ANDREA',372,32),(3830,'RAMOS','ESCOBAR','21585407-8','--','YARIS ARACELY',372,32),(3831,'FLORES','CÁCERES','21524092-4','--','FRANCISCO MOISÉS',372,32),(3832,'ESPINAZA','PÉREZ','21124566-2','--','JUAN ANDRÉS',373,32),(3771,'DIAZ','AGURTO','22664214-5','--','CAMILA DE LOURDES',363,37),(3772,'FRIZ','FUENTES','22616099-k','--','ISABEL CONSTANZA',363,37),(3773,'ROJAS','SEPÚLVEDA','21866435-0','--','MAXIMILIANO ANDRÉS',364,37),(3774,'YÁÑEZ','TORRES','22099719-7','--','IVON BELEN',364,37),(3775,'SALAZAR','GODOY','21880858-1','--','ANAÍS NINOSKA DE LOURDES',365,37),(3776,'SALAZAR','GODOY','21188869-5','--','JORGE AARON ANTONIO',366,37),(3777,'VELÁSQUEZ','VALLADARES','21292284-6','--','MONSERRAT ALEJANDRA',367,37),(3806,'RAMOS','RUBILAR','21978697-2','--','FRANCISCA CATALINA',370,32),(3807,'APABLAZA','TEJO','21815952-4','--','WLADIMIR OSVALDO',371,32),(3808,'CAMPOS','OBREGÓN','21700965-0','--','IGNACIO ANTONIO',371,32),(3809,'ESPINOSA','GÓMEZ','21717400-7','--','RODRIGO IGNACIO',371,32),(3810,'NAVARRETE','MATUS','21725484-1','--','DAVID ARIEL',371,32),(3811,'OÑATE','NEIRA','21762684-6','--','NICOLÁS ANTONIO',371,32),(3812,'PÉREZ','FLORES','21500925-4','--','MARÍA JOSÉ',371,32),(3813,'PÉREZ','ORTEGA','21622226-1','--','ALEXANDER BASTIÁN',371,32),(3814,'RETAMAL','ARAVENA','21679890-2','--','TANIA ANDREA',371,32),(3815,'SEPÚLVEDA','SALINAS','21778828-5','--','JUAN MIGUEL',371,32),(3816,'BARRIGA','VILLABLANCA','21295501-9','--','JORGE ANDRÉS',372,32),(3817,'CASTILLO','YÁÑEZ','21360961-0','--','REINALDO ANDRÉS',372,32),(5379,'pérez','rebolledo','21273534-5','--','javier ignacio',462,31),(5380,'rebolledo','quero','21189846-1','--','jorge patricio',462,31),(5381,'gajardo','chávez','20995122-3','--','jean pierre',462,31),(5382,'aguilera','salgado','20090228-9','--','estefanía alejandra',463,31),(5383,'aravena','leal','20570377-2','--','josé miguel',463,31),(5384,'aravena','maureira','20877037-3','--','catalina constanza',463,31),(5385,'aravena','torres','20964865-2','--','yanina del carmen',463,31),(5373,'leal','ríos','21061407-9','--','krishna millaray',462,31),(5374,'luna','salgado','21095791-K','--','marcela belén',462,31),(5375,'muñoz','sobarzo','21077048-8','--','pedro javier',462,31),(5376,'parra','pérez','21151202-4','--','karina beatriz',462,31),(5377,'pérez','morales','21165403-1','--','guillermo ignacio',462,31),(5378,'pérez','opazo','21077533-1','--','evelyn alejandra',462,31),(5137,'HENRÍQUEZ','BASTÍAS','22306721-2','--','MARCELA PAZ',434,39),(5138,'LEAL','BASTÍAS','22617767-1','--','SEBASTIÁN ALEXANDER',434,39),(5139,'LÓPEZ','QUEVEDO','22729760-3','--','LEANDRO ISAAC',434,39),(5140,'FUENTES','HERNÁNDEZ','22459753-3','--','ESCARLETH ANAIS',434,39),(5141,'PONCE','CHANDIA','22529091-1','--','CIELO CONSTANZA',434,39),(5142,'MORAGA','BASTÍAS','22624008-K','--','SOFÍA SCARLET',434,39),(5143,'MORAGA','AGUILERA','21934038-9','--','CATALINA ANDREA',435,39),(5144,'OLIVOS','MUENA','22415213-2','--','MARÍA JESÚS',435,39),(5145,'OLIVOS','HERNÁNDEZ','22296350-8','--','VALENTINA ANTONELA',435,39),(5146,'RIVAS','RIVAS','21548797-0','--','ANGELO ELÍAS',436,39),(5147,'PEREIRA','OSORIO','21685371-7','--','CATALINA DEL CARMEN',436,39),(5148,'PEÑAILILLO','PARRA','21911226-2','--','YANINA FRANCISCA',436,39),(5149,'RIQUELME','VALDEBENITO','21962398-4','--','MARTÍN IGNACIO',436,39),(5150,'HORMAZÁBAL','OSORIO','21655962-2','--','POLONIA ESTER',436,39),(5151,'VALDÉS','ARENAS','21786878-5','--','MÓNICA BEATRIZ',437,39),(5152,'FUENTES','HERNÁNDEZ','21739796-0','--','ALEXANDER ANTONIO',437,39),(5153,'LEAL','LÓPEZ','21264801-1','--','GERARDO ANTONIO',437,39),(5154,'MORAGA','GONZÁLEZ','21643129-4','--','JOSÉ MAXIMILIANO',437,39),(5155,'MORAGA','GARCÍA','21594763-7','--','MARTINA ANTONELA',437,39),(5156,'CÁCERES','CASTILLO','21548641-9','--','CATALINA ANDREA',438,39),(5157,'GARCÍA ','MORAGA','21347929-6','--','GUILLERMO ANTONIO',438,39),(5158,'MUÑOZ','RECABAL','21541184-2','--','CATALINA FRANCISCA',438,39),(5159,'BENAVIDES ','MUENA','21523262-K','--','MARCO ANTONIO',438,39),(5160,'YÉVENES','OSORIO','21404131-6','--','PATRICK DAMIÁN',438,39),(5161,'HORMAZÁBAL','OSORIO','21089054-8','--','HÉCTOR FELICIANO',438,39),(5162,'PEÑAILILLO ','PARRA','20915079-4','--','MIGUEL ANGEL',439,39),(5163,'VELOSO','MIRANDA','21239632-K','--','JOSÉ DAMIÁN',439,39),(5395,'ríos','velis','20915009-3','--','diego antonio',463,31),(5396,'salgado','galdames','21037838-3','--','luciano antonio',463,31),(5397,'salgado','vega','20963030-3','--','cristofer andrés',463,31),(5398,'vásquez','amaya','21066646-K','--','francisca antonia',463,31),(5399,'vergara','castro','20788726-9','--','bryan milovan',463,31),(5400,'villanueva','ramos','20958991-5','--','salomón eliseo',463,31),(5401,'villegas','díaz','20982314-4','--','cecilia andrea',463,31),(5402,'alvear','landero','20307310-0','--','valeska alejandra',464,31),(5403,'andaur','ayala','20570059-5','--','josé ricardo',464,31),(5404,'aravena','aravena','19939282-4','--','josé atalivar',464,31),(5405,'badilla','muñoz','20570020-K','--','rocío del carmen',464,31),(5406,'bustos','moraga','20569963-5','--','javier andrés',464,31),(5407,'cancino','jara','20274202-5','--','graciela constanza',464,31),(5408,'casanova','medina','20542799-6','--','miguel angel',464,31),(5409,'domínguez','cancino','20273704-8','--','fernando antonio',464,31),(5410,'durán','sánchez','20570415-9','--','yobanca araceli',464,31),(5411,'gallardo','retamal','20570007-2','--','javiera constanza',464,31),(5412,'garrido','moreno','20570348-9','--','luis dilan',464,31),(5413,'gutiérrez','lara','20569729-2','--','luis guillermo',464,31),(5414,'ibáñez','aravena','20569774-8','--','sonia del carmen',464,31),(5415,'jara','campos','20569909-0','--','javier matías',464,31),(5416,'marín','manríquez','20570197-4','--','matías nicolás',464,31),(5417,'molina','pereira','20569869-8','--','paul bryan',464,31),(5418,'muñoz','pérez','20569947-3','--','ignacio alejandro',464,31),(5419,'ñanca','jara','20533915-9','--','cristian antonio',464,31),(5420,'opazo','díaz','20274216-5','--','mauricio alejandro',464,31),(5421,'opazo','escalona','20569720-9','--','felipe alberto',464,31),(5422,'peña','orellana','20570091-9','--','macarena alejandra',464,31),(5423,'pereira','escalona','20570228-8','--','sebastián eduardo',464,31),(5424,'pérez','recabarren','20570066-8','--','macarena belén',464,31),(5425,'ramírez','díaz','20569730-6','--','daniela fernanda',464,31),(5426,'rebolledo','ríos','20570148-6','--','natalia de la paz',464,31),(5427,'rebolledo','yévenes','20569906-6','--','bárbara nayeli',464,31),(5428,'salazar','godoy','20273787-0','--','pía dariolette',464,31),(5429,'salgado','quero','20569897-3','--','camila de lourdes',464,31),(5430,'vega','yévenes','20569987-2','--','berenice yesenia',464,31),(5431,'ORELLANA','MOYA','22677520-K','--','JOHANA ANTONIA',465,29),(5432,'PEREIRA','MOYA','22567258-K','--','VALERIA ARACELY',465,29),(5433,'DÍAZ','AYALA','22689396-2','--','ESTEBAN DE LA CRUZ',465,29),(5434,'YÉVENES','MOYA','22728791-8','--','PAMELA ANDREA',465,29),(5435,'DÍAZ','BASTÍAS','22244734-8','--','MARIALIS ANDREA',466,29),(5436,'DÍAZ','QUINTANA','22194932-3','--','MATIAS ALFREDO',466,29),(5437,'LUNA','LUNA','22341201-7','--','RODRIGO ANTONIO',466,29),(5438,'MORAGA','MUÑOZ','22250425-2','--','RICARDO ANDRÉS',466,29),(5439,'DÍAZ','AYALA','21744985-5','--','PRISCILA DEL CARMEN',467,29),(5440,'QUINTANA','DÍAZ','22147143-1','--','BÁRBARA YESENIA',467,29),(5441,'VILLEGAS','LUNA','22011696-4','--','CRISTÓBAL ESTEBAN',467,29),(5442,'DÍAZ','DÍAZ','21672101-2','--','IVAN MATÍAS',468,29),(5443,'MORAGA','MUÑOZ','21832934-9','--','MONSERRAT ALEJANDRA',468,29),(5444,'MUENA','MOYA','21876785-0','--','LEANDRO ANDRÉS',468,29),(5445,'VILLEGAS','MOYA','21703524-4','--','JESSICA ANDREA',468,29),(5446,'YÉVENES','MORAGA','21464043-0','--','GONZALO ALONSO',468,29),(5447,'PEREIRA','MOYA','21413544-2','--','ADÁN ANTONIO',469,29),(5448,'VILLEGAS','LUNA','21523399-5','--','WLADIMIR BALTASAR',469,29),(5449,'LUNA','LUNA','20877112-4','--','ALEX ANDRÉS',469,29),(5450,'DÍAZ','QUINTANA','21503332-5','--','CRISTEL ANDREA',469,29),(5451,'GUTIÉRREZ','DÍAZ','21308268-K','--','MARCIA VALESKA',469,29),(5452,'LUNA','LUNA','21508330-6','--','ROMINA MILLARAY',469,29),(5453,'DÍAZ','ORELLANA','21324725-5','--','LESLY MICAELA',470,29),(5454,'DÍAZ','BASTÍAS','20570448-5','--','KRISTOFER EMILIANO',471,29),(5455,'YÉVENES','MOYA','20570132-K','--','DAMIÁN ANDRÉS',471,29),(5456,'ESPINOSA','PEREIRA','20570190-7','--','ERALDO ALFREDO',471,29),(5457,'VILLEGAS','MOYA','20569801-9','--','SEBASTIÁN ANTONIO',472,29),(5458,'DÍAZ','ORELLANA','20274038-3','--','EMILIA DE LOURDES',472,29),(5459,'DÍAZ','PEREIRA','20570431-0','--','ÁLVARO ESTEBAN',472,29),(5460,'ALARCÓN','ALARCÓN','22672879-1','--','CARLOS DAVID',506,22),(5461,'ALARCÓN','DOMÍNGUEZ','22722791-5','--','ALAN MAURICIO ISMAEL',506,22),(5462,'DÍAZ ','ESPINOZA','22625186-3','--','ANAÍS ANDREA',506,22),(5463,'DÍAZ ','ESPINOZA','22625164-2','--','SEBASTIÁN ANDRÉS',506,22),(5464,'ESPINOZA ','ESPINOZA','22677823-3','--','JORGE ALEJANDRO',506,22),(5465,'FAÚNDEZ ','MORENO','22659881-2','--','CONSTANZA LOVELYN',506,22),(5466,'GALLARDO ','GALLARDO','22523397-7','--','ROCÍO VALENTINA',506,22),(5467,'GARCÍA ','LEÓN','22735986-2','--','VALENTINA ANTONELLA',506,22),(5468,'GARCIAS ','ARAVENA','22694582-2','--','ANA VALESKA',506,22),(5469,'GONZÁLEZ ','CARRASCO','22523990-8','--','PAZ BELÉN',506,22),(5470,'LARA ','VELOZO','22625854-K','--','KATHERINE POLETT',506,22),(5471,'MARCHANT','LARA','22502410-3','--','LUIS ALEXIS',506,22),(5472,'MARTÍNEZ ','MEDEL','22552116-6','--','ZILPA FERNANDA',506,22),(5473,'MORA ','MONTECINO','22559134-2','--','MAYRA CONSTANZA',506,22),(5474,'MUÑOZ','LEÓN','22475882-0','--','MATÍAS NICOLÁS',506,22),(5475,'NOVOA','MUÑOZ','22490846-6','--','SOFÍA EMILIA',506,22),(5476,'OPAZO','ALARCÓN','22668994-K','--','NICOLÁS FELIPE',506,22),(5477,'PÉREZ','AGURTO','22521969-9','--','JOAQUÍN IGNACIO',506,22),(5478,'PÉREZ ','ROJAS','22377337-0','--','GABRIELA IGNACIA',506,22),(5479,'RABANAL ','DOMÍNGUEZ','22655827-6','--','ISIDORA FERNANDA IGNACIA',506,22),(5480,'RODRÍGUEZ','HENRÍQUEZ','22590242-9','--','FERNANDA BELÉN',506,22),(5481,'VALENZUELA','PÉREZ','22749317-8','--','PAOLA ANDREA',506,22),(5482,'VEGA','SUAZO','22667279-6','--','DIEGO SUAZO',506,22),(5484,'ALARCON','GALLARDO','22461791-7','--','VICENTE ANDRES',392,21),(5485,'ANDRADES','MOLINA','22463880-9','--','DANIEL ANTONIO',392,21),(5486,'ARAVENA','BUSTAMANTE','22446255-7','--','MAURICIO JOAQUIN IGNACIO',392,21),(5487,'ARAVENA','ESPINOSA','22532147-7','--','ANTONIA BELEN BERNARDITA',392,21),(5488,'AYALA','FLORES','22445213-6','--','BETZABE AYLIN',392,21),(5489,'BECERRA','URRUTIA','22539000-2','--','FERNANDA MONSERRAT',392,21),(5490,'CARIZ','ZAMORANO','22722728-1','--','LUkAS EDUARDO',392,21),(5491,'CARREÑO','MORAGA','22571992-6','--','DAVID ALEJANDRO',392,21),(5492,'CARREÑO','MORAGA','22571947-0','--','WILLIAMS ALEJANDRO',392,21),(5493,'CASTILLO','CASTILLO','22560149-6','--','MATIAS TOMAS',392,21),(5494,'CHAMORRO','FUENTES','22485669-5','--','CRISTIAN MATIAS',392,21),(5495,'DOMINGUEZ','GUTIERREZ','22728758-6','--','CARLOS EDUARDO',392,21),(5496,'HERRERA','LILLO','22589438-8','--','MIGUEL ANGEL',392,21),(5497,'IBAÑEZ','ROMERO','22560207-7','--','JOAQUIN ALONSO',392,21),(5498,'JARA','LEPE','22423287-K','--','MAXIMILIANO GASPAR',392,21),(5499,'LEAL','LEAL','22744992-6','--','ANGELA GABRIELA',392,21),(5500,'LILLO','PEREIRA','22630332-4','--','ALEJANDRA ELIZABETH',392,21),(5501,'MARTINEZ','CARTES','22508168-9','--','FRANCISCA ISIDORA',392,21),(5502,'MEDEL','GONZALEZ','22727601-0','--','FABIAN IGNACIO',392,21),(5503,'MOYA','PEREZ','22451260-0','--','JONATAN FRANCISCO',392,21),(5504,'MUÑOZ','HENRIQUEZ','22517158-0','--','ARTURO ANTONIO',392,21),(5505,'PARRA','MACHUCA','22500668-7','--','COLOMBA ANTONIA',392,21),(5506,'PEREZ','YAÑEZ','22555498-6','--','LUIS ROBERTO GABRIEL',392,21),(5507,'ROJAS','PEREZ','22715405-5','--','VALERIA FERNANDA',392,21),(5508,'SALGADO','RUIZ','22533132-4','--','ESTEFANIA TRINIDAD',392,21),(5509,'TOLOSA','HORMAZABAL','22741543-6','--','DANIELA CONSTANZA',392,21),(5510,'TORRES','URRA','22557810-9','--','FLORENCIA ANTONIA',392,21),(5511,'ABURTO','ZURITA','22530968-K','--','YAMILA DIANETH',393,21),(5512,'ALDANA','DIAZ','22470564-6','--','LUIS IGNACIO',393,21),(5513,'AMIGO','BRAVO','22746494-1','--','ANAIS ANTONELLA ALEJANDRA',393,21),(5514,'CAMPOS','GALLARDO','22554648-7','--','VICTORIA ESTEFANIA',393,21),(5515,'CANCINO','SUAZO','22384274-7','--','BENJAMÍN HERNÁN',393,21),(5516,'CLEMENTE','QUEVEDO','22644844-6','--','CAMILA JAVIERA',393,21),(5517,'CONTRERAS','CAMPOS','22524535-5','--','JAZMIN BELEN',393,21),(5518,'CURIN','PEREZ','22623610-4','--','SEBASTIAN ANTONIO',393,21),(5519,'DIAZ','BRAVO','22680437-4','--','ALBERTO MAXIMILIANO',393,21),(5520,'DIAZ','GOMEZ','22608272-7','--','ANIBAL DANIEL',393,21),(5521,'DÍAZ','SÁNCHEZ','22532849-8','--','FABIÁN ARÓN',393,21),(5522,'DOMINGUEZ','VASQUEZ','22755171-2','--','SEBASTIAN IGNACIO',393,21),(5523,'DURAN','ARAVENA','22595785-1','--','BARBARA KARINA',393,21),(5524,'ESPINOSA','SANHUEZA','22546834-6','--','MARTIN ANDRES',393,21),(5525,'FERNANDEZ','PEREZ','22536702-7','--','MARIA BELEN',393,21),(5526,'HIDALGO','AMPUERO','22493773-3','--','DANIKA ANDREA',393,21),(5527,'NAVIA','MUÑOZ','22660132-5','--','BASTIAN ALEXIS',393,21),(5528,'OSSES','GONZALEZ','22429401-8','--','BENJAMIN ALEJANDRO ARIEL',393,21),(5529,'PINO','HENRIQUEZ','22671785-4','--','NORIEL EDGARDO',393,21),(5530,'PRADENAS','MUÑOZ','22672640-3','--','AVRIL PAZ',393,21),(5531,'RIVAS','RECABARREN','22520292-3','--','MAGDALENA ARLET',393,21),(5532,'RODRRIGUEZ','HENRIQUEZ','22540070-9','--','AGUSTIN ALONSO',393,21),(5533,'ROJAS','VASQUEZ','22718813-8','--','YULIAN ALEXIS',393,21),(5534,'TORRES','VASQUEZ','22435431-2','--','YERAL PATRICIO',393,21),(5535,'VEGA','ALVEAR','22534228-8','--','KEVIN NICOLAS',393,21),(5536,'VEGA','MUÑOZ','22571895-4','--','ALFONSO ANTONIO',393,21),(5537,'APABLAZA','SALINAS','22716899-4','--','HERMAN EXEQUIEL',394,21),(5538,'BUSTOS','ALARCON','22552858-6','--','BRAYAN ALEX',394,21),(5539,'BUSTOS','HERNANDEZ','22595655-3','--','MAXIMILIANO IGNACIO',394,21),(5540,'CASTRO','PEREZ','22339820-0','--','JOAQUIN EDUARDO',394,21),(5541,'CAMPOS','NEIRA','22656733-K','--','IGNACIO JESUS',394,21),(5542,'DIAZ','MACHUCA','22400039-1','--','GEMINA MONSERRAT',394,21),(5543,'FOUCAUT','AVILA','22629546-1','--','JABRIEL ALEJANDRO',394,21),(5544,'FUENTEALBA','VELOSO','22597735-6','--','DIEGO ERNESTO',394,21),(5545,'GOMEZ','MOLINA','22467151-2','--','CRISTOFER ANDRE',394,21),(5546,'GOMEZ','VILLEGAS','22699631-1','--','SOFIA ANTONIA',394,21),(5547,'GONZALEZ','FUENTES','22728698-9','--','FERNANDO ANDRES',394,21),(5548,'LARA','GUTIERREZ','22554715-7','--','ROBERTO ANTONIO',394,21),(5549,'LARA','MUÑOZ','22570544-5','--','JOSE MIGUEL JULIAN',394,21),(5550,'LOPEZ','ARAVENA','22549600-5','--','FERNANDA ANTONIA',394,21),(5551,'MALIQUEO','MORAGA','22526011-7','--','AGUSTINA ESPERANZA',394,21),(5552,'MUÑOZ','GUTIERREZ','22523920-7','--','SEBASTIAN ALONSO',394,21),(5553,'MUÑOZ','VILLEGAS','22561007-K','--','CONSTANZA ALICIA',394,21),(5554,'NAVARRETE','VASQUEZ','22675426-1','--','JOSE IGNACIO',394,21),(5555,'NOVOA','VALDES','22719529-0','--','MATHIAS CRISTOBAL',394,21),(5556,'PEREIRA','JARA','22536997-6','--','CONSTANZA ADELINA',394,21),(5557,'REBOLLEDO','ARAVENA','22648532-5','--','BENJAMIN ALONSO ANDRES',394,21),(5558,'SUAZO','CONTRERAS','22539703-1','--','ESTEBAN ALEXANDER',394,21),(5559,'TORRES','BERNAL','22528493-8','--','FRANCISCO ALEXIS',394,21),(5560,'UNQUEN','ARELLANO','22451131-0','--','IGNACIO ANDRES',394,21),(5561,'VALDES','ORELLANA','22561657-4','--','FRANCESCA ANNAIS',394,21),(5562,'VALENZUELA','SEPULVEDA','22531895-6','--','TOMÁS JAVIER',394,21),(5563,'VALLADARES','GONZALEZ','22669157-K','--','NATALIE SOFÍA',394,21),(5564,'VASQUEZ','PARRA','22489133-4','--','LENNY AGUSTÍN',394,21),(5565,'ALARCON','FLORES','22202969-4','--','MARTINA BELEN',395,21),(5566,'AVILA','RETAMAL','22382710-1','--','EDUARDO ANDRES',395,21),(5567,'CANALES','RUIZ','22200909-K','--','BENJAMIN ANTONIO',395,21),(5568,'DIAZ','HUIRIQUEO','22287474-2','--','FERNANDO ANDRES',395,21),(5569,'ESPINOSA','DIAZ','22270124-4','--','BENJAMIN SAID',395,21),(5570,'GALDAME','FRIZ','22167333-6','--','VALERIA ALEJANDRA',395,21),(5571,'GUTIERREZ','VEGA','22167755-2','--','NEITAN JEHOVANEE',395,21),(5572,'GUZMAN','HORMAZABAL','22211516-7','--','JUAN PABLO',395,21),(5573,'HENRIQUEZ','TORRES','22362537-1','--','VICENTE TOMAS',395,21),(5574,'HERNANDEZ','PEREZ','22419668-7','--','ALISON LISBETH',395,21),(5575,'HORMAZABAL','ALFARO','22332238-7','--','HENRY ALBERTO',395,21),(5576,'HORMAZABAL','ANDRADE','22380870-0','--','JAVIER IGNACIO',395,21),(5577,'MATUS','AMIGO','22347409-8','--','JAVIERA ALEXANDRA',395,21),(5578,'MENA','CARRASCO','22179062-6','--','JUAN MANUEL ALEXANDER',395,21),(5579,'MENA','MADRID','22358326-1','--','ALISON BELEN',395,21),(5580,'MEZA','ARAVENA','22325799-2','--','VALENTINA ISIDORA',395,21),(5581,'MOYA','ESPINOSA','22389237-K','--','JAVIERA ANGELY',395,21),(5582,'MOYA','FUENTES','22305994-5','--','ARIELA BELEN',395,21),(5583,'NEICHUEL','VALDÉS','22207673-0','--','SEBASTIAN ANDRES',395,21),(5584,'OBREQUE','IBAÑEZ','22174410-1','--','FRANCISCO JAVIER',395,21),(5585,'OPAZO','BARRERA','22374817-1','--','EMILIA BRAGONIA',395,21),(5586,'OSORIO','ESPINOZA','22245346-1','--','ANTONELA ALEXANDRA',395,21),(5587,'QUINTANA','AGUILERA','22209025-3','--','ALEX RODRIGO',395,21),(5588,'RECABAL','VASQUEZ','22207010-4','--','ALVARO SAHID',395,21),(5589,'RETAMAL','VALENZUELA','22172196-9','--','JOSE ANDRES',395,21),(5590,'RODRIGUEZ','ARAVENA','22297406-2','--','DARIOLETT ALEJANDRA',395,21),(5591,'RODRIGUEZ','PLAZA','22377866-6','--','MARTINA ALEJANDRA',395,21),(5592,'ROJAS','JARA','22233559-0','--','MYA FRANCHESCA ALEJANDRA',395,21),(5593,'SALGADO','RIOS','22321816-4','--','NICOLAS PATRICIO',395,21),(5594,'SALVO','LOPEZ','22236246-6','--','FERNANDA AILINNE',395,21),(5595,'SANCHEZ','TUGGENER','22369700-3','--','YERAL IGNACIO',395,21),(5596,'SUAZO','AVILA','22329816-8','--','ANTONELLA ELISA',395,21),(5597,'TORRES','BAEZA','22305561-3','--','JUAN JOSE',395,21),(5598,'YEVENES','QUILODRAN','22297477-1','--','EMILIA ALEXANDRA',395,21),(5599,'ARIAS','LEON','21563559-7','--','DIEGO ANTONIO',396,21),(5600,'AYALA','MELGAREJO','22425465-2','--','DANIEL FERNANDO ANTONIO',396,21),(5601,'BAEZA','ROSALES','22381165-5','--','MAURICIO ALEJANDRO',396,21),(5602,'BARRERA','PINTO','22211987-1','--','ANTONIA YOULIETTE',396,21),(5603,'BARRUETO','ARAVENA','22226528-2','--','MOISES ARON',396,21),(5604,'BELTRÁN','SOTO','22188211-3','--','FABIÁN ANDRÉS',396,21),(5605,'BENAVENTE','RIVERA','22318186-4','--','NICOL CAROLINA ELIANA',396,21),(5606,'BUSTOS','HORMAZABAL','22412652-2','--','FELIPE DANIEL',396,21),(5607,'CANALES','AVILA','22400126-6','--','MARIA JOSE',396,21),(5608,'CANCINO','VALDEZ','22401484-8','--','CARLA BELEN ALEJANDRA',396,21),(5609,'CANDIA','FRIZ','22353913-0','--','GONZALO ANTONIO',396,21),(5610,'DIAZ','AYALA','22305181-2','--','ISABEL MARGARITA',396,21),(5611,'DIAZ','VEGA','22184863-2','--','ALISSON ANNELIS',396,21),(5612,'DIAZ','VEGA','22183951-K','--','ANYELINA ANNAIS',396,21),(5613,'ESTUARDO','TORRES','22202834-5','--','NICOLAS ANDRES',396,21),(5614,'FIGUEROA','OLIVA','22295128-3','--','JAVIER ALEXIS',396,21),(5615,'GATICA','LEAL','22215887-7','--','NATALIE ANDREA',396,21),(5616,'GUTIERREZ','GUTIERREZ','22389812-2','--','BELEN ANTONIA',396,21),(5617,'GUTIERREZ','VEGA','22167137-6','--','TANIA AILEEN',396,21),(5618,'HUENCHUMÁN','ESPINOSA','22240676-5','--','THIARE SCARLETH',396,21),(5619,'LEAL','HERNANDEZ','22430129-4','--','MAXIMILIANO ADAN',396,21),(5620,'MONTECINOS','MONTECINOS','22220086-5','--','CATALINA IGNACIA',396,21),(5621,'MUENA','OSORIO','22416493-9','--','JAVIERA BELEN',396,21),(5622,'MUÑOZ','SALAZAR','22331060-5','--','SOFIA ESTER NOEMI',396,21),(5623,'NUÑEZ','ORELLANA','22150719-3','--','FRANCISCO JAVIER IGNACIO',396,21),(5624,'PACHECO','VALDES','22408329-7','--','ANTONELLA ALEJANDRA',396,21),(5625,'PEREIRA','FRIZ','22281338-7','--','MAITE ANAIS OLIVIA',396,21),(5626,'ROCHA','ARIAS','22177635-6','--','PABLO RAMON',396,21),(5627,'SALINAS','PINTO','22422363-3','--','MATIAS ALONSO',396,21),(5628,'SEPULVEDA','CARRILLO','22426857-2','--','ANTONELLA SCARLETH',396,21),(5629,'TORRES','PEREZ','22186470-0','--','NICOLAS ALEXANDER',396,21),(5630,'VALDES','RECABAL','22341336-6','--','KRISTHAL IGNACIA',396,21),(5631,'VASQUEZ','MORAGA','22378928-5','--','JAVIERA IGNACIA',396,21),(5632,'GARCIA','FRAVEGA','21880967-7','--','FRANCO PAOLO',396,21),(5633,'ALARCON','VEGA','22154996-1','--','ANGELY SCARLETH',397,21),(5634,'ALCAYAGA','CANALES','22400410-9','--','JUAN IGNACIO',397,21),(5635,'ALVEAR','FAUNDEZ','22210502-1','--','XIMENA DEL CARMEN',397,21),(5636,'ARAVENA','IRRIBARRA','22367478-K','--','AXEL ESTEBAN',397,21),(5637,'ARELLANO','NAVIA','22318912-1','--','MARIA DE LOS ANGELES',397,21),(5638,'ARELLANO','SALAZAR','22436083-5','--','ELIZABETH ARACELI',397,21),(5639,'BAERISWYL','SOTO','22280538-4','--','ANTONELLA MONSERRAT',397,21),(5640,'BARRUETO','PARRA','22223985-0','--','IGNACIO ARCADIO',397,21),(5641,'BASCUÑAN','FLORES','22357547-1','--','SOFIA BELEN',397,21),(5642,'CABEZAS','MARAMBIO','22129900-0','--','ANTONIA MARGARITA',397,21),(5643,'CANALES','GARRIDO','22388267-6','--','JEREMY SCOTT',397,21),(5644,'CARMONA','MUÑOZ','22153549-9','--','JAVIERA IGNACIA',397,21),(5645,'CARO','VISTOSO','22136950-5','--','RODRIGO ANTONIO',397,21),(5646,'DIAZ','AHUMADA','22132024-7','--','RICARDO ALEXANDER',397,21),(5647,'DIAZ','CONTRERAS','22179752-3','--','VANESA JAZMIN',397,21),(5648,'FAÚNDEZ','OPAZO','22352320-K','--','JOAQUIN ALEJANDRO',397,21),(5649,'GAETE','GUTIERREZ','22224317-3','--','TOMAS HUMBERTO',397,21),(5650,'GARCIA','HORMAZABAL','22362913-K','--','DOMINIK ANDREA',397,21),(5651,'HIDALGO','AMPUERO','22177019-6','--','FABIAN ANDRES',397,21),(5652,'ILLANES','OPAZO','22403521-7','--','JAVIERA ANTONELLA',397,21),(5653,'LARA','VALLADARES','22275043-1','--','MARTIN IGNACIO',397,21),(5654,'MALDONADO','ARAVENA','22321705-2','--','MARIA FERNANDA',397,21),(5655,'MARTINEZ','NAVEA','22364062-1','--','CONSTANZA DI KARLA',397,21),(5656,'MORAGA','YAÑEZ','22304876-5','--','ANTONIA IGNACIA EDILIA',397,21),(5657,'MOYA','CEREZO','22275452-6','--','FRANKO ALEXANDER',397,21),(5658,'PADILLA','DIAZ','22196114-5','--','FABIAN EDUARDO',397,21),(5659,'RECABAL','TEJO','22100652-6','--','MARÍA CRISTINA',397,21),(5660,'SALAZAR','SALGADO','22402675-7','--','JOSEFA ALEJANDRA',397,21),(5661,'SALGADO','MENA','22273110-0','--','NOELIA FERNANDA',397,21),(5662,'SANCHEZ','APABLAZA','22245129-9','--','BENJAMIN ANDRES',397,21),(5663,'SUAZO','ARAVENA','22254428-9','--','ANYELINA IZAMAR',397,21),(5664,'VILLALOBOS','CONSTENLA','22348750-5','--','JOAQUIN ELIAS',397,21),(5665,'YAÑEZ','ARELLANO','22265820-9','--','ROCIO ESTRELLA',397,21),(5666,'ALVARADO','PEREZ','21920888-K','--','VICTORIA DE LOS ANGELES',481,21),(5667,'ARAVENA','ARAVENA','22085038-2','--','JOSÉ LUIS SEBASTIÁN',481,21),(5668,'ARAVENA','GÓMEZ','22147719-7','--','ANASTASIA ISIDORA',481,21),(5669,'ARAVENA','HORMAZABAL','22018845-0','--','FRANCISCA BELÉN',481,21),(5670,'BASTIAS','ALVEAR','22102362-5','--','EMILIA IGNACIA',481,21),(5671,'BRAVO','HERRERA','22135022-7','--','BENJAMÍN ANTONIO',481,21),(5672,'BUSTOS','HERNANDEZ','21996336-K','--','ANTONELLA PAZ PILAR',481,21),(5673,'AGURTO','MONTECINO','20273794-3','--','KATHERINNE ALEXANDRA',532,21),(5674,'ARAVENA','ARELLANO','20569921-K','--','MARCO ANTONIO',532,21),(5675,'ARAVENA','ESPINOZA','20273875-3','--','KRISHNA JAVIERA',532,21),(5676,'BARRUETO','ARAVENA','20273746-3','--','FERNANDA ESCARLETT',532,21),(5677,'CANALES','ALVEAR','20274061-8','--','JAVIERA BELEN',532,21),(5678,'CANTERO','LEIVA','20090684-5','--','MARISSELLA BELEN',532,21),(5679,'CERDA','AZUA','20273854-0','--','JASON BYRON',532,21),(5680,'COLOMBI','YAÑEZ','20273594-0','--','CHENYERE ANDREA',532,21),(5681,'CRISOSTO','CANTERO','20274025-1','--','CAROLINA ALEJANDRA',532,21),(5682,'DIAZ','LUNA','20207108-2','--','BELEN ESTEFANI',532,21),(5683,'ESCUDERO','INOSTROZA','20130436-9','--','GABRIELA ANNAIS',532,21),(5684,'ESPINOZA','SALGADO','20090597-0','--','CAROLINA DE LOS ANGELES',532,21),(5685,'FUENTES','GONZALEZ','20090589-K','--','KARLLA IGNACIA',532,21),(5686,'GAVILAN','ALARCON','20090576-8','--','IGNACIA ANDREA',532,21),(5687,'GUIÑEZ','GUTIERREZ','20274084-7','--','JUAN IGNACIO',532,21),(5688,'GUTIÉRREZ','GUTIÉRREZ','20090398-6','--','NICOLÁS SEBASTIÁN',532,21),(5689,'HENRÍQUEZ','AGUILERA','20273602-5','--','CRISTIAN DUBAN',532,21),(5690,'HERNANDEZ','FRITZ','20273919-9','--','NAARA IVETTE CONSTANZA',532,21),(5691,'JARA','ESPINOZA','20090224-6','--','SEBASTIAN IGNACIO',532,21),(5692,'MOLINA','HENRIQUEZ','19939186-0','--','YASMIN ALEXANDRA',532,21),(5693,'MOLINA','SANCHEZ','20274109-6','--','FERNANDO AQUILES',532,21),(5694,'MUENA','IRIBERRY','20274004-9','--','FERNANDA RAIDORETT',532,21),(5695,'MUÑOZ','CAROCA','20274034-0','--','PABLO ANDRES',532,21),(5696,'MUÑOZ','MELGAREJOS','20273731-5','--','CARLOS ANDRES',532,21),(5697,'ORTIZ','RODRIGUEZ','20273765-K','--','SEBASTIAN IGNACIO',532,21),(5698,'OSORES','VALDÉS','20273872-9','--','JULIO SEGUNDO',532,21),(5699,'PEÑA','RETAMAL','20273842-7','--','SCARLETH ALEJANDRA',532,21),(5700,'PÉREZ','VALENZUELA','20274189-4','--','ULISES JAVIER',532,21),(5701,'SALGADO','CARREÑO','20273580-0','--','CONSTANZA JACQUELINE',532,21),(5702,'SALGADO','VALENZUELA','20273863-K','--','KEARA ELIZABETH',532,21),(5703,'URRA','CANCINO','20402110-4','--','SEBASTIAN ANTONIO',532,21),(5704,'VALENZUELA','ROMERO','19987504-3','--','CRISTIAN RAFAEL',532,21),(5705,'VERGARA','MANRIQUEZ','20090607-1','--','DIEGO VICENTE',532,21),(5706,'YEVENES','QUILODRAN','20274184-3','--','JOCELYN CATALINA',532,21),(5707,'AGURTO','ARELLANO','20273775-7','--','MARITZA ANGELICA',533,21),(5708,'ANDAUR','BAEZA','19939132-1','--','VALESCA DE LAS MERCEDES',533,21),(5709,'ARAVENA','SEPÚLVEDA','20090601-2','--','GUILLERMO IGNACIO',533,21),(5710,'ARELLANO','YÁÑEZ','20090415-K','--','YARITZA FERNANDA',533,21),(5711,'BRAVO','LEAL','19939355-3','--','JUAN DANIEL',533,21),(5712,'CANCINO','PEREIRA','19767161-0','--','MASIEL ANDREA',533,21),(5713,'CANTO','MELLADO','19939311-1','--','MARIEL IGNACIA',533,21),(5714,'ACUÑA','MUENA','20090496-6','--','RICARDO ISRAEL',419,21),(5715,'ALARCON','TORRES','19059985-K','--','ALYSON SCARLET',419,21),(5716,'ARAVENA','ARELLANO','20090599-7','--','JORGE ANTONIO',419,21),(5717,'ARRATIA','AQUEVEQUE','20090653-5','--','LUIS ALBERTO',419,21),(5718,'BARRA','DIAZ','19767034-7','--','JOSUE IGNACIO',419,21),(5719,'DIAZ','CHAMORRO','20090685-3','--','DAVID ALFREDO',419,21),(5720,'DOMINGUEZ','DOMINGUEZ','19939324-3','--','MICHELLE ALEJANDRA',419,21),(5721,'ESPINOSA','ZARATE','20090454-0','--','CAROLINA BEATRIZ',419,21),(5722,'ESPINOZA','RETAMAL','19939264-6','--','DANITZA ARACELLY DEL CARMEN',419,21),(5723,'GONZALEZ','OSORIO','20090354-4','--','IGNACIA ANDREA',419,21),(5724,'GUERRERO','CASTILLO','20090598-9','--','PATRICIO JOSE',419,21),(5725,'GUEVARA','CONTRERAS','19766768-0','--','NICOLAS ESTEBAN',419,21),(5726,'HERNANDEZ','HERNANDEZ','19939243-3','--','PAZ FRANCISCA',419,21),(5727,'LOPEZ','NORAMBUENA','19694115-0','--','ESCARLET ANGELICA',419,21),(5728,'MENA','DIAZ','20090514-8','--','BRAYAN NICOLAS',419,21),(5729,'OSORIO','ESPINOZA','19987426-8','--','MATIAS ALONSO',419,21),(5730,'OTÁROLA','VASQUEZ','20090316-1','--','FERNANDO MARCELO',419,21),(5731,'PEREIRA','PEREZ','19939199-2','--','NICOL ANDREA',419,21),(5732,'PLACENCIA','ESPINOSA','20090286-6','--','PEDRO ANGEL EDUARDO',419,21),(5733,'QUIROZ','YEVENES','20090486-9','--','CONSTANZA BELEN',419,21),(5734,'RECABAL','CASTILLO','19987377-6','--','BARBARA BELEN',419,21),(5735,'SAEZ','BAEZA','19842324-6','--','IGNACIO GABRIEL',419,21),(5736,'SALAZAR','SUAZO','19939041-4','--','KATHERINE ARLETTE',419,21),(5737,'SALGADO','MENA','19939326-K','--','ALEJANDRO IGNACIO',419,21),(5738,'SOTO','MUÑOZ','20090471-0','--','CAMILO ARIEL',419,21),(5739,'VALENZUELA','VALENZUELA','19939304-9','--','MATIAS GERARDO',419,21),(5740,'VERGARA','SEPULVEDA','19742671-3','--','WLADIMIR IGNACIO',419,21),(5741,'VILLEGAS','GARCIA','19939307-3','--','CONSTANZA DEL PILAR',419,21),(5742,'ALARCON','JELVEZ','20090446-K','--','VICENTE ANTONIO',420,21),(5743,'ALCANTARA','FERRADA','19060231-1','--','NICOLAS SEBASTIAN',420,21),(5744,'AVILA','FUENTES','19390090-9','--','GENESIS BELEN',420,21),(5745,'BRIONES','PARRA','19939359-6','--','DIEGO IGNACIO',420,21),(5746,'BUSTOS','ORELLANA','20090474-5','--','LUIS HUMBERTO',420,21),(5747,'CANDIA','BUSTOS','19767125-4','--','LUCIANO NICOLAS',420,21),(5748,'CARCAMO','CERRO','20090424-9','--','SEBASTIAN IGNACIO',420,21),(5749,'DIAZ','PEREZ','19939144-5','--','CARLOS ENRIQUE',420,21),(5750,'DOMINGUEZ','LARENAS','20090578-4','--','MATIAS ALBERTO',420,21),(5751,'DURAN','VERDUGO','20090389-7','--','JOSE ANTONIO',420,21),(5752,'ESPINOZA','MUENA','20090581-4','--','ELISA ANDREA',420,21),(5753,'FAJARDO','SOTO','19885928-1','--','MATIAS IGNACIO',420,21),(5754,'FUENTES','VILLEGAS','19939198-4','--','PAOLA SCARLETT',420,21),(5755,'GUTIERREZ','ALARCON','19939254-9','--','PILAR ALEJANDRA',420,21),(5756,'GUZMAN','GUZMAN','20090549-0','--','SEBASTIAN IGNACIO',420,21),(5757,'GUZMAN','NUÑEZ','19315956-7','--','JAVIER IGNACIO',420,21),(5758,'HERRERA','CERPA','20068986-0','--','GERHALD ALEXIS',420,21),(5759,'HORMAZABAL','ORELLANA','19939141-0','--','BENITA SCARLET',420,21),(5760,'IBAÑEZ','MUÑOZ','20090394-3','--','JAVIERA BELEN',420,21),(5761,'MARTINEZ','CAMPOS','20090375-7','--','PAULINA ANDREA',420,21),(5762,'MARTINEZ','NAVEA','19945421-8','--','FELIPE IGNACIO',420,21),(5763,'MORA','HENRIQUEZ','19766940-3','--','DEXY ALEXANDRA',420,21),(5764,'MORA','RIVAS','20090431-1','--','DANIELA ANDREA',420,21),(5765,'OVAL','ARELLANO','19059947-7','--','ALEN FRANCISCO ALFONSO',420,21),(5766,'OYANADEL','SUAZO','19939284-0','--','NICOLAS SEBASTIAN',420,21),(5767,'PALMA','SAN','20090541-5','--','JUAN THABATA SCARLETH',420,21),(5768,'PEREIRA','PARRA','20090561-K','--','BERNARDO ANTONIO',420,21),(5769,'RETAMAL','SALGADO','20090367-6','--','PEDRO JAVIER',420,21),(5770,'RIO','CASTILLO','19766863-6','--','DUBAN ALFREDO',420,21),(5771,'ROJAS','GUAJARDO','19938883-5','--','CHRISTIAN NICOLAS',420,21),(5772,'ROJAS','HERNANDEZ','20059844-K','--','NICOLAS RODRIGO',420,21),(5773,'SALGADO','PONCE','19939260-3','--','AILYN ISABEL',420,21),(5774,'SAN MARTIN','CANCINO','20090591-1','--','NICOLAS IGNACIO',420,21),(5775,'ALARCON','MUÑOZ','19939283-2','--','ANGELA JAVIERA',421,21),(5776,'ALARCON','REYES','20090571-7','--','FELIPE SEBASTIAN',421,21),(5777,'ANDAUR','ALARCON','20090503-2','--','KEVIN ALEJANDRO',421,21),(5778,'APABLAZA','ARAVENA','20090526-1','--','VICTOR ALFREDO',421,21),(5779,'ARELLANO','SANCHEZ','20090321-8','--','YERKO JOSE',421,21),(5780,'AREVALO','YAÑEZ','19833385-9','--','HAIR ALESSANDER',421,21),(5781,'ARRIAGADA','TORRES','20090544-K','--','VASCO ZORAN',421,21),(5782,'CAMPOS','BALLADARES','20090639-K','--','PRISCILA ADRIANA',421,21),(5783,'CARRASCO','MUÑOZ','20090220-3','--','MATIAS IGNACIO',421,21),(5784,'CARVAJAL','CANTERO','19059923-K','--','CAMILA ANDREA',421,21),(5785,'CHANDIA','MUENA','20090532-6','--','CESAR FABIAN',421,21),(5786,'COLOMA','TORRES','20273682-3','--','CATALINA ALEJANDRA',421,21),(5787,'HENRIQUEZ','LIZANA','20111911-1','--','VERONICA MARTINA',421,21),(5788,'LATORRE','ORTIZ','20090525-3','--','CONSTANZA CATALINA',421,21),(5789,'LOPEZ','LEAL','20090666-7','--','ALAN MAXIMILIANO',421,21),(5790,'LUNA','VELOSO','20090652-7','--','CRISTOBAL ANTONIO',421,21),(5791,'MARCHANT','YAÑEZ','20090565-2','--','RODOLFO ENRIQUE',421,21),(5792,'MEDEL','VALDEBENITO','19939183-6','--','FELIPE IGNACIO',421,21),(5793,'MORAGA','LEON','20090262-9','--','NOELIA ABIGAIL',421,21),(5794,'MUÑOZ','VEGA','19939156-9','--','MARIA JOSE',421,21),(5795,'MUÑOZ','VEGA','19939157-7','--','MARIA TERESA',421,21),(5796,'OPAZO','OPAZO','20004610-2','--','FRANCO ANTONIO',421,21),(5797,'PAINEQUEO','MOLINA','20218794-3','--','NICOLAS FABIAN',421,21),(5798,'RIOS','MOYA','20090232-7','--','CARLOS DANIEL',421,21),(5799,'ROVILLAR','SANCHEZ','19939302-2','--','JOSE NICOLAS',421,21),(5800,'SAMBAD','SALGADO','20198170-0','--','CARLOS ANDRES',421,21),(5801,'SOTO','MARTINEZ','19939142-9','--','FRANCISCA ALEJANDRA',421,21),(5802,'VALENZUELA','ARELLANO','19939255-7','--','SEBASTIAN ANDRES',421,21),(5803,'VALENZUELA','DONKE','20090305-6','--','PABLO STJEPAN',421,21),(5804,'VELOSO','SALGADO','20041204-4','--','ALEXIS SEBASTIAN',421,21),(5805,'YAÑEZ','DIAZ','20090242-4','--','CRISTIAN IGNACIO',421,21),(5806,'AGURTO','MUÑOZ','20090523-7','--','MACARENA DE LOURDES',422,21),(5807,'ALARCON','MERINO','19939313-8','--','MIGUEL ANGEL',422,21),(5808,'ARAVENA','VERDUGO','19939328-6','--','FELIPE DAMIAN',422,21),(5809,'ARELLANO','ANDRADES','19939136-4','--','JUAN SERGIO',422,21),(5810,'ARELLANO','MACAYA','20090676-4','--','SEBASTIAN ANTONIO',422,21),(5811,'ARRATIA','AQUEVEQUE','20090654-3','--','CLAUDIO LUIS',422,21),(5812,'CAMPOS','BRAVO','19939247-6','--','CAMILA IGNACIA',422,21),(5813,'CARRILLO','ORELLANA','19766871-7','--','JAVIERA DEL PILAR',422,21),(5814,'CONTRERAS','ROMERO','20128764-2','--','ESTEBAN MAXIMILIANO',422,21),(5815,'DE LA CRUZ','SOTO','20090217-3','--','JOAQUIN',422,21),(5816,'DE LA FUENTE','MADRIAGA','20090574-1','--','JAZMIN ALEXANDER',422,21),(5817,'GALLARDO','ORMEÑO','19877243-7','--','MAURICIO IGNACIO',422,21),(5818,'GUIÑEZ','ESCALONA','19939342-1','--','VANESA DEL CARMEN',422,21),(5819,'GUTIERREZ','SOTO','19938997-1','--','MATIAS IGNACIO',422,21),(5820,'LAGOS','MIRANDA','19939174-7','--','NAYARETH ESTEFANIA',422,21),(5821,'MARTÍNEZ','ARAVENA','19584449-6','--','JOSÉ ANTONIO',422,21),(5822,'MUENA','BERNAL','20090583-0','--','CONSTANZA MACARENA',422,21),(5823,'MUENA','PARRA','20090318-8','--','CONSTANZA SOLEDAD',422,21),(5824,'MUENA','SEPULVEDA','19767133-5','--','FRANCISCO IGNACIO',422,21),(5825,'MUÑOZ','MOYA','19939096-1','--','JAVIERA VALENTINA ',422,21),(5826,'NORAMBUENA','TORRES','20090331-5','--','ANGELO ANDRÉS',422,21),(5827,'OPAZO','BAEZA','20090677-2','--','ISTARAY ESTEFANY',422,21),(5828,'OPAZO','LUNA','19938946-7','--','EDUARDO ANIBAL ',422,21),(5829,'RECABAL','MARINO','19939240-9','--','CATALINA DEL PILAR',422,21),(5830,'SANCHEZ','COFRE','20988640-5','--','DANIELA ALEJANDRA',422,21),(5831,'SUAZO','TORRES','20090539-3','--','ESTEFANIA SCARLETT',422,21),(5832,'TORRES','LARA','19694148-7','--','BARBARA LISETTE',422,21),(5833,'VALDES','GUTIERREZ','19059885-3','--','RAUL ALEJANDRO',422,21),(5834,'VALDES','SOTO','19059788-1','--','NICOLAS ANDRES',422,21),(5835,'VEGA','SALGADO','19939115-1','--','GADIEL FRANCISCO',422,21),(5836,'VELOZO','VILLEGAS','19990449-3','--','FRANCHESCA ESCARLETH',422,21),(5837,'VERDUGO','HERNANDEZ','19060106-4','--','CAMILA ANDREA',422,21),(5838,'ARAVENA','HENRÍQUEZ','21885368-4','--','LISSETTE CAROLINA',399,21),(5839,'AYALA','ARAVENA','21945458-9','--','BENJAMÍN ANDRÉS',399,21),(5840,'AYALA','GARRIDO','22029270-3','--','JOAQUIN ESTEBAN',399,21),(5841,'BRAVO','BRAVO','21931998-3','--','JAVIER ALONSO',399,21),(5842,'CANCINO','SAAVEDRA','21733983-9','--','DAMIAN FRANCISCO',481,21),(5843,'CARRASCO','FUENTES','22034525-4','--','BARBARA ANDREA',481,21),(5844,'ESPINOZA','CEBALLOS','21883836-7','--','LUIS FRANCISCO',481,21),(5845,'FUENTES','SALGADO','22044325-6','--','NICOLAS ANTONIO',481,21),(5846,'GONZALEZ','CERDA','22044393-0','--','NICOLAS IGNACIO',481,21),(5847,'HENRIQUEZ','ORELLANA','22058652-9','--','KARLA VERENA',481,21),(5848,'LEAL','FUENTES','22032911-9','--','TOMAS MAXIMILIANO',481,21),(5849,'LOPEZ','LOPEZ','21608568-K','--','MARJORIE BELEN',481,21),(5850,'MARTINEZ','SEPULVEDA','22009480-4','--','JAVIERA ANDREA',481,21),(5851,'MENA','PEÑA','22132119-7','--','EDISON MARCO ESTEBAN',481,21),(5852,'MIRANDA','APABLAZA','21987878-8','--','KARLA CONSTANZA',481,21),(5853,'MOLINA','GUTIERREZ','22031390-5','--','JAVIERA ALEJANDRA',481,21),(5854,'MORAGA','LIENAN','21958883-6','--','STHEFFANY ANTONELLA',481,21),(5855,'PACHECO','ESPINOSA','21947623-K','--','BENJAMIN JACOB',481,21),(5856,'PALACIOS','PEREIRA','21898987-K','--','FRANCO DIOCEDES',481,21),(5857,'PARRA','DÍAZ','21863709-4','--','DIEGO ALONSO',481,21),(5858,'PAVEZ','ANDRADES','21962113-2','--','MILOVAN ALEXANDER',481,21),(5859,'RODRIGUEZ','GONZALEZ','22027640-6','--','VALENTINA ARLETH',481,21),(5860,'ROSALES','LARENAS','21968172-0','--','MARTIN IGNACIO',481,21),(5861,'SÁNCHEZ','NORAMBUENA','22151866-7','--','ANTONIO JOSÉ MIGUEL',481,21),(5862,'TORRES','CANCINO','22041872-3','--','CONSUELO IGNACIA',481,21),(5863,'VALLADARES','GONZALEZ','21886128-8','--','DIEGO ALONSO',481,21),(5864,'CANALES','ARIAS','21881978-8','--','DIEGO ALONSO',399,21),(5865,'DOMINGUEZ','CORTÉS','22089404-5','--','DEMMIS FERNANDO',399,21),(5866,'GONZALEZ','DÍAZ','22087420-6','--','ÁNGEL SAID',399,21),(5867,'GONZALEZ','OSORIO','21952212-6','--','ANTONELLA BELEN',399,21),(5868,'HENRIQUEZ','TORRES','21949685-0','--','JAVIER ANDRES',399,21),(5869,'HORMAZÁBAL','HORMAZÁBAL','22131511-1','--','BENJAMÍN EDUARDO',399,21),(5870,'LANDERO','MUENA','22033189-K','--','BASTIAN ALEJANDRO',399,21),(5871,'LANDERO','SUAZO','21970601-4','--','DENISSE VICTORIA',399,21),(5872,'MUÑOZ','NUÑEZ','22063435-3','--','ROMINA PAULETTE',399,21),(5873,'OLIVOS','GUZMAN','22134512-6','--','JOSE IGNACIO',399,21),(5874,'PEREZ','YAÑEZ','21928697-K','--','BRIAN ALBERTO',399,21),(5875,'QUITRAL','GONZALEZ','22069286-8','--','NICOLAS DAVID',399,21),(5876,'RIVAS','DURAN','21949816-0','--','VIVIANA CAROLINA',399,21),(5877,'SAEZ','MAUREIRA','22089006-6','--','YESER ENOCH',399,21),(5878,'SALAZAR','ARELLANO','21919660-1','--','KARILYN HORTENSIA',399,21),(5879,'SALAZAR','HORMAZABAL','21962644-4','--','CAMILA BELEN',399,21),(5880,'SALAZAR','HORMAZABAL','21962626-6','--','MARIA JOSE',399,21),(5881,'SEPULVEDA','ACUÑA','21966098-7','--','RICARDO BENJAMIN',399,21),(5882,'SOTO','MUÑOZ','21902670-6','--','MASSIEL ESPERANZA',399,21),(5883,'SUAREZ','LARENAS','21989980-7','--','CONSTANZA CATALINA',399,21),(5884,'TEJO','SEPULVEDA','21784206-9','--','FRANCISCO MAXIMILIANO',399,21),(5885,'ALARCON','HORMAZABAL','22115505-K','--','BENJAMIN IGNACIO',400,21),(5886,'ALCAINO','HORMAZABAL','22127180-7','--','CONSTANZA SCARLET',400,21),(5887,'ARELLANO','SALAZAR','21986578-3','--','LILIANA CONSTANZA',400,21),(5888,'ARELLANO','SALAZAR','22052567-8','--','NICOLAS ANDRES',400,21),(5889,'BONATICI','TORO','22026916-7','--','BENJAMIN DE JESUS',400,21),(5890,'CANCINO','ORELLANA','21972329-6','--','DANIELA JULIANA',400,21),(5891,'CEA','MANRIQUEZ','21973362-3','--','MARTINA BELEN',400,21),(5892,'CEBALLOS','ROJAS','21940608-8','--','MARCOS GABRIEL',400,21),(5893,'CONSTANZO','FRIZ','22061585-5','--','JONATHAN GONZALO',400,21),(5894,'DIAZ','VILLEGAS','21986157-5','--','CRISTIAN JAVIER',400,21),(5895,'DURÁN','ARAVENA','21937572-7','--','FRANCO ANTONIO',400,21),(5896,'GAETE','VERA','21776650-8','--','JOVANNI ALEXANDER',400,21),(5897,'GALDAMES','PAZ','21843476-2','--','BENJAMIN CRISTOBAL JESUS',400,21),(5898,'GONZALEZ','PARRA','21948129-2','--','CONSTANZA BELEN',400,21),(5899,'GONZALEZ','YAÑEZ','22058144-6','--','BENJAMIN ALONSO',400,21),(5900,'HORMAZABAL','ORELLANA','21907851-K','--','JAVIER ANDRES',400,21),(5901,'IBAÑEZ','GONZALEZ','21810085-6','--','CATALINA ANTONIA',400,21),(5902,'LETELIER','FUENTES','21929088-8','--','MARTINA IGNACIA',400,21),(5903,'MEZAS','ZUÑIGA','21896161-4','--','MIGUEL ANGEL',400,21),(5904,'MUÑOZ','CARRASCO','21935384-7','--','JOSE MATIAS',400,21),(5905,'MUÑOZ','VEGA','22053074-4','--','DELANY ARANXA',400,21),(5906,'MUSA','ROSALES','21878289-2','--','ROBERTO ANGEL',400,21),(5907,'ORELLANA','DIAZ','22142196-5','--','XIMENA VICTORIA',400,21),(5908,'PARADA','ESPINOSA','22091572-7','--','ROBERTO ANDRES',400,21),(5909,'RECABAL','MARINO','22027851-4','--','MARIELA ANTONIA',400,21),(5910,'RETAMAL','CANCINO','21991189-0','--','GERALDY DE LAS ROSAS',400,21),(5911,'RODRIGUEZ','ARAVENA','21987618-1','--','MONSERRAT JESUS',400,21),(5912,'ROJAS','HORMAZABAL','21972675-9','--','SEBASTIAN ANDRES',400,21),(5913,'ROJAS','MILLA','22149207-2','--','FERNANDA NOEMI',400,21),(5914,'SALGADO','ARAVENA','22004141-7','--','KATHERINE DEL CARMEN',400,21),(5915,'URIBE','ALEGRIA','21858571-K','--','CAMILA IGNACIA',400,21),(5916,'VALENZUELA','DOMKE','21867017-2','--','ALAN ANTONIO',400,21),(5917,'ALARCON','SOTO','21855784-8','--','JAVIERA FRANCISCA',401,21),(5918,'ALVAREZ','DIAZ','21631993-1','--','MILLARAY ALEJANDRA',401,21),(5919,'ALVEAR','ORELLANA','21814889-1','--','BENJAMIN IGNACIO',401,21),(5920,'AMAYA','AMAYA','21805557-5','--','VALENTINA ISAURA',401,21),(5921,'ARÉVALO','ALEGRÍA','21693062-2','--','CATALINA ANTONIA',401,21),(5922,'CABEZAS','MARAMBIO','21752758-9','--','JORGE ANDRES',401,21),(5923,'CARRILLO','HORMAZABAL','21590049-5','--','CARLO ESTEBAN',401,21),(5924,'CHAMORRO','ARAVENA','21680623-9','--','CLAUDIA ESPERANZA',401,21),(5925,'DIAZ','AMPUERO','21752831-3','--','CRISTIAN JOSE',401,21),(5926,'GONZALEZ','MOYA','21763396-6','--','JOAQUÍN HUMBERTO',401,21),(5927,'JARA','MENA','21759622-K','--','CONSTANZA ESCARLETTE',401,21),(5928,'LEÓN','GARRIDO','21812115-2','--','JORGE EDUARDO',401,21),(5929,'LOPEZ','LEAL','21846828-4','--','FERNANDA ANTONIETA',401,21),(5930,'MOLINA','COFRE','21620025-K','--','GERSON SEBASTIAN',401,21),(5931,'MORA','RIVAS','21750607-7','--','FERNANDA ANDREA',401,21),(5932,'NORAMBUENA','YAÑEZ','21643875-2','--','CATALINA ANTONIA',401,21),(5933,'NOVOA','FUENTES','21653922-2','--','KRISTEL KATALINA',401,21),(5934,'PARRA','SOTO','21739560-7','--','CAMILA ANTONIA',401,21),(5935,'RETAMAL','CRUZ','21674633-3','--','GUSTAVO ANTONIO',401,21),(5936,'RIVAS','PEREZ','21505193-5','--','LORENT KATALINA',401,21),(5937,'RIVERA','LUNA','21768310-6','--','MARTINA CATARI',401,21),(5938,'ROCHA','ARIAS','21647519-4','--','DAMARIS PAULA',401,21),(5939,'ROJAS','TORRES','21766646-5','--','FHERNANDA MONSERRAT',401,21),(5940,'SANCHEZ','PEÑAILILLO','21647598-4','--','MAXIMILIANO ANDRES',401,21),(5941,'SEPULVEDA','VALDEBENITO','21708657-4','--','ISIDORA VALENTINA',401,21),(5942,'TORRES','VALDES','21813178-6','--','SEBASTIAN ALEJANDRO',401,21),(5943,'VELÁSQUEZ','ARAVENA','21588118-0','--','DAVID EDUARDO',401,21),(5944,'VILLALOBOS','OPAZO','21719061-4','--','ROCIO DANAE',401,21),(5945,'YAÑEZ','ANDAUR','21804085-3','--','KAREN PAZ',401,21),(5946,'YAÑEZ','GAETE','21757572-9','--','RICARDO SEBASTIAN',401,21),(5947,'AGURTO','PASCAL','21472431-6','--','DIEGO ANTONIO',402,21),(5948,'ALARCON','CASTILLO','21776016-K','--','BENJAMIN ALFREDO',402,21),(5949,'ARELLANO','SALAZAR','21722009-2','--','ANGELA CAROLINA',402,21),(5950,'BUSTOS','ORELLANA','21766970-7','--','SEBASTIAN IGNACIO',402,21),(5951,'CACERES','PINTO','21832111-9','--','JUAN FRANCISCO',402,21),(5952,'CACERES','PINTO','21832050-3','--','MARIA FERNANDA',402,21),(5953,'CANCINO','VALDEZ','21746734-9','--','CARLOS FRANCISCO ALBERTO',402,21),(5954,'CARRASCO','PINTO','21770123-6','--','LICET MARGARITA',402,21),(5955,'CONCHA','ARAVENA','21662974-4','--','CONSTANZA DE JESÚS',402,21),(5956,'DIAZ','PEREZ','21822076-2','--','ESPERANZA ANDREA',402,21),(5957,'DURAN','GARCIA','21597815-K','--','FERNANDO IGNACIO',402,21),(5958,'ESPINOZA','RIVAS','21820871-1','--','ANTONIA ISIDORA',402,21),(5959,'FERNANDEZ','MANRIQUEZ','21752053-3','--','VALENTINA FRESIA',402,21),(5960,'FUENTES','MORA','21673943-4','--','GABRIELA IGNACIA',402,21),(5961,'GONZALEZ','FUENTES','21626798-2','--','IGNACIO ANTONIO',402,21),(5962,'GONZALEZ','OSORIO','21601322-0','--','NICOLE ESTEFANIA',402,21),(5963,'GUEVARA','BAHAMONDES','21742343-0','--','MARTINA FRANCISCA',402,21),(5964,'GUTIERREZ','GUTIERREZ','21758181-8','--','ANTONIA CATALINA',402,21),(5965,'IBAÑEZ','ROMERO','21750689-1','--','BENJAMIN ESTEBAN',402,21),(5966,'MAUREIRA','DURÁN','21710642-7','--','AYLIN ANAÍS',402,21),(5967,'MUÑOZ','SUAZO','21761981-5','--','MONSERRAT BELEN ALEJANDRA',402,21),(5968,'MUÑOZ','ZAPATA','21735437-4','--','CARLOS ALBERTO',402,21),(5969,'PARADA','DURAN','21726226-7','--','JEREMY ALEXANDER',402,21),(5970,'PARADA','OPAZO','21731424-0','--','JAVIERA ALEXANDRA BREGONIA',402,21),(5971,'RETAMAL','VASQUEZ','21529169-3','--','JEYSSON ANTONIO',402,21),(5972,'SILVA','VEGA','21621899-K','--','FRANCISCA ALEJANDRA NOEMI',402,21),(5973,'VASQUEZ','GUTIERREZ','21803100-5','--','JAVIERA PAZ',402,21),(5974,'TOLEDO','RIQUELME','21638044-4','--','JOSÉ MANUEL ANTONIO',402,21),(5975,'ALARCON','HORMAZABAL','21702158-8','--','PABLO ANDRES',403,21),(5976,'ALARCON','VEGA','21776380-0','--','MAXIMILIANO ANDRES',403,21),(5977,'ALVEAR','LEON','21860507-9','--','YARITZA ANTONIA',403,21),(5978,'ALVEAR','ROJAS','21719815-1','--','FERNANDO JOSÉ',403,21),(5979,'GAVILAN','MUÑOZ','21714209-1','--','LUIS ALBERTO',403,21),(5980,'LUNA','DIAZ','21730849-6','--','YESSICA FERNANDA',403,21),(5981,'MALDONADO','ARAVENA','21804425-5','--','MAXIMILIANO HUMBERTO SEGUNDO',403,21),(5982,'MOLINA','HENRIQUEZ','21470492-7','--','KENNY STEVEN',403,21),(5983,'MONTECINO','MONTECINO','21710503-K','--','MATIAS ALONSO',403,21),(5984,'MORA','ARELLANO','21731522-0','--','VALENTINA ANTONIA',403,21),(5985,'MOYA','CEREZO','21682249-8','--','ROBERTO IVAN ALEXIS',403,21),(5986,'MUÑOZ','RIVAS','21800320-6','--','JAVIER ALEJANDRO',403,21),(5987,'OPAZO','RAMIREZ','21568294-3','--','CRISTOBAL ALEJANDRO',403,21),(5988,'PANTOJA','MARAMBIO','20615018-1','--','JORDÁN FRANCISCO',403,21),(5989,'PARRA','MUÑOZ','21861549-K','--','YEISON JESÚS',403,21),(5990,'PEREZ','SAAVEDRA','21626211-5','--','VALENTINA AYLINNE SOLEDAD',403,21),(5991,'RAMOS','TORRES','21741639-6','--','MILLARAY ANAÍS',403,21),(5992,'RETAMAL','ALVEAR','21692148-8','--','DIEGO ALONSO',403,21),(5993,'SALAZAR','SALGADO','21530788-3','--','PALOMA ALEJANDRA',403,21),(5994,'SALVO','GALLARDO','21736746-8','--','ESTEFANIA ARLET',403,21),(5995,'SANCHEZ','HORMAZABAL','21635509-1','--','ESTEFANIA SUSANA',403,21),(5996,'LARA','ESPINOZA','21823800-9','--','FERNANDO IGNACIO',403,21),(5997,'RUZ','CONTRERAS','21129391-8','--','JAVIERA CONSTANZA',403,21),(5998,'AGUILERA','ESCALONA','21348767-1','--','CAMILA IGNACIA',404,21),(5999,'ALBORNOZ','SOTO','21470589-3','--','BRADLEY ALEXANDER',404,21),(6000,'ARAVENA','CÁCERES','21339522-K','--','OSCAR EDUARDO',404,21),(6001,'CANALES','LÓPEZ','21570689-3','--','ROCIO JAVIERA',404,21),(6002,'CANALES','MORAGA','21403405-0','--','ABIGAIL ANDREA',404,21),(6003,'CANCINO','QUEZADA','21445804-7','--','SEBASTIÁN ANDRÉS',404,21),(6004,'CANTERO','GUERRA','21389057-3','--','ANTONIA SOFIA',404,21),(6005,'CÁRDENAS','CONTRERAS','21414462-K','--','CRISTOPHER EMANUEL',404,21),(6006,'CASTILLO','ORELLANA','21415613-K','--','PÍA NICOLE',404,21),(6007,'CHAMORRO','ARAVENA','21436472-7','--','JAVIERA BEATRIZ',404,21),(6008,'CISTERNAS','FERNANDEZ','21578699-4','--','ROCIO IGNACIA BELÉN',404,21),(6009,'CURINAO','SEPÚLVEDA','21544893-2','--','LUIS ALBERTO',404,21),(6010,'FERNÁNDEZ','PÉREZ','21308048-2','--','MAXIMILIANO ANDRES',404,21),(6011,'FUENTES','CANCINO','20394624-4','--','JAVIERA FRANCISCA',404,21),(6012,'GUTIÉRREZ','LEÓN','21339906-3','--','ARACELY ANTONIA',404,21),(6013,'JAIDAR','VALDÉS','21352926-9','--','SEBASTIÁN IGNACIO',404,21),(6014,'LEIVA','CÁCERES','21368767-0','--','CRISTÓBAL ANTONIO',404,21),(6015,'LUNA','GARCÍA','21401672-9','--','BENJAMÍN ANDRÉS',404,21),(6016,'MORA','MUÑOZ','21559435-1','--','YARITZA LISBETT',404,21),(6017,'MOYA','CANCINO','21507731-4','--','ADÁN FRANCISCO',404,21),(6018,'MOYA','URRUTIA','21366842-0','--','NICOLE ALEJANDRA',404,21),(6019,'MUÑOZ','VILLEGAS','21502915-8','--','MILLARAY ALEJANDRA',404,21),(6020,'ORELLANA','ARAVENA','21558798-3','--','ALEXANDRA ESTEFANÍA',404,21),(6021,'ORELLANA','SANCHEZ','21579747-3','--','EMILIO ESTEBAN',404,21),(6022,'OSORES','MERIÑO','21409347-2','--','RAÚL FRANCISCO',404,21),(6023,'PÉREZ','CHANDÍA','21367770-5','--','BENJAMÍN IGNACIO',404,21),(6024,'PINOCHET','DE LA MAZA','21493537-6','--','FRANCISCO ALEJANDRO MANUEL',404,21),(6025,'PINTO','CASTRO','21371161-K','--','MARTÍN EDUARDO',404,21),(6026,'RIVAS','BECERRA','21416508-2','--','VICTOR FERNANDO',404,21),(6027,'SAEZ','LANDERO','21456605-2','--','JOSÉ GABRIEL',404,21),(6028,'SALGADO','RUIZ','21514226-4','--','CONSTANZA BELÉN',404,21),(6029,'SANTANA','CISTERNAS','21600259-8','--','CHRISTOPHER ALEJANDRO',404,21),(6030,'SOTO','ESPINOZA','21408681-6','--','JOSÉ IGNACIO',404,21),(6031,'YÁÑEZ','ARELLANO','21457399-7','--','ROBERTO PABLO',404,21),(6032,'AGURTO','CARRASCO','21474380-9','--','LUKAS IGNACIO',405,21),(6033,'CAMPOS','GARRIDO','21598399-4','--','VALENTINA GORETTI',405,21),(6034,'CANALES','MUÑOZ','21552983-5','--','LISSETHE FABIOLA',405,21),(6035,'CANCINO','ALARCÓN','21537801-2','--','CONSTANZA MILLARAY',405,21),(6036,'CARO','EULUFÍ','21361004-K','--','MATÍAS ARIEL',405,21),(6037,'CARRASCO','FIGUEROA','21382659-K','--','CATALINA ANTONIA',405,21),(6038,'CHANDÍA','MUENA','21377303-8','--','MACARENA ALEJANDRA',405,21),(6039,'CIFUENTES','HUENULEO','21378299-1','--','EXEQUIEL ALEXANDER',405,21),(6040,'CORREA','HERRERA','21515766-0','--','NAYARETH NOEMÍ',405,21),(6041,'DURÁN','VERDUGO','21523691-9','--','GABRIEL ANDRÉS',405,21),(6042,'FERNÁNDEZ','VALDÉS','21471750-6','--','HERNÁN JESÚS',405,21),(6043,'GALLARDO','BELTRÁN','21098896-3','--','CRISTOPHER ALFONSO',405,21),(6044,'GÓMEZ','SÁNCHEZ','21505432-2','--','GABRIEL JOAQUÍN',405,21),(6045,'GUEVARA','DOMÍNGUEZ','21389503-6','--','CATALINA ALINE IGNACIA',405,21),(6046,'IBÁÑEZ','GONZÁLEZ','21319179-9','--','CONSUELO BELÉN',405,21),(6047,'LAGOS','MIRANDA','21447650-9','--','CARLOS DANIEL',405,21),(6048,'LÓPEZ','VERA','21523861-K','--','TAMARA HAYDÉE',405,21),(6049,'MACAYA','VILLEGAS','21570553-6','--','MATÍAS JAVIER IGNACIO',405,21),(6050,'MERINO','LETELIER','21404248-7','--','JOSÉ GABRIEL',405,21),(6051,'RUIZ','BUSTOS','21506627-4','--','TANIA FRANSHESKA ANAÍS',405,21),(6052,'SALAS','TORRES','21557722-8','--','LUZ BELÉN',405,21),(6053,'SANCHEZ','GALDAME','21557463-6','--','MONSERRAT VALENTINA',405,21),(6054,'SEPÚLVEDA','AMIGO','21014067-0','--','PABLO IGNACIO',405,21),(6055,'SEPÚLVEDA','PINTO','21482748-4','--','CARLOS FELIPE',405,21),(6056,'SEPULVEDA','VALDEBENITO','21499698-7','--','LUCAS JAVIER IGNACIO',405,21),(6057,'TORRES','AGUILERA','21361277-8','--','MATÍAS EDUARDO',405,21),(6058,'TORRES','ARELLANO','21600344-6','--','ABRIL ANTONIA',405,21),(6059,'VALENZUELA','MENA','21506300-3','--','MARIO ALEJANDRO',405,21),(6060,'ALARCON','MUÑOZ','21352870-K','--','JORGE ALEJANDRO IGNACIO',406,21),(6061,'ALBORNOZ','HENRÍQUEZ','21334566-4','--','MATÍAS NICOLÁS',406,21),(6062,'ALBORNOZ','QUILODRÁN','21481198-7','--','CRISTOPHER ANDRÉS',406,21),(6063,'BARRUETO','PEREZ','21562140-5','--','JOSE ANTONIO',406,21),(6064,'BATARCE','CONSTENLA','21443293-5','--','BENJAMÍN NICOLÁS',406,21),(6065,'BUSTOS','MUÑOZ','21150733-0','--','CRISTIAN NICOLAS',406,21),(6066,'DÍAZ','CONSTENLA','21565307-2','--','BENJAMIN ANDRES',406,21),(6067,'GAETE','AGUILERA','21236988-8','--','TANIA NOEMÍ',406,21),(6068,'GONZALEZ','ESPINOSA','21437408-0','--','KEVIN ARON',406,21),(6069,'GUERRA','DÍAZ','21487781-3','--','LUIS MONIER',406,21),(6070,'HENRÍQUEZ','BENAVIDES','21388574-K','--','DANIEL ALFREDO',406,21),(6071,'HENRIQUEZ','SOTO','21262657-0','--','MIGUEL ANIBAL',406,21),(6072,'ILLANES','ROJAS','21328455-K','--','KRISHNA ALEJANDRA',406,21),(6073,'LANDEROS','TORRES','21091826-4','--','JOSÉ MANUEL',406,21),(6074,'LEPE','VERA','21465576-4','--','ROCIO ANAYS',406,21),(6075,'PARRA','MUÑOZ','21220476-5','--','ROMINA ANTONIA',406,21),(6076,'PEÑA','VÁSQUEZ','21470727-6','--','VALENTINA MARIELA',406,21),(6077,'ROJAS','RIVAS','21207638-4','--','GERARDO HUMBERTO',406,21),(6078,'SALAZAR','YAÑEZ','21401617-6','--','ANGELICA FERNANDA',406,21),(6079,'SALGADO','HERNÁNDEZ','21308119-5','--','DANILO ANTONIO',406,21),(6080,'SALGADO','RIOS','21379731-K','--','GIGLIOLA FRANCHESCA',406,21),(6081,'VALDEBENITO','MOLINA','21529886-8','--','FERNANDO JAVIER',406,21),(6082,'VEGA','MUÑOZ','21404039-5','--','CRISTEL CAROLINA',406,21),(6083,'VERA','VERGARA','21320499-8','--','JAVIER ANTONIO',406,21),(6084,'YAÑEZ','RAMIREZ','21500643-3','--','CAMILA DANAE',406,21),(6085,'ARELLANO','CAMPOS','21273444-6','--','RICHARD ANTONIO',407,21),(6086,'AYALA','GARCIA','21234120-7','--','ALEJANDRA FERNANDA',407,21),(6087,'BELTRÁN','MOYA','20090229-7','--','JORDÁN ARNOLDO',407,21),(6088,'CACERES','SUAZO','20993994-0','--','ANAIS ALEJANDRA',407,21),(6089,'CASTILLO','QUIERO','21373986-7','--','KATERINE DE LA PAZ',407,21),(6090,'CHOAPA','CABEZA','21055391-6','--','MATIAS NATANAEL',407,21),(6091,'DIAZ','AYALA','21083727-2','--','EVELYN ANDREA',407,21),(6092,'DIAZ','FREIRE','21092257-1','--','PIA VERENA',407,21),(6093,'ESPINAZA','CAPURRO','20884075-4','--','FELIPE ANDRES',407,21),(6094,'FAJARDO','SOTO','21222287-9','--','GAEL ALMENDRA',407,21),(6095,'FUENTES','VASQUEZ','21128312-2','--','RODRIGO IGNACIO',407,21),(6096,'GONZÁLEZ','DÍAZ','21313484-1','--','ALEJANDRA MARIANA',407,21),(6097,'HORMAZABAL','GALDAME','21319801-7','--','FELIPE ANTONIO',407,21),(6098,'LARA','GALDAMES','21266833-8','--','BEATRIZ CAROLINA',407,21),(6099,'MEDEL','CARDENAS','21164437-0','--','NICOLAS ROBERTO',407,21),(6100,'MEDEL','GONZALEZ','21088748-2','--','SEBASTIAN ALEJANDRO',407,21),(6101,'MEDINA','PEÑA','21251421-7','--','SAMUEL GALEB IGNACIO',407,21),(6102,'MOLINA','HENRÍQUEZ','20570419-1','--','JOHN MICHAEL',407,21),(6103,'MOLINA','PALMA','21002898-6','--','CONSTANZA ANAIS',407,21),(6104,'MORAGA','ESPINOZA','21177139-9','--','KRISHNA ANAIS',407,21),(6105,'MUÑOZ','LEIVA','21203319-7','--','BASTIAN ALEJANDRO',407,21),(6106,'MUÑOZ','SANCHEZ','21139246-0','--','ESTEFANIA ALEJANDRA',407,21),(6107,'PARADA','ESPINOSA','21153168-1','--','VALENTINA IGNACIA',407,21),(6108,'PEÑAILILLO','ARAVENA','21249174-8','--','FRANCHESKA ESKARLET',407,21),(6109,'PEREZ','VERA','21080524-9','--','BRYAN ANTONIO',407,21),(6110,'QUILODRAN','ALARCON','21299142-2','--','JASON FABIANY',407,21),(6111,'ROJAS','GUAJARDO','21307681-7','--','ISIDORA BELEN',407,21),(6112,'SAAVEDRA','ACUÑA','21071106-6','--','JHASNNARA NICOLE ANDREA',407,21),(6113,'SALAZAR','MORA','20877202-3','--','ARLETH ISAMAR',407,21),(6114,'VALENZUELA','MUÑOZ','21200806-0','--','JOSE BASTIAN',407,21),(6115,'VALENZUELA','ROJAS','21157577-8','--','ELIZABETH NATALIA',407,21),(6116,'VERDUGO','HERNÁNDEZ','20984111-8','--','PABLO ANDRÉS',407,21),(6117,'VERGARA','VERDUGO','21312495-1','--','DANNAE ABILEC',407,21),(6118,'ARAVENA','PEÑA','21122341-3','--','KRISHNA ALEJANDRA',408,21),(6119,'ARREDONDO','AVILA','21163380-8','--','CRISTOFER ALEJANDRO',408,21),(6120,'AVILA','VEGA','21092557-0','--','HERMANN EDUARDO',408,21),(6121,'BARRA','NAVARRO','21139615-6','--','KARLA JAVIERA',408,21),(6122,'BUSTOS','CAMPOS','21097893-3','--','MARCELO ANTONIO',408,21),(6123,'BUSTOS','GALDAME','21266291-7','--','CONSTANZA FERNANDA',408,21),(6124,'BUTRON','MONTECINOS','21126404-7','--','PATRICIA CELINDA',408,21),(6125,'CANCINO','VERDUGO','21145621-3','--','FERNANDO JESUS',408,21),(6126,'CANCINO','VILLEGAS','21145055-K','--','CONSTANZA LORENA',408,21),(6127,'CASTILLO','CANCINO','21088580-3','--','JAVIERA IGNACIA',408,21),(6128,'DIAZ','VALDEBENITO','21326334-K','--','PATRICIA MONSERRATH',408,21),(6129,'ESPINOZA','PEREZ','21162090-0','--','LUCAS VICENTE',408,21),(6130,'FUENTES','QUEZADA','21200737-4','--','KARLA MAGDALENA',408,21),(6131,'GONZALEZ','MOYA','21151557-0','--','RONALD IGNACIO',408,21),(6132,'HORMAZABAL','LEAL','21177170-4','--','VALENTINA FERNANDA',408,21),(6133,'LARA','CACERES','21079856-0','--','JOSE IGNACIO',408,21),(6134,'LUARDO','VÁSQUEZ','20767334-K','--','SCARLET MICAELA',408,21),(6135,'MENA','VILLENA','21153905-4','--','SOLEDAD ALEJANDRA',408,21),(6136,'MONJE','BECERRA','21079498-0','--','MARIA JOSE',408,21),(6137,'MONTECINOS','MONTECINOS','21299742-0','--','ANA MARIA',408,21),(6138,'MORA','RIVAS','21250130-1','--','CARLOS IGNACIO',408,21),(6139,'MUENA','BERNAL','21253527-3','--','CATALINA IGNACIA',408,21),(6140,'OLAVARRIA','LEARRASCA','21292432-6','--','IVAN ANDRES',408,21),(6141,'PARRA','ARAVENA','21279736-7','--','MARIA SOLEDAD',408,21),(6142,'PARRA','SOTO','21144750-8','--','MARIA JESUS',408,21),(6143,'PEREIRA','ESPINOSA','21144173-9','--','NATHALIA CAROLINA',408,21),(6144,'QUILODRAN','FAUNDEZ','21278441-9','--','JORDAN ALICIO',408,21),(6145,'RODRIGUEZ','ANDRADES','21256657-8','--','JUAN ESTEBAN',408,21),(6146,'SALAZAR','MUÑOZ','21066410-6','--','BENJAMIN ALONSO',408,21),(6147,'SALGADO','PEÑA','21060222-4','--','KRISHNA FERNANDA',408,21),(6148,'SANCHEZ','LARENAS','21143496-1','--','MARIA CAROLINA',408,21),(6149,'SOTO','MUÑOZ','21328972-1','--','MONSERRAT ANGELICA',408,21),(6150,'TORRES','VASQUEZ','21157711-8','--','JUDITH MACARENA',408,21),(6151,'VALDEBENITO','MUÑOZ','21050405-2','--','NAYELI ANDREA',408,21),(6152,'VILLALOBOS','CONSTENLA','21144207-7','--','KAREN ANDREA',408,21),(6153,'YAÑEZ','ANDAUR','21196843-5','--','ROMINA STHEFANY',408,21),(6154,'ALVEAR','CANCINO','20993149-4','--','IGNACIO ANTONIO',409,21),(6155,'ALVEAR','RAMIREZ','21017133-9','--','BRYAN SMITH',409,21),(6156,'AMIGO','SALDIAS','21069154-5','--','FERNANDO IGNACIO',409,21),(6157,'BASTIAS','FAUNDEZ','20570329-2','--','KAREN PAOLA',409,21),(6158,'BUDIN','SALAZAR','21175946-1','--','PABLO ESTEBAN',409,21),(6159,'CANALES','MUÑOZ','21012769-0','--','RONALD ALEXIS',409,21),(6160,'CARRASCO','HERNANDEZ','21258419-3','--','JOSE IGNACIO',409,21),(6161,'CARRASCO','PEREZ','21254366-7','--','CONSTANZA ELIZET',409,21),(6162,'CERDA','CARRASCO','20687440-6','--','HECTOR ALEXANDER',409,21),(6163,'CRISOSTO','CANTERO','21074665-K','--','BENJAMIN FELIPE',409,21),(6164,'DÍAZ','CONSTENLA','21179010-5','--','IGNACIO JOSÉ',409,21),(6165,'DIAZ','DIAZ','21078911-1','--','FELIPE EDUARDO',409,21),(6166,'DÍAZ','MONTECINOS','21055006-2','--','MEYLING DEL CARMEN',409,21),(6167,'DOMINGUEZ','ARAVENA','20274246-7','--','JORGE PATRICIO',409,21),(6168,'GARCIA','RIVAS','21240346-6','--','OSCAR IGNACIO',409,21),(6169,'GARRIDO','DIAZ','20877029-2','--','NICOL ANGELICA',409,21),(6170,'GARRIDO','GARRIDO','20273792-7','--','FABIÁN IGNACIO',409,21),(6171,'GRANDON','ARAVENA','21214181-K','--','IGNACIO ANDRÉS',409,21),(6172,'GUAJARDO','JAQUE','21305649-2','--','JEMMY ABRAHAM',409,21),(6173,'LUARDO','SALGADO','21218217-6','--','LISETTE ALEXANDRA',409,21),(6174,'LUNA','VILLALOBOS','21317269-7','--','IAN SCOTT',409,21),(6175,'MEZA','SALAZAR','21121516-K','--','MANUEL IGNACIO',409,21),(6176,'ORTIZ','SANCHEZ','21232495-7','--','MATIAS ANDRES',409,21),(6177,'PACHECO','ZARATE','21126324-5','--','GERMAN IGNACIO',409,21),(6178,'PAVEZ','MAUREIRA','20968344-K','--','YULIANA MIYARAY',409,21),(6179,'RIVAS','FONSECA','20985984-K','--','MILLARAY FRANCISCA',409,21),(6180,'SEPULVEDA','VALDEBENITO','21249130-6','--','CARLA FERNANDA ANDREA',409,21),(6181,'TORRES','ARAVENA','21252315-1','--','MARTIN ALBERTO',409,21),(6182,'VELOSO','SALGADO','21279453-8','--','DIEGO ANDRES',409,21),(6183,'ALARCON','REYES','20570481-7','--','HECTOR MATIAS',410,21),(6184,'AYALA','GONZALEZ','21043939-0','--','PAZKAL BELEN',410,21),(6185,'BRAVO','AGUILERA','21011380-0','--','JAVIER NICOLAS',410,21),(6186,'BUGUEÑO','ORELLANA','20876994-4','--','FRANCISCA ALESSANDRA',410,21),(6187,'BUSTOS','AMIGO','20877080-2','--','CAMILA IGNACIA',410,21),(6188,'CANCINO','CANCINO','20877045-4','--','FRANCESCA MILLARAY',410,21),(6189,'CARRASCO','CARRASCO','20916597-K','--','FERNANDA BELEN',410,21),(6190,'COLOMBI','YAÑEZ','20972135-K','--','DARIOLETTE VANESSA',410,21),(6191,'CONTRERAS','VILLARROEL','20974544-5','--','STEPHANIE ANNAIS',410,21),(6192,'DIAZ','PEREZ','20948247-9','--','CESAR IGNACIO',410,21),(6193,'DÍAZ','SUAZO','21040252-7','--','CONSTANZA DANIELA',410,21),(6194,'DURAN','PALMA','20959679-2','--','GABRIELA BELEN',410,21),(6195,'GALLARDO','PEÑA','21040038-9','--','ANAIS ALEXANDRA',410,21),(6196,'GARRIDO','PEÑA','20877012-8','--','FELIPE JOSE ALEXANDER',410,21),(6197,'HENRIQUEZ','LIZANA','20936636-3','--','THIARE FERNANDA',410,21),(6198,'IBAÑEZ','MUÑOZ','20877124-8','--','JUAN JOSE',410,21),(6199,'JARA','HENRIQUEZ','20877116-7','--','NELSON FELIPE',410,21),(6200,'MEZA','VALDEBENITO','20877121-3','--','KATHERINE MASSIEL',410,21),(6201,'MUENA','CANTERO','20569891-4','--','SEBASTIAN JESUS',410,21),(6202,'MUÑOZ','SALAZAR','20570489-2','--','SANTIAGO IGNACIO ENRIQUE',410,21),(6203,'OPAZO','YAÑEZ','20570496-5','--','CAMILA NICOLET',410,21),(6204,'ORELLANA','SEPULVEDA','20877084-5','--','KARI SARAY',410,21),(6205,'PARRA','DIAZ','20876989-8','--','MABERIK EDUARDO',410,21),(6206,'PARRA','MUÑOZ','19844968-7','--','ESCARLETE SIMONETE',410,21),(6207,'PEREZ','VILLEGAS','21002732-7','--','DIEGO MAXIMILIANO',410,21),(6208,'RECABAL','TEJO','20273766-8','--','AYLYNNE ESPERANZA',410,21),(6209,'RIVERA','MONTECINO','20570444-2','--','ALICIA JAVIERA',410,21),(6210,'RODRIGUEZ','GONZALEZ','20877076-4','--','DANAE AILHYNNE',410,21),(6211,'SEPULVEDA','SILVA','20877069-1','--','SEBASTIAN IGNACIO',410,21),(6212,'TORRES','CASTILLO','20999764-9','--','CONSTANZA MILLARAY',410,21),(6213,'TORRES','CONSTENLA','21022306-1','--','MIGUEL IGNACIO',410,21),(6214,'VEGA','VELASQUEZ','21012025-4','--','JEFERSSON MAURICIO',410,21),(6215,'AMIGO','AMIGO','20570168-0','--','HASSAN DANILO',411,21),(6216,'AMIGO','YAÑEZ','20971797-2','--','CRISTIAN IGNACIO',411,21),(6217,'ANDAUR','ALARCÓN','20950308-5','--','VALERIA ROCIO DEL PILAR',411,21),(6218,'APABLAZA','APABLAZA','21063738-9','--','MAURICIO ANTONIO',411,21),(6219,'BECERRA','SEPÚLVEDA','20917327-1','--','YULISSA YASMÍN',411,21),(6220,'CAMPOS','MEDINA','20877106-K','--','CARLA BEATRIZ',411,21),(6221,'CASTILLO','PADILLA','20570474-4','--','ALAN ANDRES',411,21),(6222,'CHEUQUIANTE','GUTIERREZ','20963583-6','--','MICHAEL JORDAN',411,21),(6223,'CORTES','TIRAPEGUI','20570401-9','--','CRISTIAN FELIPE',411,21),(6224,'DIAZ','LEON','20395888-9','--','LUIS BASTIAN',411,21),(6225,'DURÁN','PÉREZ','20913783-6','--','JOEL MAXIMILIANO',411,21),(6226,'FRIZ','PEREIRA','20570269-5','--','NICOLAS IGNACIO',411,21),(6227,'GAJARDO','PARDO','20922498-4','--','JOSE IGNACIO',411,21),(6228,'GUMUCIO','ANDAUR','20665785-5','--','TOMAS ALONSO',411,21),(6229,'JOHNSON','ANDAUR','21037232-6','--','CAMILO IVAN',411,21),(6230,'LUENGO','IBAÑEZ','20090645-4','--','JUAN CARLOS',411,21),(6231,'MERINO','SOTO','20570086-2','--','MARCELO RAFAEL',411,21),(6232,'MORAGA','MENDEZ','20570006-4','--','JESUS EDUARDO',411,21),(6233,'MOYA','FUENTES','20877051-9','--','BRAYAN ALONSO',411,21),(6234,'MUÑOZ','DIAZ','20954132-7','--','CONSTANZA JAVIERA',411,21),(6235,'MUÑOZ','GUERRA','21009602-7','--','ALEXIS BASTIAN',411,21),(6236,'PEREZ','BARRIOS','20570514-7','--','MATIAS ALEXIS',411,21),(6237,'PINEDA','BRAVO','20938716-6','--','PEDRO ALBERTO MANUEL',411,21),(6238,'RAMOS','TORRES','20994023-K','--','MATIAS ANDRES',411,21),(6239,'REYES','CONTRERAS','21013255-4','--','JHON STEVEN',411,21),(6240,'RUIZ','BUSTOS','20273712-9','--','DENIS ELIZABETH',411,21),(6241,'RUIZ','BUSTOS','20581228-8','--','MERYAM ALEXANDRA',411,21),(6242,'SALAZAR','RODRIGUEZ','20877017-9','--','DIANA MARIA JESÚS',411,21),(6243,'SALGADO','OLIVOS','20959199-5','--','CATALINA DE LOS ANGELES',411,21),(6244,'SANCHEZ','LARENAS','20569839-6','--','CECILIA VICTORIA',411,21),(6245,'SEPÚLVEDA','CABEZA','20814298-4','--','KEVIN',411,21),(6246,'TAPIA','HERNANDEZ','20828251-4','--','PAOLA STEFANIA',411,21),(6247,'VALDES','LOPEZ','20949758-1','--','GABRIEL ALEJANDRO',411,21),(6248,'VALDES','SOTO','20273733-1','--','BEATRIZ ANTONIA',411,21),(6249,'VERGARA','VERDUGO','20570458-2','--','MILIPSA DARIANET',411,21),(6250,'ZAMBRANO','ARAVENA','20957432-2','--','LUZ GRICELDA',411,21),(6251,'ANDAUR','DIAZ','21063211-5','--','MAXIMILIANO ALEJANDRO',412,21),(6252,'AQUEVEQUE','VASQUEZ','20570248-2','--','NAYELI EMILIN',412,21),(6253,'ARAVENA','HORMAZABAL','20538124-4','--','NICOLAS IGNACIO',412,21),(6254,'ARELLANO','NAVIA','19939004-K','--','CAMILA FRANCISCA',412,21),(6255,'ARELLANO','OROSTICA','20923670-2','--','ISAAC ANTONIO',412,21),(6256,'ARIAS','PULGAR','20570272-5','--','HECTOR ENRIQUE',412,21),(6257,'AVILA','MORAGA','20274148-7','--','CAMILA FERNANDA',412,21),(6258,'AYALA','MELGAREJO','20688025-2','--','JOSE IGNACIO',412,21),(6259,'ZHAO','LONG','24415297-K','--','CAI',412,21),(6260,'CASTILLO','GONZALEZ','20922029-6','--','MANUEL ALEJANDRO',412,21),(6261,'DIAZ','LEON','20569914-7','--','JOSHUA ETIER',412,21),(6262,'ESCOBAR','CANTERO','20877002-0','--','KAREN NALLELY',412,21),(6263,'ESPINOZA','PAVEZ','20949081-1','--','DILAN NICOLAS ALEXIS',412,21),(6264,'HENRÍQUEZ','SOBARZO','20273954-7','--','DUVAN IGNACIO',412,21),(6265,'HERNÁNDEZ','LIAUPI','20919189-K','--','JONH LUIS',412,21),(6266,'HERNÁNDEZ','PONCE','20569895-7','--','CRISTÓBAL ARIEL',412,21),(6267,'JARA','MONJES','23094022-3','--','PATRICIO IGNACIO',412,21),(6268,'LAGOS','MIRANDA','21060771-4','--','JAVIER IGNACIO',412,21),(6269,'LARA','GALDAMES','20569773-K','--','FRANCISCO IVÁN',412,21),(6270,'LEAL','HERNÁNDEZ','19766821-0','--','NATALIA MACARENA',412,21),(6271,'MEDEL','VEGA','20877120-5','--','DARIEL JORDAN',412,21),(6272,'PEÑAILILLO','MARTINEZ','20570319-5','--','KRISHNA ISABEL',412,21),(6273,'SALAZAR','SALGADO','21014414-5','--','CATALINA ANDREA',412,21),(6274,'SAN MARTÍN','VERA','20570507-4','--','DIKENBER YAREL',412,21),(6275,'SEPULVEDA','SAAVEDRA','20877099-3','--','ROBERTO BRATH STEVEN',412,21),(6276,'VEGA','ZURITA','21014183-9','--','YARITZA MICAELA',412,21),(6277,'VELASQUEZ','HUENCHUMAN','20877077-2','--','STEVEN JAVIER',412,21),(6278,'VERA','CANCINO','20963286-1','--','JUAN LUIS',412,21),(6279,'VILLALOBOS','OPAZO','20990328-8','--','DIEGO IGNACIO',412,21),(6280,'ALFARO','YAÑEZ','20713139-3','--','MATIAS ANDRES',413,21),(6281,'ANDAUR','ACUÑA','20569715-2','--','CONSTANZA MARISELLA',413,21),(6282,'ANRIQUEZ','JARA','20569872-8','--','SERGIO NICOLÁS',413,21),(6283,'ARAVENA','SEPULVEDA','20570124-9','--','FERNANDA DE LOURDES',413,21),(6284,'AVILA','VILLALOBOS','20038289-7','--','MATIAS REINALDO',413,21),(6285,'BONATICI','ARELLANO','20569954-6','--','JORGE ESTEBAN',413,21),(6286,'CANCINO','VERDUGO','20569731-4','--','CAMILA ANDREA',413,21),(6287,'CARMONA','MUÑOZ','20570335-7','--','CARLOS DANIEL',413,21),(6288,'CIFUENTES','PAVEZ','20569889-2','--','JORGE MAURICIO',413,21),(6289,'CORTES','GONZALEZ','20570361-6','--','ALBERTO FELIPE',413,21),(6290,'DIAZ','FUENTES','20274252-1','--','MISHELLE ANHAYS',413,21),(6291,'FERNANDEZ','RODRIGUEZ','20497337-7','--','DIEGO ARMANDO',413,21),(6292,'HENRIQUEZ','ESPINOSA','20570360-8','--','CAMILA ALEJANDRA',413,21),(6293,'HENRIQUEZ','TORRES','20570060-9','--','CRISTOBAL IGNACIO',413,21),(6294,'LUNA','HORMAZABAL','20570346-2','--','NATALIA ELIZABETH',413,21),(6295,'MEDINA','HORMAZABAL','20570031-5','--','ANIBAL DAMIAN',413,21),(6296,'MENA','MADRID','20570022-6','--','BAYRON ALEX',413,21),(6297,'MUÑOZ','ESPINOSA','20570088-9','--','JUAN ESTEBAN',413,21),(6298,'MUÑOZ','GUTIERREZ','20570392-6','--','FELIPE ALEXANDER',413,21),(6299,'OPAZO','ARAVENA','20569758-6','--','NATALIA ABIGAIL',413,21),(6300,'ORTIZ','GOMEZ','20570263-6','--','GONZALO SEBASTIAN',413,21),(6301,'PEREZ','ARIAS','20570140-0','--','LISSETT NOEMI',413,21),(6302,'PEREZ','VASQUEZ','20274228-9','--','JULIO CESAR',413,21),(6303,'PINTO','DIAZ','20570035-8','--','DANIELA DARLING',413,21),(6304,'RECABAL','GARCIA','20569864-7','--','ANGELICA MARIA',413,21),(6305,'RIOS','SEPÚLVEDA','20570010-2','--','EILEEN ALEJANDRA',413,21),(6306,'RIVERA','LUNA','20570175-3','--','DAFNE VALENTINA',413,21),(6307,'ROCHA','ARIAS','20570215-6','--','MARTA ELIANA',413,21),(6308,'SALGADO','ALVEAR','20274213-0','--','CATALINA ALEJANDRA',413,21),(6309,'SALGADO','GARRIDO','20274214-9','--','HECTOR ANDRES',413,21),(6310,'SEPÚLVEDA','DURAN','20570304-7','--','JASON ENRIQUE',413,21),(6311,'SEPÚLVEDA','FAÚNDEZ','20569975-9','--','KARYNA MAKARENA',413,21),(6312,'TORRES','TORRES','20273600-9','--','DIGNA ROSA',413,21),(6313,'VASQUEZ','TORRES','20564242-0','--','HECTOR DANIEL',413,21),(6314,'VEGA','SALGADO','20274207-6','--','ISAAC MAXIMILIANO',413,21),(6315,'VICUÑA','SANCHEZ','20569862-0','--','PATRICIA ALEJANDRA',413,21),(6316,'ZUÑIGA','YAÑEZ','20274205-K','--','NICOLÁS IGNACIO',413,21),(6317,'ACUÑA','ACUÑA','20569802-7','--','BARBARA FRANCISCA SCARLETTE',414,21),(6318,'BAERISWYL','SOTO','20574223-9','--','PABLO ANDRES',414,21),(6319,'BRIONES','FLORES','20569849-3','--','NICOLAS ALEXIS',414,21),(6320,'CANDIA','FRIZ','20569970-8','--','ALEJANDRO ANTONIO',414,21),(6321,'CEBALLOS','ROJAS','20570063-3','--','IVAN NICOLAS',414,21),(6322,'CONCHA','RIVAS','20565456-9','--','KEVIN ALEXANDER',414,21),(6323,'DELLUC','GALLARDO','20090712-4','--','ANGELICA BELEN',414,21),(6324,'ESPINOSA','CANALES','20569893-0','--','KRISHNA ELIZABETH',414,21),(6325,'ESPINOSA','LUNA','20569739-K','--','FABIAN IGNACIO',414,21),(6326,'GUERRA','DIAZ','20569907-4','--','DANILO ALONSO',414,21),(6327,'GUERRERO','GARCIA','20597819-4','--','CONSTANZA MILLARAY',414,21),(6328,'HERNANDEZ','PEREIRA','19987539-6','--','CARLOS ANTONIO',414,21),(6329,'HORMAZABAL','HORMAZABAL','20570043-9','--','TAMARA ANDREA',414,21),(6330,'HORMAZABAL','LEAL','20274248-3','--','MAIRA ALEXANDRA CATALINA',414,21),(6331,'MARDONES','TORRES','20569969-4','--','SEBASTIÁN IGNACIO',414,21),(6332,'MOYA','BUSTOS','20570317-9','--','FRANCISCA MILLARAY',414,21),(6333,'MUENA','SOTO','20570169-9','--','MARIA JESUS',414,21),(6334,'MUÑOZ','BARRUETO','20274079-0','--','SCARLET ESTEFANIA',414,21),(6584,'MUÑOZ','CACERES','20570023-4','\'--','YANITZA DE LOURDES',575,44),(6336,'NORAMBUENA','OPAZO','20570213-K','--','JORGE ANDRES',414,21),(6337,'ORELLANA','SALGADO','20569959-7','--','MILLARAY DE LA PAZ',414,21),(6338,'PARRA','LEIVA','19939203-4','--','DARIOLETTE LISETTE',414,21),(6339,'PAVEZ','ANDRADES','20569992-9','--','BRANCO MICHAEL',414,21),(6340,'PEÑAILILLO','GUERRA','20570243-1','--','PABLO IGNACIO',414,21),(6341,'PEREZ','ARCE','20570303-9','--','VALENTINA FERNANDA',414,21),(6342,'PEREZ','LARA','20570279-2','--','NATASHA SOLEDAD ELCY',414,21),(6343,'RETAMAL','VASQUEZ','20274188-6','--','FREDDY GUILLERMO',414,21),(6344,'REYES','MUÑOZ','20570127-3','--','JOSEFINA INES',414,21),(6345,'RODRIGUEZ','HENRIQUEZ','20569977-5','--','JAVIERA CONSTANZA',414,21),(6346,'ROJAS','NEIRA','20274005-7','--','ANGELA ANTONIA',414,21),(6347,'SEPULVEDA','PADILLA','20673161-3','--','DANYELA PAZ PALOMA',414,21),(6348,'SILVA','AGUILERA','20160403-6','--','CHRISTIAN ALEJANDRO',414,21),(6349,'TORRES','OSORIO','20570328-4','--','BEATRIZ FERNANDA DE LOS ANGELES',414,21),(6350,'VEGA','MUÑOZ','20565266-3','--','YESENIA ANDREA',414,21),(6351,'VELIZ','VASQUEZ','20569850-7','--','MATIAS BASTIAN',414,21),(6352,'ALVEAR','CASTILLO','20570433-7','--','CLAUDIA JAVIERA',415,21),(6353,'ARAVENA','BUSTAMANTE','20570180-K','--','VALESKA ANTONIA DEL CARMEN',415,21),(6354,'ARAVENA','RIOS','20569958-9','--','SOLANGE ANDREA',415,21),(6355,'CACERES','ALARCON','20570062-5','--','JAVIER ANTONIO',415,21),(6356,'CANCINO','SAAVEDRA','20569825-6','--','BASTIAN IGNACIO',415,21),(6357,'CASTRO','TEJO','20570078-1','--','TAMARA MILLARAY',415,21),(6358,'CERDA','ROJAS','20090513-K','--','FERNANDA ANGELICA',415,21),(6359,'CLARO','ASTUDILLO','20563162-3','--','JEHAN DANILO ARTURO',415,21),(6360,'DIAZ','HUIRIQUEO','20693974-5','--','ALEX ANTONIO',415,21),(6361,'DOMINGUEZ','GUTIERREZ','20570090-0','--','CATALINA ESPERANZA',415,21),(6362,'EGAÑA','ESPINOZA','20570371-3','--','CAMILA DE LOS ANGELES',415,21),(6363,'HAHN','VASQUEZ','20654090-7','--','ALISSON DIANA',415,21),(6364,'ILLANES','ROJAS','20570211-3','--','JERSON FERNANDO',415,21),(6365,'LAGOS','MIRANDA','20569962-7','--','BASTIAN ELÍAS',415,21),(6366,'LANDEROS','ORTEGA','20569815-9','--','PAZ BELEN',415,21),(6367,'LUENGO','TORRES','20069227-6','--','MIGUEL ANGEL',415,21),(6368,'MARDONES','TORO','20569847-7','--','KARINA ANAHIS',415,21),(6369,'MORAGA','MUÑOZ','20570116-8','--','YENIFER ALEJANDRA',415,21),(6370,'MUÑOZ','YAÑEZ','20570027-7','--','MARTIN IGNACIO',415,21),(6371,'OLIVOS','LARA','20570191-5','--','YENIFER DEL CARMEN',415,21),(6372,'PARRA','MUÑOZ','20420994-4','--','MAITE ALEJANDRA',415,21),(6373,'PEREZ','MONTECINOS','20570290-3','--','VALERIA FRANCISCA BELEN',415,21),(6374,'QUEZADA','MUÑOZ','20569828-0','--','CRISTOPHER DAMIAN',415,21),(6375,'QUILODRAN','LIZANA','20570295-4','--','DANIELA ALEJANDRA',415,21),(6376,'QUIROZ','ALEGRE','20570320-9','--','BASTIÁN ANTONIO',415,21),(6377,'RECABAL','GONZALEZ','20569998-8','--','MATIAS IGNACIO',415,21),(6378,'VELOSO','LABRA','20273698-K','--','JUAN GABRIEL',415,21),(6379,'VELOSO','SALGADO','20759431-8','--','RODRIGO ANTONIO',415,21),(6380,'VENEGAS','PEREIRA','20569781-0','--','MARCELO ANDRES',415,21),(6381,'VICUÑA','MELENDEZ','20273857-5','--','JOAQUIN IGNACIO',415,21),(6382,'VILLEGAS','SALGADO','20350541-8','--','GERARDO ANDRES',415,21),(6383,'ACUÑA','LARA','20171107-K','--','ARMANDO ALEJANDRO',538,21),(6384,'ALBORNOZ','VEGA','20273915-6','--','MIGUEL SEBASTIÁN',538,21),(6385,'ARAVENA','HORMAZABAL','20160492-3','--','HECTOR MAXIMILIAN',538,21),(6386,'ARELLANO','GUTIÉRREZ','20273936-9','--','ALEXSANDRA DEL CARMEN',538,21),(6387,'CASTILLO','ORELLANA','20273633-5','--','MATIAS NICOLÁS',538,21),(6388,'CONCHA','CANTERO','20273750-1','--','ALEJANDRO ANTONIO',538,21),(6389,'DIAZ','ESPINOSA','20294192-3','--','JONAS PEDRO',538,21),(6390,'FAJARDO','SOTO','20336444-K','--','EROS MAXIMILIANO',538,21),(6391,'FUENTES','VASQUEZ','20273939-3','--','CESAR IGNACIO',538,21),(6392,'GUERRA','GRANDON','20273967-9','--','LEONEL ALEJANDRO',538,21),(6393,'LEAL','LEAL','20274001-4','--','BASTIAN ISAÍAS',538,21),(6394,'LEÓN','CONTRERAS','20363205-3','--','YERTY ABIGAIL',538,21),(6395,'LOPEZ','QUEVEDO','20036587-9','--','RODRIGO IGNACIO',538,21),(6396,'LUNA','ARAVENA','20090658-6','--','SORAYA PRICILA',538,21),(6397,'MORAGA','FUENTES','20294256-3','--','MARÍA JAVIERA',538,21),(6398,'MORAGA','MOYA','20273689-0','--','CARLOS SEBASTIAN',538,21),(6399,'PALMA','MORA','20090679-9','--','JORGE ANDRES',538,21),(6400,'PEÑA','YAÑEZ','20273582-7','--','CRISTOBAL ALEJANDRO',538,21),(6401,'PEREIRA','SÁNCHEZ','20273695-5','--','CRISTIAN IGNACIO',538,21),(6402,'PEREZ','GARRIDO','20305266-9','--','CLAUDIA ANDREA',538,21),(6403,'PÉREZ','ALARCON','20273623-8','--','MARÍA JOSÉ',538,21),(6404,'RIOS','JORQUERA','20273711-0','--','JAVIERA DE LOS ANGELES',538,21),(6405,'RIOS','MOYA','20274163-0','--','FABIAN NICOLAS',538,21),(6406,'RIOS','OPAZO','20273931-8','--','BARBARA ALEJANDRA',538,21),(6407,'RUIZ','SOTO','20170358-1','--','BASTIAN EMMANUEL',538,21),(6408,'SALGADO','SALGADO','20273694-7','--','BRYAN ANTONIO',538,21),(6409,'SUAREZ','LARENAS','20273747-1','--','SEBASTIAN ALEJANDRO',538,21),(6410,'URRA','ORELLANA','20273566-5','--','NAZARETH ANTONIA',538,21),(6411,'VALDES','GONZALEZ','20273815-K','--','MARIO EDUARDO',538,21),(6412,'VERA','CANCINO','20273732-3','--','CATALINA DEL CARMEN',538,21),(6413,'GAETE','SALAZAR','20273660-2','--','MARÍA FERNANDA',533,21),(6414,'GARCÍA','MORENO','20090650-0','--','PATRICIO ALFONSO',533,21),(6415,'HENRÍQUEZ','MUÑOZ','20273818-4','--','DAMIAN NORBERTO',533,21),(6416,'HERNÁNDEZ','PONCE','19766867-9','--','FABIÁN ALEXANDER',533,21),(6417,'HORMAZABAL','CAMPOS','20273889-3','--','PABLO ANDRES',533,21),(6418,'LUENGO','TORRES','20069226-8','--','CARLOS ALEJANDRO',533,21),(6419,'MELLA','MARTINEZ','19990809-K','--','JUAN JOSE',533,21),(6420,'MORALES','TAMAYO','19699818-7','--','MAXIMILIANO DYLAN',533,21),(6421,'MOYA','LEAL','20274169-K','--','ANDRÉS ANTONIO',533,21),(6422,'MUÑOZ','CAROCA','20274035-9','--','CATALINA ANAIS',533,21),(6423,'MUÑOZ','QUIERO','19939035-K','--','DYLAN ALEJANDRA',533,21),(6424,'ORELLANA','GUTIÉRREZ','20090268-8','--','ANDREW NICKOLEI',533,21),(6425,'PÉREZ','ARAVENA','20448802-9','--','MATÍAS IGNACIO',533,21),(6585,'PEREZ','NORAMBUENA','20273629-7','\'--','JAIRO MAURICIO',578,44),(6427,'ROJAS','MUENA','19767026-6','--','DANIELA ANDREA',533,21),(6428,'ROMERO','GALLARDO','19939033-3','--','YOCELYN DEL PILAR',533,21),(6429,'SALAZAR','CANCINO','20273771-4','--','CAMILA ANDREA',533,21),(6430,'SANCHEZ','PEÑA','20294316-0','--','CAMILA ALEJANDRA',533,21),(6431,'SÁNCHEZ','DÍAZ','19939024-4','--','RODRIGO ANTONIO',533,21),(6432,'SEGUEL','ARIN','20221512-2','--','KARIN ALEJANDRA',533,21),(6433,'SEPÚLVEDA','ARAVENA','20273944-K','--','RODRIGO ANTONIO',533,21),(6434,'SOTO','DURÁN','19778581-0','--','NATHALIA BETSABÉ',533,21),(6435,'VALDÉS','MIRANDA','20273790-0','--','ALEJANDRA PATRICIA',533,21),(6436,'VILLALOBOS','SALAZAR','20273847-8','--','TYARE DEL CARMEN',533,21),(6437,'YAÑEZ','MOLINA','20274003-0','--','NICOLÁS ANIBAL',533,21),(6438,'YÁÑEZ','RIVERA','19059903-5','--','FRANCISCA CAROLINA',533,21),(6439,'agurto','norambuena','20971748-4','--','millaray beatriz',574,44),(6440,'andrades','merced','20914126-4','--','constanza batriz',574,44),(6441,'aravena','alarcón','21007297-7','--','eliana del carmen',574,44),(6442,'aravena','recabal','20273927-K','--','anaís muriel',574,44),(6443,'ayala','vásquez','23156024-6','--','catalina ester',574,44),(6444,'bustos','hernández','20997047-3','--','cristian mauricio',574,44),(6445,'cáceres','rojas','20997533-5','--','josefa belén',574,44),(6446,'hernández','conus','20977693-6','--','álvaro fabrizio',574,44),(6447,'hormazábal','jara','20877068-3','--','michael ignacio',574,44),(6448,'jara','villegas','20960304-7','--','alejandro enrique',574,44),(6449,'lara','cabrera','20877036-5','--','jordán eduardo',574,44),(6450,'merino','letelier','20877033-0','--','javiera antonia',574,44),(6451,'moraga','muena','20987135-1','--','josé manuel',574,44),(6452,'muñoz','larenas','20831690-7','--','tamara ignacia',574,44),(6453,'olate','sánchez','20884078-9','--','matías ignacio',574,44),(6454,'orellana','sandoval','20916660-7','--','angela catalina',574,44),(6455,'parra','muñoz','20957695-3','--','constanza patricia',574,44),(6456,'pérez','soto','20946680-5','--','alejandro antonio',574,44),(6457,'plaza','osores','20877010-1','--','leslie tamara de lourdes',574,44),(6458,'rebolledo','díaz','20570512-0','--','stefania angelica',574,44),(6459,'ríos','ríos','20570495-7','--','martín andres',574,44),(6460,'sánchez','durán','21088007-0','--','gastón andres',574,44),(6461,'sepúlveda','gonzález','20984737-K','--','rocío valentina',574,44),(6462,'sepúlveda','pérez','20973734-5','--','margot cecilia',574,44),(6463,'torres','bustos','21060196-1','--','angel moises',574,44),(6464,'vera','rebolledo','20955785-1','--','nicolás bastian',574,44),(6465,'sepúlveda','gonzález','20964093-7','--','anaís veronica',574,44),(6466,'fuentes','vega','21045243-5','--','victoria francisca',574,44),(6467,'alarcón','roa','20909424-K','--','vanessa ignacia',574,44),(6468,'riveros','gonzález','20834079-4','--','tamara lizzet',574,44),(6469,'adorni','sanhueza','20569980-5','--','andrea fernanda',575,44),(6470,'alarcón','escalona','20570074-9','--','catalina alejandra',575,44),(6471,'alarcón','novoa','20569878-7','--','moisés ignacio',575,44),(6472,'araya','amigo','20569941-4','--','gabriela constanza',575,44),(6473,'azócar','recabal','20570286-5','--','carla antonia',575,44),(6474,'benard','pérez','20570386-1','--','andrea victoria',575,44),(6475,'bustos','vásquez','20570325-K','--','tatiana alejandra',575,44),(6476,'cabrera','salazar','20592761-1','--','ignacio',575,44),(6477,'cancino','espinoza','20570170-2','--','carlos daniel',575,44),(6478,'donoso','yáñez','20570106-0','--','consuelo isabel',575,44),(6479,'gutiérrez','olivares','20569757-8','--','belén ignacia',575,44),(6480,'hormazábal','lefimil','20570110-9','--','lucas pablo',575,44),(6481,'jélvez','domínguez','20570379-9','--','lisvette miyaray',575,44),(6482,'leyton','burgos','20467636-4','--','andrés jesus',575,44),(6483,'loyola','alvear','20569724-1','--','alejandra isabel',575,44),(6484,'mena','castillo','20562718-9','--','alejandro andres',575,44),(6485,'molina','sepúlveda','20570008-0','--','leandro yamil',575,44),(6486,'mora','salgado','20569931-7','--','paz belen',575,44),(6487,'muena','hormazábal','20274099-5','--','maría ignacia',575,44),(6488,'opazo','recabarren','20569829-9','--','paulina andrea',575,44),(6489,'osores','meriño','20569718-7','--','agustín ignacio',575,44),(6490,'pérez','muena','20569723-3','--','ruth daniela',575,44),(6491,'retamal','alvear','20570397-7','--','álvaro sebastian',575,44),(6492,'roca','cancino','20570193-1','--','fernanda valeria',575,44),(6493,'salgado','sandoval','20570441-8','--','exequiel enrique',575,44),(6494,'sánchez','cáceres','20274237-8','--','constanza catalina',575,44),(6495,'sánchez','sánchez','20570071-4','--','nicolás ignacio',575,44),(6496,'sanhueza','henríquez','20569896-5','--','sebastián',575,44),(6497,'soto','fuentes','20435528-2','--','juan eduardo',575,44),(6498,'torres','torres','20570253-9','--','felipe antonio',575,44),(6499,'torres','urra','20569851-5','--','thais roxana',575,44),(6500,'ulloa','urzúa','20453758-5','--','elizabeth estefanny',575,44),(6501,'valenzuela','sepúlveda','20569732-2','--','sebastián ',575,44),(6502,'villegas','lara','20569901-5','--','franchesca carolina ',575,44),(6503,'yáñez','reyes','20581052-8','--','josefa paola',575,44),(6504,'rubio','soto','20570144-3','--','anaís amapola',575,44),(6505,'salgado','huenchullán','20570370-5','--','felipe andres',575,44),(6506,'agurto','henríquez','20273646-7','--','javier ignacio',576,44),(6507,'agurto','salgado','20273742-0','--','verónica soledad',576,44),(6508,'alarcón','recabal','20273848-6','--','josé ignacio',576,44),(6509,'altamirano','quezada','20330983-K','--','byron felipe',576,44),(6510,'amigo','alvear','20273846-K','--','vanessa constanza',576,44),(6511,'arellano','suazo','20274054-5','--','javiera  paz',576,44),(6512,'cancino','fuentes','20274160-6','--','javier andres',576,44),(6513,'castillo','hormazábal','20274175-4','--','karla de lourdes',576,44),(6514,'fernández','orellana','20274075-8','--','nicolás alexis',576,44),(6515,'gómez','soto','20274150-9','--','luis abelardo',576,44),(6516,'gonzález','parra','20223163-2','--','julio ignacio',576,44),(6517,'hernández','gutiérrez','20273898-2','--','danae noemí',576,44),(6518,'hormazábal','jara','20273640-8','--','bárbara catalina',576,44),(6519,'medel','salgado','20273700-5','--','juan pablo',576,44),(6520,'miranda','barra','20273971-7','--','sebastián alejandro',576,44),(6521,'mora','arellano','20273743-9','--','estefanía anaís',576,44),(6522,'moraga','salazar','20090659-4','--','carlos ricardo',576,44),(6523,'muñoz','recabal','20273593-2','--','sofía beatriaz',576,44),(6524,'muñoz','segura','20273753-6','--','cristian antonio',576,44),(6525,'opazo','arellano','20273737-4','--','milena lizette',576,44),(6526,'opazo','molina','20302549-1','--','sebastián rodolfo',576,44),(6527,'orellana','sandoval','20090710-8','--','claudio andres',576,44),(6528,'recabal','ávila','20273739-0','--','jorge andres',576,44),(6529,'reyes','torres','20273754-4','--','marcelo esteban',576,44),(6530,'romero','gajardo','20274195-9','--','juan daniel',576,44),(6531,'tenorio','pérez','20274259-9','--','katherinne daniela',576,44),(6532,'villanueva','peñailillo','20273642-4','--','sebastián emilio',576,44),(6533,'villegas','villegas','20274085-5','--','rocío macarena',576,44),(6534,'alarcón','soto','20274089-8','--','ivannia elizabeth',577,44),(6535,'alvear','leal','20273868-0','--','brayan alejandro',577,44),(6536,'aravena','aguilera','20274057-K','--','catalina belen',577,44),(6537,'aravena','gonzález','20273981-4','--','crishna viviana',577,44),(6538,'castillo','recabarren','20273574-6','--','khatalina noemí',577,44),(6539,'contreras','salgado','20273761-7','--','esteban benjamín',577,44),(6540,'díaz','agurto','20274066-9','--','jenifer franchesca',577,44),(6541,'durán','aravena','20092582-3','--','leslie carolina',577,44),(6542,'hernández','torres','20056056-6','--','natacha amelia',577,44),(6543,'hormazábal','arias','20349966-3','--','cristóbal antonio',577,44),(6544,'hormazábal','meza','20273615-7','--','javiera ignacia',577,44),(6545,'lara','aravena','20294188-5','--','oscar jose',577,44),(6546,'león','valdebenito','20273835-4','--','sigrid anais alexa',577,44),(6547,'moya','zambrano','20273796-K','--','scarllett isabel',577,44),(6548,'muñoz','aravena','20316530-7','--','carla andrea',577,44),(6549,'muñoz','mora','20274078-2','--','josé victor',577,44),(6550,'muñoz','recabal','20273861-3','--','fernanda scarlett',577,44),(6551,'ortiz','peñailillo','20273627-0','--','patricio vladimir',577,44),(6552,'rebolledo','díaz','20274018-9','--','vania alejandra',577,44),(6553,'recabal','vega','20273828-1','--','manuel andres',577,44),(6554,'rojas','milla','20379181-K','--','josé miguel ',577,44),(6555,'sánchez','montecinos','20274039-1','--','angelo felipe',577,44),(6556,'torres','herrera','20273837-0','--','cristian eduardo',577,44),(6557,'torres','parra','20274074-K','--','diego sebasian',577,44),(6558,'urrutia','urrutia','20273708-0','--','leonardo javier',577,44),(6559,'vásquez','durán','20274040-5','--','constanza aida',577,44),(6560,'espinoza','obregón','20273947-4','--','maría scarlett',577,44),(6561,'alarcón','méndez','20274166-5','--','verónica solange',578,44),(6562,'alvial','castillo','20274220-3','--','hachley priscilla',578,44),(6563,'arellano','sepúlveda','20273904-0','--','karen constanza',578,44),(6564,'badilla','canto','20273686-6','--','cristóbal danie',578,44),(6565,'bravo','aguilar','21897330-2','--','pedro ignacio',578,44),(6566,'caro','moreno','20274227-0','--','brayan sebastian',578,44),(6567,'carrasco','órdenes','20274127-4','--','nicolás eduardo',578,44),(6568,'gallardo','gutiérrez','20331355-1','--','marcelo alejandro',578,44),(6569,'garcía','valenzuela','20307553-7','--','josé ignacio',578,44),(6570,'gonzález','barrueto','20274241-6','--','sebastián moises',578,44),(6571,'guerra','verdugo','20273970-9','--','mauricio alejadro',578,44),(6572,'lutz','escalona','20303267-6','--','vaithiare alexanda',578,44),(6573,'morales','rebolledo','20446660-2','--','katherine soledad',578,44),(6574,'navarrete','valladares','20274238-6','--','claudia del pilar',578,44),(6575,'pérez','saavedra','20274244-0','--','franchesca ivonne',578,44),(6576,'rivas','salgado','20273609-2','--','maykol nicolas',578,44),(6577,'rodríguez','baeza','20273758-7','--','kevin jordan',578,44),(6578,'sánchez','valdés','20274123-1','--','maría monseratt',578,44),(6579,'sandoval','sánchez','20273685-8','--','pamela isabel',578,44),(6580,'sanhueza','benavente','20273797-8','--','sebastián',578,44),(6581,'torres','parra','20274073-1','--','fernando andes',578,44),(6582,'vásquez','moraga','20274048-0','--','fernanda paola',578,44),(6586,'VALENZUELA','SEPÚLVEDA','22086928-8','--','BASTIÁN IGNACIO',580,36),(6587,'CARMONA','ORTEGA','22461499-3','--','CLAUDIO RENÁN',580,36),(6588,'FERRADA','ARAVENA','22129265-0','--','OMAR FRANCISCO',581,36),(6589,'PÉREZ','MUENA','21945168-7','--','CARLOS MATÍAS',581,36),(6590,'VALENZUELA','VÁSQUEZ','22120749-1','--','NICOLÁS ANTONIO',581,36),(6591,'MORA','NEIRA','21765556-0','--','GONZALO ANDRÉS',581,36),(6592,'PÉREZ','MUENA','21685471-3','--','MIGUEL ANTONIO',582,36),(6593,'FERRADA','ARAVENA','21377687-8','--','SEBASTIÁN ALEJANDRO',583,36),(6594,'MORAGA','MORA','21292180-7','--','CAMILA ALEJANDRA',583,36),(6595,'VALENZUELA','SEPÚLVEDA','20990780-1','--','JUAN PABLO',583,36),(6596,'CÁCERES','VALENZUELA','21216557-3','--','TABITA DE LA PAZ',584,36),(6597,'CARMONA','ORTEGA','21035796-3','--','OSVALDO BENEDICTO',584,36),(6598,'PÉREZ','MUENA','21205021-0','--','EXEQUIEL ALEJANDRO',584,36),(6637,'GUEVARA','VÁSQUEZ','20570497-3','--','CLAUDIO GEORGE',591,17),(6638,'PACHECO','VALENZUELA','21024480-8','--','NICOLÁS HERNÁN',591,17),(6639,'LATORRE','ORTIZ','20569933-3','--','BASTIÁN ANDRÉS',592,17),(6636,'ANDRADES','FRITZ','20767286-6','--','JUAN PABLO',590,17),(6635,'LÓPEZ','APARICIO','21124454-2','--','VÍCTOR ANDRÉS',590,17),(6634,'HERNÁNDEZ','SÁNCHEZ','20877003-9','--','KRISHNA LISSETH',590,17),(6633,'GUEVARA','VÁSQUEZ','21146963-3','--','SIGRID SHIRLEY',590,17),(6632,'BECERRA','PEÑA','21411572-7','--','HILDA ANDREA',589,17),(6640,'SALGADO','PÉREZ','20570084-6','--','DAMIÁN PATRICIO',592,17),(6641,'TORRES','NAVARRETE','20090501-6','--','FERNANDO ANTONIO',592,17),(6642,'RETAMAL','YÁÑEZ','22186239-2','--','DIEGO ALONSO',593,43),(6643,'PRADENAS','MORAGA','22119622-8','--','ROSA VICTORIA',594,43),(6644,'SOTO','GAJARDO','21685179-K','--','CARLA ANDREA',594,43),(6645,'DÍAZ','CONTRERAS','21523327-8','--','CHRISTIAN ANDRÉS',595,43),(6646,'MORA','TORRES','21848046-2','--','VÍCTOR JAVIER ANTONIO',595,43),(6647,'SEPÚLVEDA','MORA','21813855-1','--','ARTURO SEBASTIÁN',595,43),(6648,'PEREIRA','MORA','21534676-5','--','FERNÁNDA IGNACIA',596,43),(6649,'RETAMAL','MONRROY','21470378-5','--','DANITZA SOLEDAD',596,43),(6650,'REYES','SEPÚLVEDA','21466786-K','--','CRISTOPHER SEBASTIÁN',596,43),(6651,'VELOZO','BAEZA','22502908-3','--','SIMÓN REINALDO',597,38),(6652,'VEGA','ORELLANA','21593921-9','--','JOSÉ MIGUEL',599,38),(6653,'FLORES','DURÁN','21696530-2','--','JAVIER EDUARDO',599,38),(6654,'FLORES','DURÁN','21696541-8','--','VALENTINA XIMENA',599,38),(6655,'ALARCÓN','ESCALONA','21510186-K','--','DANIELA VALENTINA',600,38),(6656,'COLOMBI','YÁÑEZ','21336499-5','--','CRISTOFFER MAICOL',600,38),(6657,'RIVAS','TORRES','21278754-K','--','JERTTY BRITANY',600,38),(6658,'RODRÍGUEZ','ALARCÓN','21507431-5','--','SAIRA ALMENDRA',600,38),(6659,'PÉREZ','MORAGA','22701323-0','--','ANGÉLICA DEL ROSARIO',601,40),(6660,'OLATTE','ARELLANO','22617671-3','--','MARÍA ALEJANDRA',601,40),(6661,'MOLINA','BRIONES','22682889-3','--','MARTINA ANTONIA',601,40),(6662,'MORAGA','BUENO','22573745-2','--','DIEGO ESTEBAN',601,40),(6663,'GUTIÉRREZ','YÁÑEZ','22370386-0','--','BELÉN ESCARLETTE',602,40),(6664,'PÉREZ','ARELLANO','22336331-8','--','TABITA ANDREA',602,40),(6665,'SUAZO','MORALES','22218834-2','--','ANGEL JESÚS',602,40),(6666,'YÁÑEZ','FRIZ','22365442-8','--','MARTÍN IGNACIO',602,40),(6667,'SALAZAR','AGURTO','21956240-3','--','GABRIEL OMAR',603,40),(6668,'AGURTO','ARELLANO','21263562-6','--','CATALINA ANTONIA',604,40),(6669,'MIRANDA','MIRANDA','21743465-3','--','COLOMBA MELISA',604,40),(6670,'GONZÁLEZ','NORAMBUENA','21412569-2','--','NICOLÁS MAURICIO',605,40),(6671,'YÁÑEZ','ARELLANO','21432421-0','--','CONSTANZA CECILIA',605,40),(6672,'YÁÑEZ','FRIZ','21617881-5','--','GREGORY FABIÁN ANTONIO',605,40),(6673,'ABARZA','HERNÁNDEZ','21075426-1','--','RODRIGO ANDRÉS',606,40),(6674,'LEAL','SÁNCHEZ','21315919-4','--','VALESCA ALEXANDRA',606,40),(6675,'MONTECINO','AGURTO','21281243-9','--','ALONSO JESÚS',606,40),(6676,'NORAMBUENA','YÁÑEZ','21281271-4','--','MATÍAS JESÚS',606,40),(6677,'SALAZAR','AGURTO','20569930-9','--','ALEJANDRO ANTONIO',606,40),(6678,'SUAZO','DÍAZ','21258258-1','--','SEBASTIÁN ALEXIS',606,40),(6679,'QUEVEDO','SUAZO','22192337-5','--','LUIS FERNANDO',607,28),(6680,'VELOSO','SUAZO','22163275-3','--','DANIEL IGNACIO',607,28),(6681,'SUAZO','LÓPEZ','22726162-5','--','EMILIA ANTONIA',607,28),(6682,'ANDRADES','LEAL','22463563-k','--','LORENA ISABEL',607,28),(6683,'LEAL','LEAL','22725204-9','--','HIPÓLITO LUCIAN',607,28),(6684,'LEAL','VELOSO','22723708-2','--','DANAHE ALEXANDRA',607,28),(6685,'LEAL','SUAZO','22740778-6','--','RODRIGO ALBERTO',607,28),(6686,'GÓMEZ','MINCHEL','22032261-0','--','TOMÁS ISAIAS',608,28),(6687,'LEAL','ANDRADES','22299788-7','--','PAULA BEATRIZ',608,28),(6688,'LEAL','LEAL','22242282-5','--','GISELL ANDREA',608,28),(6689,'LEAL','LÓPEZ','21698199-5','--','GONZALO EDUARDO',608,28),(6690,'ANDRADES','LEAL','22006706-8','--','KARLA VANESA',609,28),(6691,'GALLARDO','LEAL','22060553-1','--','MÓNICA ESTER',609,28),(6692,'GALLARDO','LEAL','21796887-9','--','RICHAR ALEJO',609,28),(6693,'LEAL','GÓMEZ','21850223-7','--','MARIANA ELICET',609,28),(6694,'MORAGA','LÓPEZ','22077185-7','--','KRISHNA TAMARA',609,28),(6695,'QUEVEDO','SUAZO','21539291-0','--','CRISTIAN JOSÉ',610,28),(6696,'SUAZO','LÓPEZ','21449336-5','--','SERGIO EDUARDO',610,28),(6697,'LEAL','LEAL','21679846-5','--','TOMÁS EDGARDO',610,28),(6698,'MARÍN','HERNÁNDEZ','21771255-6','--','DANILO GUILLERMO',610,28),(6699,'GÓMEZ','LEÓN','21553053-1','--','MACARENA SOLANGE',611,28),(6700,'GÓMEZ','MINCHEL','21528863-3','--','ANGELA DEL ROSARIO',611,28),(6701,'LEAL','GÓMEZ','21528831-5','--','EDUARDO ISAIAS',611,28),(6702,'LEAL','GÓMEZ','21232830-8','--','PEDRO JOSÉ',611,28),(6703,'LEAL','LEAL','21559606-0','--','JOSÉ LUIS',611,28),(6704,'LEAL','MARÍN','20565166-7','--','FIDEL ANTONIO',611,28),(6705,'LÓPEZ','HERNÁNDEZ','21458358-5','--','MATÍAS NICOLÁS',611,28),(6706,'VELOZO','LEAL','21328870-9','--','CRISTÓBAL ALONSO',611,28),(6707,'LEAL','LÓPEZ','21185345-k','--','CATALINA EMILIA',612,28),(6708,'LEAL','LÓPEZ','21218453-5','--','VALESKA BELÉN',612,28),(6709,'MORAGA','LÓPEZ','21177961-6','--','BRENDA ALEJANDRA',612,28),(6710,'VELOZO','LEAL','20971180-k','--','CRISTOFER ALEXANDER',612,28),(6711,'ESTUARDO','LEAL','20877060-8','--','YARELA YUDITT',613,28),(6712,'LEAL','HERNÁNDEZ','20920155-0','--','LETICIA DEL ROSARIO',613,28),(6713,'LEAL','MARÍN','20565165-9','--','RAFAEL ANTONIO',613,28),(6714,'FUENTES','LEPE','20569884-1','--','JONATHAN ISAAC',614,28),(6715,'GALLARDO','LEAL','20273810-9','--','YULISA NICOL',614,28),(6716,'GÓMEZ','LEÓN','20569728-4','--','MARCOS ELEAZAR',614,28),(6717,'LEAL','GÓMEZ','20273950-4','--','JULIÁN ANDRÉS',614,28),(6718,'LÓPEZ','HERNÁNDEZ','20877095-0','--','FERNANDA NICOL',614,28),(6719,'QUEVEDO','SUAZO','20570198-2','--','KATERINNE LISSET',614,28),(6720,'REBOLLEDO','GÓMEZ','22627127-9','--','LEEAA GABRIELLA',615,42),(6721,'SÁEZ','VILLALOBOS','22497157-5','--','JUAN ANDRÉS',615,42),(6722,'GARRIDO','REYES','22591510-5','--','GIULIANA PASCAL',615,42),(6723,'HERNÁNDEZ','CANALES','22287659-1','--','ESTELA HERMINDA',616,42),(6724,'JAQUE','YÁÑEZ','22088667-0','--','JOSÉ IGNACIO',616,42),(6725,'BARRA','LOYOLA','21718975-6','--','CONSTANZA MILLARAY',616,42),(6726,'ARAVENA','MUÑOZ','21862511-8','--','BRAYAN IGNACIO',617,42),(6727,'RAMÍREZ','MARTÍNEZ','20877064-0','--','LUIS ENRIQUE',617,42),(6728,'COMELIN','QUINTANILLA','21481152-9','--','DOMINIQUE ANTONIA',617,42),(6729,'LEAL','DÍAZ','21807705-6','--','GERMÁN ALEJANDRO',618,42),(6730,'MUÑOZ','HENRÍQUEZ','21697031-4','--','ROSA VALERIA',618,42),(6731,'GARRIDO','REYES','21699847-2','--','GIANCARLOS ANTONIO',618,42),(6732,'BAEZ','ANDRADES','21474792-8','--','CRISTOPHER ALEXANDER',619,42),(6733,'ANDRADES','AYALA','20993166-4','--','BAIRON AQUILES ELÍAS ISMAEL',619,42),(6734,'GARRIDO','REYES','21420035-k','--','MARÍA JESÚS',619,42),(6735,'GARRIDO','DONOSO','20274181-9','--','DAMIÁN ANDRÉS',619,42),(6736,'CARMONA','ALARCÓN','21141535-5','--','NANCY ANDREA',620,42),(6737,'INOSTROZA','MUÑOZ','21331304-5','--','DANIELA ALEJANDRA',620,42),(6738,'MORAGA','MORAGA','21255742-0','--','ESTEBAN GREGORIO',620,42),(6739,'REBOLLEDO','GÓMEZ','21091270-3','--','AZUCENA SOLEDAD',620,42),(6740,'SUAZO','VILLALOBOS','21446565-5','--','JUAN PABLO',620,42),(6741,'LILLO','MOYA','20058264-0','--','JONATHAN GONZALO',620,42),(6742,'SÁEZ','VILLALOBOS','21224613-1','--','NICOLE CAROLINA',620,42),(6743,'CONTRERAS','CAMPOS','20969969-9','--','BENJAMÍN ADOLFO',620,42),(6744,'AQUEVEQUE','VILLALOBOS','20274071-5','--','IGNACIO ALEJANDRO',620,42),(6745,'ARAYA','MORA','20994400-6','--','SEBASTIÁN IGNACIO',621,42),(6746,'BAEZ','ANDRADES','20937859-0','--','PÍA ALEXANDRA',621,42),(6747,'BUSTOS','SEGURA','20918734-5','--','PAULA ANDREA',621,42),(6748,'HERNÁNDEZ','CANALES','20273614-9','--','CRISTIAN ALBERTO',621,42),(6749,'MUÑOZ','ALARCÓN','20570499-k','--','CAMILA ANDREA',621,42),(6750,'SIERRA','SIERRA','20570021-8','--','WALTER HERNÁN',621,42),(6751,'MOYA','CANALES','19059706-7','--','GUILLERMINA DEL CARMEN',621,42),(6752,'VALENZUELA','CANALES','20450522-5','--','JUAN DE DIOS',621,42),(6753,'TORRES','ARAYA','21013445-k','--','MAGALY DEL CARMEN',621,42),(6754,'BAEZ','ANDRADES','20274243-2','--','BENJAMIN SEBASTIAN ANDRES',622,42),(6755,'BRUNO','CASTILLO','19939209-3','--','MICHAEL IVÁN',622,42),(6756,'NAVARRETE','VEGA','20570459-0','--','FELIPE ANDRÉS',622,42),(6757,'VALLEJOS','MONRROI','20570105-2','--','LILIAN MANUELA',622,42),(6758,'MONTECINO','BAHAMÓNDEZ','22564435-7','--','MARÍA JOSÉ',623,35),(6759,'GONZÁLEZ','HERRERA','22285077-0','--','NADIA ISABEL',624,35),(6760,'MIRANDA','RUIZ','22148375-8','--','CRISTOFER ANTONIO',625,35),(6761,'SEPÚLVEDA','MONTECINOS','21349311-6','--','BÁRBARA ELIZABETH',626,35),(6762,'VALDÉS','MIRANDA','21251484-5','--','ABELARDO ESTEBAN',627,35),(6763,'HENRÍQUEZ','AMAYA','22371222-3','--','FABIANA ROCÍO',628,41),(6764,'VEGA','VELOSO','22128507-7','--','VICTOR ANTONIO',629,41),(6765,'LEAL','LABRA','21731608-1','--','JUAN SANTO',630,41),(6766,'Acuña','Baeza','20090614-4','--','Claudia Nicole',631,24),(6767,'Alarcón','Ferrada','20273783-8','--','Fabián Leonardo',631,24),(6768,'Andrades','Fritz','19987551-5','--','Víctor Alfonso',631,24),(6769,'Aravena','Vega','20274117-7','--','Miguel Alberto',631,24),(6770,'Bustos','Caro','20357827-K','--',' Abigail Del Carmen',631,24),(6771,'Cancino','Mella','20273795-1','--','Francisco Arturo',631,24),(6772,'Castro','Muñoz','20206627-5','--','Rocío Scarlette',631,24),(6773,'Cortés','Contreras','19987553-1','--','Javiera Ignacia',631,24),(6774,'García','Arias','20274139-8','--','Nicolás Alejandro',631,24),(6775,'Gutiérrez','Aravena','19938940-8','--','Camila Del Carmen',631,24),(6776,'Jara','Figueroa','20090410-9','--','Nancy Marilyn',631,24),(6777,'Leal','López','20273903-2','--','Elizabeth Irene',631,24),(6778,'Macaya','Campos','19836531-9','--','Juan Nicolás',631,24),(6779,'Moraga','Barrueto','20273799-4','--','Álvaro Romilio',631,24),(6780,'Moraga','Mora','20273584-3','--','Diego De Las Nieves',631,24),(6781,'Muñoz','Bustos','20274096-0','--','Celeste De Jesús',631,24),(6782,'Pereira','Pereira','20273784-6','--','Cristopher Aníbal',631,24),(6783,'Pereira','Torres','20273654-8','--','Carolina Alexandra',631,24),(6784,'Pérez','Salgado','20273902-4','--','Valeria Andrea',631,24),(6785,'Rivas','Espinosa','20274053-7','--','Ahilin Alexandra',631,24),(6786,'Rojas','Bustos','20273568-1','--','Daniel Alfonso',631,24),(6787,'Rojas','Faúndez','20273716-1','--','Nicolás Rodrigo',631,24),(6788,'Ruiz','García','20273703-K','--','Jaime Nicolás Andrés',631,24),(6789,'Salgado','Pérez','20090226-2','--','Álvaro Nicolás',631,24),(6790,'Soto','Amigo','19939266-2','--','Patricio Antonio',631,24),(6791,'Suazo','Tejo','20090302-1','--','David Del Tránsito',631,24),(6792,'Torres','Olivos','20274130-4','--','Natalia Alejandra',631,24),(6793,'Vega','Leal','20294289-K','--','Patricio Andrés',631,24),(6794,'Vera','Henríquez','20144083-1','--','Valeria Alejandra',631,24),(6795,'Vera','Molina','20253949-1','--','Yeni Alejandra',631,24),(6796,'Villegas','Moraga','20569797-7','--','Constanza Andrea',631,24),(6797,'Berrocal','Obreque','20570082-K','--','Mirian Soledad',631,24),(6798,'Bustamante','Pérez','17846434-5','--','Francisco Javier',631,24),(6799,'Alarcón ','Novoa ','20273636-K','--','Nelly De Las Mercedes',632,24),(6800,'Aravena','Bustos','20090682-9','--','José Martín',632,24),(6801,'Aravena','Castro','20274015-4','--','Pedro Jesús',632,24),(6802,'Ayala','Moraga','20569842-6','--','Pedro Andrés',632,24),(6803,'Bustos','Martínez','20569846-9','--','Maira Adriana',632,24),(6804,'Contreras','Cona','19913381-0','--','Patricia Alejandra',632,24),(6805,'Díaz','Espinoza','20294166-4','--','Tabita Andrea',632,24),(6806,'Díaz','Ruiz','19701587-K','--','Álvaro Enrique',632,24),(6807,'Franzani','Martínez','20090313-7','--','Vannia Fernanda De Las Mercedes',632,24),(6808,'Henríquez','Suazo','20273780-3','--','Elizabeth Victoria',632,24),(6809,'Lépez','Aravena','20273864-8','--','Maikel Edgardo',632,24),(6810,'Moraga','Aravena','20448810-K','--','Brayan Patricio',632,24),(6811,'Moraga','Inostroza','20273707-2','--','José Cristóbal',632,24),(6812,'Moya','Olivos','20273977-6','--','Brayan Alexis',632,24),(6813,'Muena','López','20273634-3','--','YulisaValeska',632,24),(6814,'Muñoz','Espinoza','20273596-7','--','Sebastián Felipe',632,24),(6815,'Oses','Gallardo','19939332-4','--','Cristina Del Pilar',632,24),(6816,'Retamal','Rivas','20090515-6','--','Rodrigo Alejandro',632,24),(6817,'Reyes','Reyes','20273824-9','--','Álvaro Sebastián',632,24),(6818,'Rodríguez','Alarcón','20274172-K','--','Valeria Estefanía',632,24),(6819,'Ruiz','Arellano','19939270-0','--','Bárbara Andrea',632,24),(6820,'Salgado','Andaur','20274029-4','--','Jorge Alejandro',632,24),(6821,'Sánchez','Pérez','19766782-6','--','José Enrique',632,24),(6822,'Sepúlveda','Arroyo','20273800-1','--','GilariEscarlett',632,24),(6823,'Soto','Cancino','20274119-3','--','Pablo Sebastián',632,24),(6824,'Suazo','Contreras','20090290-4','--','Diana Bárbara',632,24),(6825,'Yáñez','Orellana','20090364-1','--','María De Los Angeles',632,24),(6826,'Vásquez','Márquez','20222440-7','--','José Luis',632,24),(6827,'Alarcón ','Hormazábal ','20273867-2','--','Beatriz Del Carmen',633,24),(6828,'Amigo','Amigo','19939060-0','--','Norberto Segundo',633,24),(6829,'Arellano','Vega','19060276-1','--','Cristofer Esteban',633,24),(6830,'BastíasFaúndez','Alberto','20090531-8','--','Alberto Jesús',633,24),(6831,'Bustamante','Yébenes','20273789-7','--','Damián Domingo',633,24),(6832,'Bustos','Bustamante','20090326-9','--','Juan Antonio',633,24),(6833,'Canto','Medina','19939166-6','--','Daniel Ignacio',633,24),(6834,'Carreño','Hernández','20090289-0','--','Daniela Alejandra',633,24),(6835,'Díaz','Galdame','20274165-7','--','Iván Alejandro',633,24),(6836,'Ibáñez','Agurto','20273960-1','--','Alen Antonio',633,24),(6837,'Leal','López','20274062-6','--','Danilo Antonio',633,24),(6838,'Leiva','Parra','20274080-4','--','Antonio Andrés',633,24),(6839,'León','Castillo','20274182-7','--','Magdalena Magaly',633,24),(6840,'Mora','Betancur','20569844-2','--','Yeimmy Fernanda',633,24),(6841,'Mora','Soto','20274082-0','--','María Alejandra',633,24),(6842,'Moraga','Rojas','20273696-3','--','Solen Martín',633,24),(6843,'Muñoz','Alarcón','19939009-0','--','José Feliciano',633,24),(6844,'Navarrete','Vega','20090320-K','--','Carlos Antonio',633,24),(6845,'Orellana','Contreras','20274107-K','--','Genesis Belén',633,24),(6846,'Ortiz','Torres','20273957-1','--','David Andrés',633,24),(6847,'Pereira','Orellana','20273778-1','--','Patricio Nicolás',633,24),(6848,'Pérez','Aravena','19766859-8','--','Patricio Alejandro',633,24),(6849,'Pérez','Espinosa','20273933-4','--','Valeria Emilia De Fátima',633,24),(6850,'Pérez','Godoy','19168989-5','--','Leonardo Damián',633,24),(6851,'Saavedra','Pradenas','19767084-3','--','Rodrigo Hernán',633,24),(6852,'Sepúlveda','Fuentes','20090297-1','--','Erika Carolina',633,24),(6853,'Torres','Vásquez','19474218-5','--','Maicol Alejandro',633,24),(6854,'Yáñez','Díaz','20273717-K','--','Vanessa Del Carmen',633,24),(6855,'Sepulveda','Palma','20273644-0','--','Bastian Ignacio',633,24),(6856,'Albornoz ','Canales ','20037634-K','--','Mauricio Alejandro',634,24),(6857,'Aravena','Aravena','19987518-3','--','Roberto Alexis',634,24),(6858,'Canales','Moya','20090651-9','--','Catalina Andrea',634,24),(6859,'Cancino','Vera','20090687-K','--','Cristofer Enrique',634,24),(6860,'Salgado','Hernández','20274094-4','--','José Nicolás',634,24),(6861,'Chamorro','Sánchez','20090482-6','--','Max Brayan',634,24),(6862,'Díaz','Cancino','20273569-K','--','Yessica De Lourdes',634,24),(6863,'Hernández','Castillo','19987488-8','--','Marilyn Camila',634,24),(6864,'Labra','Díaz','20090713-2','--','Sigrid Irene',634,24),(6865,'Lepe','Moya','20273859-1','--','Angel Sebastián',634,24),(6866,'Lépez','Canales','20090528-8','--','Nahun Levi',634,24),(6867,'Manríquez','Maicol','20273705-6','--','Maicol Daniel',634,24),(6868,'Molina','Retamal','20273982-2','--','Sebastián Ignacio',634,24),(6869,'Muñoz','General','19939182-8','--','Manuel Alejandro',634,24),(6870,'Muñoz','Obreque','19060215-K','--','Luis David',634,24),(6871,'Navarrete','Sepúlveda','19823455-9','--','Francisco Alejandro',634,24),(6872,'Orellana','Cáceres','19939340-5','--','Olivia Del Carmen',634,24),(6873,'Orellana','Moena','20274129-0','--','Jim Alejandro',634,24),(6874,'Ortega','Arellano','20273637-8','--','Isaac Bernardo',634,24),(6875,'Recabal','Bueno','20090275-0','--',' Cristofer Antonio',634,24),(6876,'Ríos','Morales','19939054-6','--','Sebastián Ernesto',634,24),(6877,'Salazar','Aravena','20273735-8','--','Katherinne Andrea',634,24),(6878,'Sanhueza','Pantoja','20222085-1','--','Ginna Scarlett',634,24),(6879,'Sepúlveda','Fuentes','20274114-2','--','David Wladimir Elías',634,24),(6880,'Soto','Méndez','20273702-1','--','Patricia Catalina',634,24),(6881,'Torres','Alvear','20274167-3','--','José Manuel',634,24),(6882,'Valdés','Domínguez','20158317-9','--','Maximiliano Alberto',634,24),(6883,'Vásquez','Yévenes','20273952-0','--','José Mauricio',634,24),(6884,'Villegas','Peña','20063678-3','--','Brayan Adolfo',634,24),(6885,'Alarcón','Amaya','19939187-9','--','Joel Iván',634,24),(6886,'Vásquez','Hormazábal','19766865-2','--','Rosa Celina',634,24),(6887,'Aravena','Díaz','19939293-K','--','Francisco Javier',634,24),(6888,'Leal','Ríos','20090447-8','--','Yerko Esteban',634,24),(6889,'Pacheco','Otárola','20071102-5','--','Miguel Antonio',634,24),(6890,'Díaz','Castillo','20090640-3','--','Diego Nicolás',634,24),(6891,'VERA','CANCINO','22578645-3','--','VANESSA ANTONELLA',639,34),(6892,'CANCINO','VERA','22620339-7','--','CLAUDIA ALMENDRA',639,34),(6893,'URRA','CANCINO','22637629-1','--','KEVIN ZAHIR',639,34),(6894,'TORRES','TORRES','22553504-3','--','JOSÉ ELÍAS',639,34),(6895,'LEÓN','ORELLANA','22537860-6','--','TAMARA BELÉN',639,34),(6896,'ORELLANA','DÍAZ','22676892-0','--','RODRIGO ANDRÉS',639,34),(6897,'LIZANA','HASBÚN','22556840-5','--','SEBASTIÁN MATÍAS',639,34),(6898,'OPAZO','ARAVENA','22361738-7','--','EMILIA CATALINA',640,34),(6899,'BUENO','ABARZA','22195938-8','--','FRANCISCO JAVIER',640,34),(6900,'CANCINO','ORELLANA','22172723-1','--','JAVIERA IGNACIA',640,34),(6901,'DÍAZ','RIQUELME','22163582-5','--','AMBAR SALOME',640,34),(6902,'GAETE','CANCINO','22264092-K','--','RUBÉN ISAAC',640,34),(6903,'MUÑOZ','PEREIRA','22419582-6','--','SIGRID DE LAS ROSAS',640,34),(6904,'TAPIA','SILVA','22199386-1','--','IGNACIO EDUARDO',640,34),(6905,'JIMÉNEZ','BARRERA','22314194-3','--','MARÍA TERESA',640,34),(6906,'DONOSO','MOYA','22201055-1','--','ROCIO MATILDA',640,34),(6907,'MEZA','QUIROZ','22339457-4','--','BRAYAN ANDRÉS',640,34),(6908,'SILVA','MUÑOZ','21995516-2','--','JAVIER ESTEBAN',641,34),(6909,'ARELLANO','ARIAS','21934138-5','--','MARTIN ESTEBAN',641,34),(6910,'BELMAR','MOYA','22082728-3','--','FERNANDO ANDRÉS',641,34),(6911,'CANCINO','ORELLANA','22096497-3','--','ANTONIA IGNACIA',641,34),(6912,'DIAS','PEREIRA','22005662-7','--','BENJAMÍN TOMÁS',641,34),(6913,'LEÓN','ORELLANA','21933032-4','--','BENJAMIN ISAAC',641,34),(6914,'MOYA','ORELLANA','21866966-2','--','KATALINA ALEJANDRA',641,34),(6915,'OLAVE','SILVA','22007392-0','--','SOFIA JOSEFA',641,34),(6916,'PALMA','MEZA','21919220-7','--','FRANCISCA POLETE',641,34),(6917,'TORRES','TORRES','21975882-0','--','PATRICIO ANTONIO',641,34),(6918,'ROJAS','ROJAS','21964855-3','--','KEVIN ALEXANDER',641,34),(6919,'PARRA','REBOLLEDO','21272874-8','--','EMILIO ALBERTO',642,34),(6920,'ESPINOZA','TEJO','21597816-8','--','DAVID ALEJANDRO',642,34),(6921,'BRAVO','BRAVO','21861901-0','--','MIGUEL ALEXIS',642,34),(6922,'HERRERA','MEZA','21516316-4','--','ANDRÉS ANTONIO',642,34),(6923,'ABARZA','ABARZÚA','21620286-4','--','MAXIMILIANO ANTONIO',642,34),(6924,'ROJAS','ROJAS','21346979-7','--','MOISÉS ANTONIO',642,34),(6925,'OPAZO','ARAVENA','21449032-3','--','KATHERIN ANDREA',643,34),(6926,'TAPIA','ALEGRÍA','21588954-8','--','BRAYAN GONZALO',643,34),(6927,'CANCINO','CANCINO','21461845-1','--','DANIEL ISAIAS',643,34),(6928,'CANCINO','RÍOS','21407906-2','--','IGNACIO ALEJANDRO',643,34),(6929,'MUÑOZ','LUNA','21472888-5','--','PABLO ANDRÉS',643,34),(6930,'PEREIRA','GONZÁLEZ','21221079-K','--','FABIÁN ALEXIS',643,34),(6931,'BRAVO','SEPÚLVEDA','21514178-0','--','CAMILA PAZ',643,34),(6932,'VALDÉS','ESCOBAR','20655556-4','--','TOMÁS ANTONIO',644,34),(6933,'SEPÚLVEDA','ARELLANO','20963997-1','--','TAMARA BELÉN',644,34),(6934,'SCAPPATICCIO','CANCINO','210684455k','--','GIULIANA ANTONELLA',644,34),(6935,'MEZA','POBLETE','20413542-8','--','MARCOS ALFONSO',644,34),(6936,'ORELLANA','QUIROZ','20995568-7','--','JAVIER ERNESTO',644,34),(6937,'ORELLANA','QUIROZ','21318942-5','--','LEONARDO FABIÁN',644,34),(6938,'ABARZÚA','ROMERO','20877079-9','--','MARIELA DEL ROSARIO',645,34),(6939,'RETAMAL','ARAVENA','20705216-7','--','WLADIMIR GUILLERMO',645,34),(6940,'VERA','CANCINO','20570449-3','--','KRISHNA KATHERINNE',645,34),(6941,'TAPIA','ALEGRÍA','20719715-7','--','ANGELINA BEATRIZ',645,34),(6942,'JAQUE','GONZÁLEZ','20991304-6','--','ROCÍO ISABEL',645,34),(6943,'LOBOS','TORRES','20949004-8','--','ISIDORA KATERINA',645,34),(6944,'MONSALVE','CANCINO','21001447-0','--','JULIO ALFONSO',645,34),(6945,'PADILLA','QUIROZ','20561286-6','--','GABRIELA ELIZABETH',645,34),(6946,'PARRA','REBOLLEDO','20570421-3','--','EDUARDO ANTONIO',645,34),(6947,'RÍOS','HENRÍQUEZ','20877009-8','--','PATRICIO ALEJANDRO',645,34),(6948,'LIZANA','HASBÚN','21023951-0','--','BÁRBARA ANDREA',645,34),(6949,'ESPINOZA','ARAVENA','20349845-4','--','KERIMA BELEN',646,34),(6950,'BUENO','CANCINO','20274152-5','--','ALEJANDRO HERNÁN',646,34),(6951,'ORELLANA','DÍAZ','20570340-3','--','VIVIANA ANHAIS',646,34),(6952,'ORELLANA','QUIROZ','20569808-6','--','SIGRID ALEJANDRA',646,34),(6953,'PEREIRA','VÁSQUEZ','20520039-8','--','CRISTIAN ISAAC',646,34),(6954,'SCAPPATICCIO','CANCINO','20839391-K','--','MATTEO LUCIANO',646,34),(6955,'Agurto ','Cortés','20186144-6','--','Edison Sebastián',635,24),(6956,'Alarcón','Figueroa','19060174-9','--','Ricardo Alejandro',635,24),(6957,'Alarcón','Luna','20090449-4','--','Diego Antonio',635,24),(6958,'Alvear','Verdugo','20090489-3','--','Nelson Rodrigo',635,24),(6959,'Aravena','Grandón','19939173-9','--','Marcelo Hernán',635,24),(6960,'Arellano','Bustos','20090475-3','--','Paola Andrea',635,24),(6961,'Benavides','Torres','20090479-6','--','Nicolás Andrés',635,24),(6962,'Bueno','Salgado','20090420-6','--','Marcelo Alejandro',635,24),(6963,'Chamorro','Parra','20090519-9','--','Rocío Del Carmen',635,24),(6964,'Cofré','Rebolledo','20090508-3','--','Gonzalo Del Tránsito',635,24),(6965,'Durán','Gaete','20090606-3','--','Camila Andrea',635,24),(6966,'Galdame','Pérez','20090675-6','--','Luis Alejandro',635,24),(6967,'Gandola','Durán','20273607-6','--','Consuelo Aída',635,24),(6968,'García','Aravena','20090551-2','--','Alexander Antonio',635,24),(6969,'García','Bahamondes','20090429-K','--','Felipe Andrés',635,24),(6970,'Garrido','Espinosa','19939099-6','--','Eduardo Andrés',635,24),(6971,'Gavilan','Sanchez','20090566-0','--','Magdalena Del Pilar',635,24),(6972,'Godoy','Aravena','19939048-1','--','Francisca Antonia',635,24),(6973,'González','Muñoz','20090603-9','--','Ana Julia',635,24),(6974,'Gutiérrez','Lara','20090548-2','--','Marcelo Alejandro',635,24),(6975,'Inostroza','Muñoz','20090400-1','--','Scarlet Andrea',635,24),(6976,'Jara','Salazar','20090681-0','--','Ignacio Eduardo',635,24),(6977,'Manríquez','Hernández','20090517-2','--','Fabián Andrés',635,24),(6978,'Montecino','Sepúlveda','20090439-7','--','Juan Andrés',635,24),(6979,'Morán','Loyola','20090467-2','--','Boris Basthian',635,24),(6980,'Opazo','Sánchez','20090493-1','--','Jampier Alejandro',635,24),(6981,'Ríos','Acuña','20090466-4','--','Nicol Beatriz',635,24),(6982,'Salgado','Henríquez','20090469-9','--','Ricardo Antonio',635,24),(6983,'Salinas','Sepúlveda','19060265-6','--','Luis Matías',635,24),(6984,'Velozo','Amigo','20090445-1','--','José Gonzalo',635,24),(6985,'Yáñez','Moraga','20090388-9','--','Leandro Enrique',635,24),(6986,'Medina','Canto','19098080-4','--','Víctor Hugo',635,24),(6987,'Llanquinao','Huenchunao','20090546-6','--','Juan Jesús',635,24),(6988,'Amigo','Inostroza','20090498-2','--','Jorge Andrés',635,24),(6989,'Barra','Arellano','20090221-1','--','Elizabeth Sigrid',635,24),(6990,'Salgado','Yáñez','19059958-2','--','Jorge Antonio',635,24),(6991,'Alarcón','Román','19767195-5','--','Nicolás Arturo',636,24),(6992,'Bustos','Torres','19939125-9','--','Francisco Sebastián',636,24),(6993,'Domínguez','Rodríguez','20002259-9','--','Claudio Nicolás',636,24),(6994,'Esparza','Hernández','19939329-4','--','Priscila Fernanda',636,24),(6995,'García','Canales','20090403-6','--','Michael Esteban',636,24),(6996,'Hormazábal','Peñailillo','19651213-6','--','Robinson Alexander',636,24),(6997,'Irribarra','Astudillo','19767199-8','--','Felipe Andrés',636,24),(6998,'Landeros','Pérez','19939210-7','--','Masiel Estrella',636,24),(6999,'Lepe','Escalona','19939242-5','--','Katerin Paola',636,24),(7000,'Lepe','Yáñez','20090636-5','--','Diego Armando',636,24),(7001,'Miranda','Vega','19939214-K','--','Ignacio Antonio',636,24),(7002,'Mora','Olivos','20090397-8','--','Exequiel Alejandro',636,24),(7003,'Muñoz','Castillo','19767007-K','--','Francisco Javier',636,24),(7004,'Muñoz','Pérez','20090365-K','--','Luis Alfredo',636,24),(7005,'Orellana','Inostroza','19939261-1','--','José Armando',636,24),(7006,'Padilla','Letelier','20053903-6','--','Ignacio Jesús',636,24),(7007,'Pereira','Gutiérrez','19059798-9','--','Hernán Gabriel',636,24),(7008,'Pérez','Hernández','19060220-6','--','Ignacio Andrés',636,24),(7009,'Quiriban','Gallardo','19928854-7','--','Marcelo Antonio',636,24),(7010,'Rivas','Rivas','19059895-0','--','Nicolás Eugenio',636,24),(7011,'Rivas','Salgado','20033487-6','--','María Angélica',636,24),(7012,'Rodríguez','Peñaylillo','19609633-7','--','Nicol Bessie',636,24),(7013,'Sepúlveda','Díaz','20090340-4','--','Francisco Nicolás',636,24),(7014,'Soto','Melgarejo','19694171-1','--','Juana Luz del Carmen',636,24),(7015,'Suazo','Landero','19939143-7','--','Claudia Valesca',636,24),(7016,'Valdebenito','Arroyo','20090631-4','--','AngelaGisselle',636,24),(7017,'Venegas','Lara','19939201-8','--','Ana Bárbara',636,24),(7018,'Friz','Fuentes','19487142-2','--','Roberto Emiliano',636,24),(7019,'Agurto ','Pérez','19060135-8','--','Jeremías Cristóbal',647,24),(7020,'Aravena','Manríquez','19766720-6','--','Danitza Alejandra',647,24),(7021,'Benavente','Benavente','19766762-1','--',' Claudia Estefanía',647,24),(7022,'Berrocal','Obreque','19766901-2','--','Camila Andrea',647,24),(7023,'Cancino','Orellana','20090296-3','--','Catalina Andrea',647,24),(7024,'Cancino','Salgado','19939213-1','--','Osvaldo Ignacio',647,24),(7025,'Cerda','Salgado','19939212-3','--','Aníbal Sebastián',647,24),(7026,'Durán','Durán','19938917-3','--','Ignacio Esteban',647,24),(7027,'García','Quiroz','19939279-4','--','Andrés Del Carmen',647,24),(7028,'Grandón','Grandón','20090260-2','--','Verónica Andrea',647,24),(7029,'Leal','Leal','19938893-2','--','Camila Alejandra',647,24),(7030,'Minchel','Andrea','19694201-7','--','Jenifer Andrea',647,24),(7031,'Moraga','Peñailillo','19987467-5','--','Bryan Ignacio',647,24),(7032,'Orellana','Salgado','19767018-5','--','Natalia Estefani',647,24),(7033,'Osores','Inostroza','19399968-9','--','Esteban Gabriel',647,24),(7034,'Osores','Soto','19987406-3','--','Claudio Ignacio',647,24),(7035,'Pereira','López','19987554-K','--','Erika Belén',647,24),(7036,'Pereira','Opazo','19767129-7','--','Natalia Rosa María',647,24),(7037,'Pérez','Cortés','20090401-K','--','Marcos Alexis',647,24),(7038,'Rebolledo','Moreno','20090619-5','--','Yerko Javier',647,24),(7039,'Recabal','Castillo','20273570-3','--','Kattya Francisca',647,24),(7040,'Salgado','León','19766789-3','--','José Abrahan',647,24),(7041,'Sepúlveda','Valenzuela','20090442-7','--','Francisco Andrés',647,24),(7042,'Valdés','Pérez','19435519-K','--','Gloria Nicole',647,24),(7043,'Vega','Morales','20187320-7','--','Rafael Nicolás',647,24),(7044,'Velásquez','Velásquez','19939207-7','--','Diego Alonso',647,24),(7045,'Vera','Canales','19059632-K','--','Roxana Eugenia',647,24),(7046,'Villegas','Hernández','19939146-1','--','Marcela Elizabeth',647,24),(7047,'Villegas','Romero','20090371-4','--','Pablo Andrés',647,24),(7048,'Yévenes','González','19097754-4','--','Cristian Bernardo',647,24),(7049,'Agurto ','Torres','20090291-2','--','Pascual Antonio',637,24),(7050,'Aldana','Alarcón','19939053-8','--','Claudia Eugenia',637,24),(7051,'Álvarez','Díaz','19939222-0','--','Oscar Alejandro',637,24),(7052,'Andaur','Sánchez','19939277-8','--','Estefanía Liset',637,24),(7053,'Arriagada','Neira','19821565-1','--','Galvarino Eduardo',637,24),(7054,'Ávila','Cancino','20090612-8','--','Bárbara Javiera',637,24),(7055,'Canales','Salgado','20090241-6','--','Jordán Smith',637,24),(7056,'Cisternas','Fernández','19947359-K','--','Martín Alejandro',637,24),(7057,'Concha','Gutiérrez','19939191-7','--','Mario Enrique',637,24),(7058,'Díaz','Muñoz','20090455-9','--','Cristian Ignacio',637,24),(7059,'Friz','Andia','20090323-4','--','Jorge Alejandro',637,24),(7060,'Gutiérrez','Clemente','20090312-9','--','Patricio Andrés',637,24),(7061,'Gutiérrez','Escobar','20090642-K','--','Solano Andrés',637,24),(7062,'Inostroza','Cortez','20090278-5','--','Juan Manuel',637,24),(7063,'Leal','López','19939271-9','--','Héctor Daniel',637,24),(7064,'Manríquez','Jara','20090223-8','--','Nicol Alejandra',637,24),(7065,'Martínez','Castilla','19939349-9','--','Jorge Ignacio',637,24),(7066,'Martínez','Castilla','19939348-0','--','Nelson Nicolás',637,24),(7067,'Moraga','Henríquez','20273643-2','--','Vanesa Isabel',637,24),(7068,'Muñoz','Alvear','19778862-3','--','Krishnna Jasmin',637,24),(7069,'Muñoz','Baez','20090299-8','--','Erik Rodrigo',637,24),(7070,'Muñoz','Pérez','19939317-0','--','María José',637,24),(7071,'Orellana','Cancino','20090641-1','--','Douglas Alexander',637,24),(7072,'Orellana','Moraga','19939358-8','--','Marco Eduardo',637,24),(7073,'Parra','Escobar','20090219-K','--','CristoferWairon',637,24),(7074,'Pérez','Villegas','19767198-K','--','Nicol Alejandra',637,24),(7075,'Recabal','Espinaza','19723717-1','--','Michael Enrique',637,24),(7076,'Rojas','Méndez','19965857-3','--','Mauricio Humberto',637,24),(7077,'Vera','Ramírez','20003830-4','--','Sergio Andrés',637,24),(7078,'Yáñez','Canales','19767057-6','--','Katherinne Alexandra',637,24),(7079,'Leal','Durán','19500245-2','--','Allan Moisés',637,24),(7080,'Espinosa','Pereira','19965780-1','--',' Karim Luz',637,24),(7081,'Baez','Briones','19651363-9','--','Claudio Alejandro',637,24),(7082,'Alarcón','Orellana','19651168-7','--','Cristian Rolando',637,24),(7083,'Espinosa','Herrera','19651450-3','--','María Isabel',637,24),(7084,'Alvear ','Vera ','20090637-3','--','Boris Alejandro',638,24),(7085,'Amigo','Montecinos','19938963-7','--','Francisca Javiera',638,24),(7086,'Aravena','Alarcón','20090332-3','--','Juan Nicolás',638,24),(7087,'Aravena','Leal','19766872-5','--','Camila Del Pilar',638,24),(7088,'Aravena','Rivas','20090387-0','--','Michael Andrés',638,24),(7089,'Badilla','Gaete','19939093-7','--','Jonathan Esteban',638,24),(7090,'Benavente','González','19939256-5','--','Adrián Rodrigo',638,24),(7091,'Bravo','Anríquez','19939299-9','--','Paulina Nicol',638,24),(7092,'Caro','Cáceres','19939364-2','--','Carlos Felipe',638,24),(7093,'Escobar','Matus','19399955-7','--','Franky Sebastián',638,24),(7094,'Espinosa','Rodríguez','20090339-0','--','Javiera Alejandra',638,24),(7095,'Faúndez','Manríquez','19766806-7','--','Lucía Alexandra',638,24),(7096,'Fuentes','Quintana','19939288-3','--','Karen Alejandra',638,24),(7097,'Gallardo','Guajardo','20090502-4','--','MayckelBastián',638,24),(7098,'Guerra','Verdugo','20090357-9','--','Sebastián Leonardo',638,24),(7099,'Hernández','Vega','20090288-2','--','Matías Eduardo',638,24),(7100,'Jara','Faúndez','19939043-0','--','Maximiliano Ignacio',638,24),(7101,'Matus','Salgado','19939273-5','--','Jesús Andrés',638,24),(7102,'Miranda','Ruiz','20090287-4','--','Bárbara Andrea',638,24),(7103,'Mora','Díaz','19959855-4','--','José Luis',638,24),(7104,'Muena','Canales','20090356-0','--','Miguel Angel',638,24),(7105,'Navarrete','Iglesias','19990454-K','--','Alexander Alfredo',638,24),(7106,'Orellana','Domínguez','20090374-9','--','Pedro Ignacio',638,24),(7107,'Pradena','Rivas','20090432-K','--','Jorge Andrés',638,24),(7108,'Ríos','Sepúlveda','19939312-K','--','Sebastián Andrés',638,24),(7109,'Ruiz','Torres','19939208-5','--','Marcelo Antonio',638,24),(7110,'Salgado','Martínez','19938994-7','--','Byron Nicolás',638,24),(7111,'Sepúlveda','Sepúlveda','19987451-9','--','Alberto Carlos',638,24),(7112,'Valenzuela','Labra','19939289-1','--','Esteban Jacob',638,24),(7113,'Vásquez','Parra','19939341-3','--','Nivaldo Alfredo',638,24),(7114,'Vásquez','Yáñez','19938926-2','--','Patricio Fernando',638,24),(7115,'Viveros','Viveros','19939343-K','--','Juan Jesús',638,24);
/*!40000 ALTER TABLE `alumno` ENABLE KEYS */;
UNLOCK TABLES;

--
-- Table structure for table `asignatura`
--

DROP TABLE IF EXISTS `asignatura`;
/*!40101 SET @saved_cs_client     = @@character_set_client */;
/*!40101 SET character_set_client = utf8 */;
CREATE TABLE `asignatura` (
  `ID` bigint(20) NOT NULL AUTO_INCREMENT,
  `NAME` varchar(255) DEFAULT NULL,
  PRIMARY KEY (`ID`)
) ENGINE=MyISAM AUTO_INCREMENT=32 DEFAULT CHARSET=utf8;
/*!40101 SET character_set_client = @saved_cs_client */;

--
-- Dumping data for table `asignatura`
--

LOCK TABLES `asignatura` WRITE;
/*!40000 ALTER TABLE `asignatura` DISABLE KEYS */;
INSERT INTO `asignatura` VALUES (1,'Lenguaje  y Comunicación'),(2,'Matemáticas'),(3,'Historia, Geografía y C. S.'),(4,'Ciencias Naturales');
/*!40000 ALTER TABLE `asignatura` ENABLE KEYS */;
UNLOCK TABLES;

--
-- Table structure for table `ciclo`
--

DROP TABLE IF EXISTS `ciclo`;
/*!40101 SET @saved_cs_client     = @@character_set_client */;
/*!40101 SET character_set_client = utf8 */;
CREATE TABLE `ciclo` (
  `ID` bigint(20) NOT NULL AUTO_INCREMENT,
  `NAME` varchar(255) DEFAULT NULL,
  PRIMARY KEY (`ID`)
) ENGINE=MyISAM AUTO_INCREMENT=9 DEFAULT CHARSET=utf8;
/*!40101 SET character_set_client = @saved_cs_client */;

--
-- Dumping data for table `ciclo`
--

LOCK TABLES `ciclo` WRITE;
/*!40000 ALTER TABLE `ciclo` DISABLE KEYS */;
INSERT INTO `ciclo` VALUES (1,'Ciclo 1'),(2,'Ciclo 2'),(3,'Ciclo 3'),(4,'Ciclo 4'),(5,'Ciclo 5'),(6,'Cilco 6'),(7,'Ciclo 7'),(8,'Ciclo 8');
/*!40000 ALTER TABLE `ciclo` ENABLE KEYS */;
UNLOCK TABLES;

--
-- Table structure for table `colegio`
--

DROP TABLE IF EXISTS `colegio`;
/*!40101 SET @saved_cs_client     = @@character_set_client */;
/*!40101 SET character_set_client = utf8 */;
CREATE TABLE `colegio` (
  `ID` bigint(20) NOT NULL AUTO_INCREMENT,
  `NAME` varchar(255) DEFAULT NULL,
  `DIRECCION` varchar(255) DEFAULT NULL,
  PRIMARY KEY (`ID`)
) ENGINE=MyISAM AUTO_INCREMENT=49 DEFAULT CHARSET=utf8;
/*!40101 SET character_set_client = @saved_cs_client */;

--
-- Dumping data for table `colegio`
--

LOCK TABLES `colegio` WRITE;
/*!40000 ALTER TABLE `colegio` DISABLE KEYS */;
INSERT INTO `colegio` VALUES (1,'ESCUELA CHORRILLOS',''),(2,'ESCUELA GUSTAVO ILUFÍ',''),(3,'ESCUELA LA CAPILLA DE PILÉN ALTO',''),(4,'ESCUELA MARÍA RUIZ MARTÍNEZ',''),(5,'ESCUELA MIXTA ATENEA',''),(16,'ESCUELA PADRE HURTADO',''),(17,'ESCUELA PURISIMA CONCEPCION DE POCILLAS',''),(18,'ESCUELA RINCÓN DE PILÉN',''),(20,'ESCUELA ANÍBAL PINTO',''),(21,'LICEO ANTONIO VARAS',''),(22,'ESCUELA INDEPENDENCIA',''),(23,'LICEO CLAUDINA URRUTIA DE LAVÍN',''),(24,'LICEO POLITÉCNICO PEDRO AGUIRRE CERDA',''),(25,'ESCUELA BLANCO ENCALADA',''),(48,'ESCUELA ROSITA OHIGGINS',''),(27,'ESCUELA PORONGO',''),(28,'ESCUELA EL TROZO',''),(29,'ESCUELA CABRERÍA',''),(47,'ESCUELA BARRIO ESTACIÓN',''),(31,'ESCUELA LOS CONQUISTADORES',''),(32,'ESCUELA ADOLFO QUIROZ',''),(33,'ESCUELA CLORINDO ALVEAR',''),(34,'ESCUELA OCTAVIO PALMA',''),(35,'ESCUELA IVÁN DE LA CUADRA',''),(36,'ESCUELA SILVESTRE PAIVA',''),(37,'ESCUELA CARLOS RODRÍGUEZ',''),(38,'ESCUELA JAVIERA CARRERA',''),(39,'ESCUELA PEDRO DE VALDIVIA',''),(40,'ESCUELA PEDERNALES',''),(41,'ESCUELA MARÍA GONZÁLEZ VERA',''),(42,'ESCUELA ESTER URRUTIA DE RUIZ',''),(43,'ESCUELA LA PATAGUA',''),(44,'LICEO BICENTENARIO','');
/*!40000 ALTER TABLE `colegio` ENABLE KEYS */;
UNLOCK TABLES;

--
-- Table structure for table `curso`
--

DROP TABLE IF EXISTS `curso`;
/*!40101 SET @saved_cs_client     = @@character_set_client */;
/*!40101 SET character_set_client = utf8 */;
CREATE TABLE `curso` (
  `ID` bigint(20) NOT NULL AUTO_INCREMENT,
  `NAME` varchar(255) DEFAULT NULL,
  `TIPOCURSO_ID` bigint(20) DEFAULT NULL,
  `CICLO_ID` bigint(20) DEFAULT NULL,
  `COLEGIO_ID` bigint(20) DEFAULT NULL,
  PRIMARY KEY (`ID`),
  KEY `FK_CURSO_COLEGIO_ID` (`COLEGIO_ID`),
  KEY `FK_CURSO_CICLO_ID` (`CICLO_ID`),
  KEY `FK_CURSO_TIPOCURSO_ID` (`TIPOCURSO_ID`)
) ENGINE=MyISAM AUTO_INCREMENT=648 DEFAULT CHARSET=utf8;
/*!40101 SET character_set_client = @saved_cs_client */;

--
-- Dumping data for table `curso`
--

LOCK TABLES `curso` WRITE;
/*!40000 ALTER TABLE `curso` DISABLE KEYS */;
INSERT INTO `curso` VALUES (1,'Primero',1,1,1),(2,'Segundo',2,1,1),(3,'Tercero',3,1,1),(4,'Cuarto',4,1,1),(5,'Quinto',5,2,1),(6,'Sexto',6,2,1),(574,'7A',7,4,44),(8,'Segundo',2,1,2),(12,'Cuarto',4,1,2),(13,'Quinto',5,2,2),(14,'Sexto',6,2,2),(575,'8A',8,4,44),(576,'1 M A',9,5,44),(17,'Primero',1,1,3),(18,'Segundo',2,1,3),(19,'Tercero',3,1,3),(20,'Cuarto',4,1,3),(21,'Quinto',5,2,3),(22,'Sexto',6,2,3),(23,'Séptimo',7,2,3),(24,'Octavo',8,2,3),(25,'Primero',1,1,4),(26,'Segundo',2,1,4),(27,'Tercero',3,1,4),(28,'Cuarto',4,1,4),(29,'Quinto',5,2,4),(30,'Sexto',6,2,4),(31,'Séptimo',7,2,4),(32,'Octavo',8,2,4),(33,'Primero',1,1,5),(34,'Segundo',2,1,5),(35,'Tercero',3,1,5),(36,'Cuarto',4,1,5),(37,'Quinto',5,2,5),(38,'Sexto',6,2,5),(39,'Primero',1,1,16),(40,'Tercero',3,1,16),(598,'2',2,1,38),(597,'1',1,1,38),(593,'2',2,1,43),(594,'3',3,2,43),(595,'4',4,2,43),(596,'5',5,3,43),(49,'Primero',1,1,18),(50,'Cuarto',4,1,18),(51,'Quinto',5,2,18),(52,'Sexto',6,2,18),(233,'Séptimo',7,2,5),(284,'8 B',8,4,22),(463,'7A',7,4,31),(272,'1 B',1,1,22),(273,'2 A',2,1,22),(274,'2 B',2,1,22),(275,'3 A',3,2,22),(276,'4 A',4,2,22),(352,'3B',3,2,47),(351,'3A',3,2,47),(350,'2B',2,1,47),(283,'8 A',8,4,22),(282,'7 B',7,4,22),(281,'7 A',7,4,22),(280,'6 B',6,3,22),(279,'6 A',6,3,22),(278,'5 A',5,3,22),(277,'4 B',4,2,22),(255,'1 A',1,1,20),(256,'1 B',1,1,20),(257,'2 A',2,1,20),(258,'2 B',2,1,20),(259,'3 A',3,2,20),(260,'3 B',3,2,20),(261,'4 A',4,2,20),(262,'4 B',4,2,20),(263,'5 A',5,3,20),(264,'5 B',5,3,20),(265,'6 A',6,3,20),(266,'6 B',6,3,20),(267,'7 A',7,4,20),(268,'7 B',7,4,20),(269,'8 A',8,4,20),(270,'8 B',8,4,20),(353,'4A',4,2,47),(354,'4B',4,2,47),(355,'5A',5,3,47),(356,'5B',5,3,47),(357,'6A',6,3,47),(358,'6B',6,3,47),(359,'7A',7,4,47),(360,'7B',7,4,47),(349,'2A',2,1,47),(348,'1B',1,1,47),(347,'1A',1,1,47),(462,'6A',6,3,31),(461,'5A',5,3,31),(460,'4A',4,2,31),(459,'3A',3,2,31),(457,'1A',1,1,31),(458,'2A',2,1,31),(364,'3A',3,2,37),(363,'1A',1,1,37),(372,'5 A',5,3,32),(376,'1 A',1,1,33),(384,'1A',1,1,25),(393,'1 B',1,1,21),(392,'1 A',1,1,21),(371,'4 A',4,2,32),(370,'3 A',3,2,32),(369,'2 A',2,1,32),(368,'1 A',1,1,32),(361,'8A',8,4,47),(362,'8B',8,4,47),(365,'4A',4,2,37),(366,'5A',5,3,37),(367,'6A',6,3,37),(373,'6 A',6,3,32),(374,'7 A',7,4,32),(375,'8 A',8,4,32),(377,'2 A',2,1,33),(378,'3 A',3,2,33),(379,'4 A',4,2,33),(380,'5 A',5,3,33),(381,'6 A',6,3,33),(382,'7 A',7,4,33),(383,'8 A',8,4,33),(385,'2A',2,1,25),(386,'3A',3,2,25),(387,'4A',4,2,25),(388,'5A',5,3,25),(389,'6A',6,3,25),(390,'7A',7,4,25),(391,'8A',8,4,25),(394,'1 C',1,1,21),(395,'2 A',2,1,21),(396,'2 B',2,1,21),(397,'2 C',2,1,21),(618,'4 A',4,2,42),(399,'3 B',3,2,21),(400,'3 C',3,2,21),(401,'4 A',4,2,21),(402,'4 B',4,2,21),(403,'4 C',4,2,21),(404,'5 A',5,3,21),(405,'5 B',5,3,21),(406,'5 C',5,3,21),(407,'6 A',6,3,21),(408,'6 B',6,3,21),(409,'6 C',6,3,21),(410,'7 A',7,4,21),(411,'7 B',7,4,21),(412,'7 C',7,4,21),(413,'8 A',8,4,21),(414,'8 B',8,4,21),(415,'8 C',8,4,21),(615,'1 A',1,1,42),(616,'2 A',2,1,42),(419,'2M A',10,5,21),(420,'2 M B',10,5,21),(421,'2 M C',10,5,21),(422,'2 M D',10,5,21),(423,'1 A',1,1,27),(424,'2 A',2,1,27),(425,'3 A',3,2,27),(426,'4 A',4,2,27),(427,'4 B',4,2,27),(428,'5 A',5,3,27),(429,'6 A',6,3,27),(430,'6 B',6,3,27),(431,'7 A',7,4,27),(432,'8 A',8,4,27),(433,'8 B',8,4,27),(434,'1 A',1,1,39),(435,'2 A',2,1,39),(436,'3 A',3,2,39),(437,'4 A',4,2,39),(438,'5 A',5,3,39),(439,'6 A',6,3,39),(443,'1A',1,1,48),(464,'8A',8,4,31),(444,'2A',2,1,48),(445,'3A',3,2,48),(446,'4A',4,2,48),(447,'5A',5,3,48),(448,'6A',6,3,48),(449,'7A',7,4,48),(450,'8A',8,4,48),(465,'1 A',1,1,29),(466,'2 A',2,1,29),(467,'3 A',3,2,29),(468,'4 A',4,2,29),(469,'5 A',5,3,29),(470,'6 A',6,3,29),(471,'7 A',7,4,29),(472,'8 A',8,4,29),(474,'1 A',1,1,22),(506,'1 a',1,1,22),(626,'5A',5,3,35),(625,'3A',3,2,35),(624,'2A',2,1,35),(623,'1A',1,1,35),(617,'3 A',3,2,42),(481,'3 A',3,2,21),(619,'5 A',5,3,42),(620,'6 A',6,3,42),(621,'7 A',7,4,42),(622,'8 A',8,4,42),(611,'5A',5,3,28),(612,'6A',6,3,28),(609,'3A',3,2,28),(610,'4A',4,2,28),(608,'2A',2,1,28),(577,'1 M B',9,5,44),(578,'1 M C',9,5,44),(585,'1A',1,1,17),(580,'1',1,1,36),(581,'3',3,2,36),(582,'4',4,2,36),(583,'5',5,3,36),(584,'6',6,3,36),(586,'2A',2,1,17),(587,'3A',3,2,17),(588,'4A',4,2,17),(589,'5A',5,3,17),(590,'6A',6,3,17),(591,'7A',7,4,17),(592,'8A',8,4,17),(599,'4',4,2,38),(600,'5',5,3,38),(601,'1A',1,1,40),(602,'2A',2,1,40),(603,'3A',3,2,40),(604,'4A',4,2,40),(605,'5A',5,3,40),(606,'6A',6,3,40),(607,'1A',1,1,28),(532,'1M B',9,5,21),(533,'1M C',9,5,21),(614,'8A',8,4,28),(538,'1M A ',9,NULL,21),(613,'7A',7,4,28),(627,'6A',6,3,35),(628,'1A',1,1,41),(629,'2A',2,1,41),(630,'4A',4,2,41),(631,'1  medio A',9,5,24),(632,'1 medio B',9,5,24),(633,'1 medio C',9,5,24),(634,'1 medio D',9,5,24),(635,'2 A',10,5,24),(636,'2 B',10,5,24),(637,'2 D',10,5,24),(638,'2 E',10,5,24),(639,'1A',1,1,34),(640,'2A',2,1,34),(641,'3A',3,2,34),(642,'4A',4,2,34),(643,'5A',5,3,34),(644,'6A',6,3,34),(645,'7A',7,4,34),(646,'8A',8,4,34),(647,'2 C',10,5,24);
/*!40000 ALTER TABLE `curso` ENABLE KEYS */;
UNLOCK TABLES;

--
-- Table structure for table `curso_alumno`
--

DROP TABLE IF EXISTS `curso_alumno`;
/*!40101 SET @saved_cs_client     = @@character_set_client */;
/*!40101 SET character_set_client = utf8 */;
CREATE TABLE `curso_alumno` (
  `curso_ID` bigint(20) NOT NULL,
  `alumnos_ID` bigint(20) NOT NULL,
  PRIMARY KEY (`curso_ID`,`alumnos_ID`),
  KEY `FK_CURSO_ALUMNO_alumnos_ID` (`alumnos_ID`)
) ENGINE=MyISAM DEFAULT CHARSET=latin1;
/*!40101 SET character_set_client = @saved_cs_client */;

--
-- Dumping data for table `curso_alumno`
--

LOCK TABLES `curso_alumno` WRITE;
/*!40000 ALTER TABLE `curso_alumno` DISABLE KEYS */;
/*!40000 ALTER TABLE `curso_alumno` ENABLE KEYS */;
UNLOCK TABLES;

--
-- Table structure for table `ejetematico`
--

DROP TABLE IF EXISTS `ejetematico`;
/*!40101 SET @saved_cs_client     = @@character_set_client */;
/*!40101 SET character_set_client = utf8 */;
CREATE TABLE `ejetematico` (
  `ID` bigint(20) NOT NULL AUTO_INCREMENT,
  `NAME` varchar(255) DEFAULT NULL,
  `ASIGNATURA_ID` bigint(20) DEFAULT NULL,
  `TIPOPRUEBA_ID` bigint(20) DEFAULT NULL,
  PRIMARY KEY (`ID`),
  KEY `FK_EJETEMATICO_ASIGNATURA_ID` (`ASIGNATURA_ID`),
  KEY `FK_EJETEMATICO_TIPOPRUEBA_ID` (`TIPOPRUEBA_ID`)
) ENGINE=MyISAM AUTO_INCREMENT=41 DEFAULT CHARSET=utf8;
/*!40101 SET character_set_client = @saved_cs_client */;

--
-- Dumping data for table `ejetematico`
--

LOCK TABLES `ejetematico` WRITE;
/*!40000 ALTER TABLE `ejetematico` DISABLE KEYS */;
INSERT INTO `ejetematico` VALUES (6,'LECTURA',1,1),(7,'ESCRITURA',1,1),(8,'HISTORIA',3,1),(9,'GEOGRAFÍA',3,1),(10,'FORMACIÓN CIUDADANA',3,1),(11,'CIENCIAS DE LA VIDA',4,1),(12,'CIENCIAS FÍSICAS Y QUÍMICAS',4,1),(13,'CIENCIAS DE LA TIERRA Y EL UNIVERSO',4,1),(14,'NÚMEROS Y OPERACIONES',2,1),(15,'PATRONES Y ÁLGEBRA',2,1),(16,'GEOMETRÍA',2,1),(17,'MEDICIÓN',2,1),(18,'DATOS Y PROBABILIDADES',2,1),(19,'ESTRUCTURA Y FUNCIÓN DE LOS SERES VIVOS',4,1),(20,'FUERZA Y MOVIMIENTO',4,1),(21,'MATERIA Y SUS TRANSFORMACIONES',4,1),(22,'ORGANISMOS, AMBIENTE Y SUS INTERACCIONES',4,1),(23,'TIERRA Y UNIVERSO',4,1),(24,'COMUNICACIÓN ORAL',1,1),(25,'NÚMEROS Y ÁLGEBRA',2,1),(26,'NÚMEROS Y GEOMETRÍA',2,1),(27,'DATOS Y AZAR',2,1),(28,'ÁLGEBRA',2,1),(29,'LA CÉLULA',4,1),(30,'FOTOSÍNTESIS',4,1),(31,'SONIDO',4,1),(32,'LUZ',4,1),(33,'FENÓMENOS NATURALES',4,1),(34,'TEORÍAS Y MODELOS ATÓMICOS',4,1),(35,'ENLACE QUÍMICO',4,1),(36,'PROPIEDADES PERIODICAS',4,1),(37,'NÚMEROS',2,1),(38,'FÍSICA',4,1),(39,'QUÍMICA',4,1),(40,'BIOLOGÍA',4,1);
/*!40000 ALTER TABLE `ejetematico` ENABLE KEYS */;
UNLOCK TABLES;

--
-- Table structure for table `evaluacionejetematico`
--

DROP TABLE IF EXISTS `evaluacionejetematico`;
/*!40101 SET @saved_cs_client     = @@character_set_client */;
/*!40101 SET character_set_client = utf8 */;
CREATE TABLE `evaluacionejetematico` (
  `ID` bigint(20) NOT NULL,
  `NAME` varchar(255) DEFAULT NULL,
  `NRORANGOMIN` float DEFAULT NULL,
  `NRORANGOMAX` float DEFAULT NULL,
  PRIMARY KEY (`ID`)
) ENGINE=MyISAM DEFAULT CHARSET=utf8;
/*!40101 SET character_set_client = @saved_cs_client */;

--
-- Dumping data for table `evaluacionejetematico`
--

LOCK TABLES `evaluacionejetematico` WRITE;
/*!40000 ALTER TABLE `evaluacionejetematico` DISABLE KEYS */;
INSERT INTO `evaluacionejetematico` VALUES (1,'Adecuado',75,100),(2,'Elemental',50,74),(3,'Insuficiente',1,49);
/*!40000 ALTER TABLE `evaluacionejetematico` ENABLE KEYS */;
UNLOCK TABLES;

--
-- Table structure for table `evaluacionprueba`
--

DROP TABLE IF EXISTS `evaluacionprueba`;
/*!40101 SET @saved_cs_client     = @@character_set_client */;
/*!40101 SET character_set_client = utf8 */;
CREATE TABLE `evaluacionprueba` (
  `ID` bigint(20) NOT NULL AUTO_INCREMENT,
  `NAME` varchar(100) DEFAULT NULL,
  `FECHA` bigint(20) DEFAULT NULL,
  `CURSO_ID` bigint(20) DEFAULT NULL,
  `PROFESOR_ID` bigint(20) DEFAULT NULL,
  `COLEGIO_ID` bigint(20) DEFAULT NULL,
  `PRUEBA_ID` bigint(20) DEFAULT NULL,
  PRIMARY KEY (`ID`),
  KEY `FK_EVALUACIONPRUEBA_COLEGIO_ID` (`COLEGIO_ID`),
  KEY `FK_EVALUACIONPRUEBA_PRUEBA_ID` (`PRUEBA_ID`),
  KEY `FK_EVALUACIONPRUEBA_CURSO_ID` (`CURSO_ID`),
  KEY `FK_EVALUACIONPRUEBA_PROFESOR_ID` (`PROFESOR_ID`)
) ENGINE=MyISAM AUTO_INCREMENT=5 DEFAULT CHARSET=utf8;
/*!40101 SET character_set_client = @saved_cs_client */;

--
-- Dumping data for table `evaluacionprueba`
--

LOCK TABLES `evaluacionprueba` WRITE;
/*!40000 ALTER TABLE `evaluacionprueba` DISABLE KEYS */;
INSERT INTO `evaluacionprueba` VALUES (4,'Lenguaje  y Comunicación ESCUELA INDEPENDENCIA 3 A 2014-11-26',16400,275,6,22,27);
/*!40000 ALTER TABLE `evaluacionprueba` ENABLE KEYS */;
UNLOCK TABLES;

--
-- Table structure for table `evaluacionprueba_pruebarendida`
--

DROP TABLE IF EXISTS `evaluacionprueba_pruebarendida`;
/*!40101 SET @saved_cs_client     = @@character_set_client */;
/*!40101 SET character_set_client = utf8 */;
CREATE TABLE `evaluacionprueba_pruebarendida` (
  `evaluacionprueba_ID` bigint(20) NOT NULL,
  `pruebasRendidas_ID` bigint(20) NOT NULL,
  PRIMARY KEY (`evaluacionprueba_ID`,`pruebasRendidas_ID`),
  KEY `EVALUACIONPRUEBA_PRUEBARENDIDA_pruebasRendidas_ID` (`pruebasRendidas_ID`)
) ENGINE=MyISAM DEFAULT CHARSET=latin1;
/*!40101 SET character_set_client = @saved_cs_client */;

--
-- Dumping data for table `evaluacionprueba_pruebarendida`
--

LOCK TABLES `evaluacionprueba_pruebarendida` WRITE;
/*!40000 ALTER TABLE `evaluacionprueba_pruebarendida` DISABLE KEYS */;
/*!40000 ALTER TABLE `evaluacionprueba_pruebarendida` ENABLE KEYS */;
UNLOCK TABLES;

--
-- Table structure for table `formas`
--

DROP TABLE IF EXISTS `formas`;
/*!40101 SET @saved_cs_client     = @@character_set_client */;
/*!40101 SET character_set_client = utf8 */;
CREATE TABLE `formas` (
  `ID` bigint(20) NOT NULL AUTO_INCREMENT,
  `FORMA` int(11) DEFAULT NULL,
  `ORDEN` varchar(255) DEFAULT NULL,
  `NAME` varchar(100) DEFAULT NULL,
  `PRUEBA_ID` bigint(20) DEFAULT NULL,
  PRIMARY KEY (`ID`),
  KEY `FK_FORMAS_PRUEBA_ID` (`PRUEBA_ID`)
) ENGINE=MyISAM AUTO_INCREMENT=74 DEFAULT CHARSET=utf8;
/*!40101 SET character_set_client = @saved_cs_client */;

--
-- Dumping data for table `formas`
--

LOCK TABLES `formas` WRITE;
/*!40000 ALTER TABLE `formas` DISABLE KEYS */;
INSERT INTO `formas` VALUES (33,1,'1,2,3,4,5,6,7,8,9,10,11,12,13,14,15,16,17,18,19,20,21,22,23,24,25,26,27,28,29,30','Forma 1',25),(34,1,'1,2,3,4,5,6,7,8,9,10,11,12,13,14,15,16,17,18,19,20,21,22,23,24,25,26,27,28,29,30','Forma 1',26),(35,1,'1,2,3,4,5,6,7,8,9,10,11,12,13,14,15,16,17,18,19,20,21,22,23,24,25,26,27,28,29,30','Forma 1',27),(36,1,'1,2,3,4,5,6,7,8,9,10,11,12,13,14,15,16,17,18,19,20,21,22,23,24,25,26,27,28,29,30','Forma 1',28),(37,1,'1,2,3,4,5,6,7,8,9,10,11,12,13,14,15,16,17,18,19,20,21,22,23,24,25,26,27,28,29,30,31,32,33,34,35','Forma 1',29),(38,1,'1,2,3,4,5,6,7,8,9,10,11,12,13,14,15,16,17,18,19,20,21,22,23,24,25,26,27,28,29,30','Forma 1',30),(39,1,'1,2,3,4,5,6,7,8,9,10,11,12,13,14,15,16,17,18,19,20,21,22,23,24,25,26,27,28,29,30','Forma 1',31),(40,1,'1,2,3,4,5,6,7,8,9,10,11,12,13,14,15,16,17,18,19,20,21,22,23,24,25,26,27,28,29,30','Forma 1',32),(41,1,'1,2,3,4,5,6,7,8,9,10,11,12,13,14,15,16,17,18,19,20,21,22,23,24,25,26,27,28,29,30','Forma 1',33),(42,1,'1,2,3,4,5,6,7,8,9,10,11,12,13,14,15,16,17,18,19,20,21,22,23,24,25,26,27,28,29,30','Forma 1',34),(43,1,'1,2,3,4,5,6,7,8,9,10,11,12,13,14,15,16,17,18,19,20,21,22,23,24,25,26,27,28,29,30','Forma 1',35),(44,1,'1,2,3,4,5,6,7,8,9,10,11,12,13,14,15,16,17,18,19,20,21,22,23,24,25,26,27,28,29,30','Forma 1',36),(45,1,'1,2,3,4,5,6,7,8,9,10,11,12,13,14,15,16,17,18,19,20,21,22,23,24,25,26,27,28,29,30','Forma 1',37),(46,1,'1,2,3,4,5,6,7,8,9,10,11,12,13,14,15,16,17,18,19,20,21,22,23,24,25,26,27,28,29,30,31,32,33,34,35','Forma 1',38),(47,1,'1,2,3,4,5,6,7,8,9,10,11,12,13,14,15,16,17,18,19,20,21,22,23,24,25,26,27,28,29,30,31,32,33,34,35','Forma 1',39),(48,1,'1,2,3,4,5,6,7,8,9,10,11,12,13,14,15,16,17,18,19,20,21,22,23,24,25,26,27,28,29,30,31,32,33,34,35','Forma 1',40),(49,1,'1,2,3,4,5,6,7,8,9,10,11,12,13,14,15,16,17,18,19,20,21,22,23,24,25,26,27,28,29,30,31,32,33,34,35','Forma 1',41),(50,1,'1,2,3,4,5,6,7,8,9,10,11,12,13,14,15,16,17,18,19,20,21,22,23,24,25,26,27,28,29,30,31,32,33,34,35','Forma 1',42),(51,1,'1,2,3,4,5,6,7,8,9,10,11,12,13,14,15,16,17,18,19,20,21,22,23,24,25,26,27,28,29,30,31,32,33,34,35','Forma 1',43),(52,1,'1,2,3,4,5,6,7,8,9,10,11,12,13,14,15,16,17,18,19,20,21,22,23,24,25,26,27,28,29,30','Forma 1',44),(53,1,'1,2,3,4,5,6,7,8,9,10,11,12,13,14,15,16,17,18,19,20,21,22,23,24,25,26,27,28,29,30','Forma 1',45),(54,1,'1,2,3,4,5,6,7,8,9,10,11,12,13,14,15,16,17,18,19,20,21,22,23,24,25,26,27,28,29,30','Forma 1',46),(55,1,'1,2,3,4,5,6,7,8,9,10,11,12,13,14,15,16,17,18,19,20,21,22,23,24,25,26,27,28,29,30','Forma 1',47),(57,1,'1,2,3,4,5,6,7,8,9,10,11,12,13,14,15,16,17,18,19,20,21,22,23,24,25,26,27,28,29,30,31,32,33,34,35','Forma 1',49),(58,1,'1,2,3,4,5,6,7,8,9,10,11,12,13,14,15,16,17,18,19,20,21,22,23,24,25,26,27,28,29,30,31,32,33,34,35','Forma 1',50),(59,1,'1,2,3,4,5,6,7,8,9,10,11,12,13,14,15,16,17,18,19,20,21,22,23,24,25,26,27,28,29,30,31,32,33,34,35','Forma 1',51),(60,1,'1,2,3,4,5,6,7,8,9,10,11,12,13,14,15,16,17,18,19,20,21,22,23,24,25,26,27,28,29,30,31,32,33,34,35','Forma 1',52),(61,1,'1,2,3,4,5,6,7,8,9,10,11,12,13,14,15,16,17,18,19,20,21,22,23,24,25,26,27,28,29,30,31,32,33,34,35','Forma 1',53),(62,1,'1,2,3,4,5,6,7,8,9,10,11,12,13,14,15,16,17,18,19,20,21,22,23,24,25,26,27,28,29,30,31,32,33,34,35','Forma 1',54),(63,1,'1,2,3,4,5,6,7,8,9,10,11,12,13,14,15,16,17,18,19,20,21,22,23,24,25,26,27,28,29,30,31,32,33,34,35','Forma 1',55),(64,1,'1,2,3,4,5,6,7,8,9,10,11,12,13,14,15,16,17,18,19,20,21,22,23,24,25,26,27,28,29,30,31,32,33,34,35','Forma 1',56),(65,1,'1,2,3,4,5,6,7,8,9,10,11,12,13,14,15,16,17,18,19,20,21,22,23,24,25,26,27,28,29,30,31,32,33,34,35','Forma 1',57),(66,1,'1,2,3,4,5,6,7,8,9,10,11,12,13,14,15,16,17,18,19,20,21,22,23,24,25,26,27,28,29,30,31,32,33,34,35','Forma 1',58),(67,1,'1,2,3,4,5,6,7,8,9,10,11,12,13,14,15,16,17,18,19,20,21,22,23,24,25,26,27,28,29,30,31,32,33,34,35','Forma 1',59),(68,1,'1,2,3,4,5,6,7,8,9,10,11,12,13,14,15,16,17,18,19,20,21,22,23,24,25,26,27,28,29,30,31,32,33,34,35','Forma 1',64),(69,1,'1,2,3,4,5,6,7,8,9,10,11,12,13,14,15,16,17,18,19,20,21,22,23,24,25,26,27,28,29,30,31,32,33,34,35','Forma 1',65),(70,1,'1,2,3,4,5,6,7,8,9,10,11,12,13,14,15,16,17,18,19,20,21,22,23,24,25,26,27,28,29,30,31,32,33,34,35,36','Forma 1',61),(71,1,'1,2,3,4,5,6,7,8,9,10,11,12,13,14,15,16,17,18,19,20,21,22,23,24,25,26,27,28,29,30,31,32,33,34,35,36','Forma 1',60),(72,1,'1,2,3,4,5,6,7,8,9,10,11,12,13,14,15,16,17,18,19,20,21,22,23,24,25,26,27,28,29,30,31,32,33,34,35','Forma 1',62),(73,1,'1,2,3,4,5,6,7,8,9,10,11,12,13,14,15,16,17,18,19,20,21,22,23,24,25,26,27,28,29,30,31,32,33,34,35','Forma 1',63);
/*!40000 ALTER TABLE `formas` ENABLE KEYS */;
UNLOCK TABLES;

--
-- Table structure for table `habilidad`
--

DROP TABLE IF EXISTS `habilidad`;
/*!40101 SET @saved_cs_client     = @@character_set_client */;
/*!40101 SET character_set_client = utf8 */;
CREATE TABLE `habilidad` (
  `ID` bigint(20) NOT NULL AUTO_INCREMENT,
  `NAME` varchar(255) DEFAULT NULL,
  `DESCRIPCION` varchar(255) DEFAULT NULL,
  PRIMARY KEY (`ID`)
) ENGINE=MyISAM AUTO_INCREMENT=71 DEFAULT CHARSET=utf8;
/*!40101 SET character_set_client = @saved_cs_client */;

--
-- Dumping data for table `habilidad`
--

LOCK TABLES `habilidad` WRITE;
/*!40000 ALTER TABLE `habilidad` DISABLE KEYS */;
INSERT INTO `habilidad` VALUES (11,'LECTURA INICIAL',''),(12,'COMPRENSIÓN DE LECTURA',''),(13,'MANEJO DE LA LENGUA',''),(14,'ESCRITURA GUIADA',''),(15,'PROCESOS DE ESCRITURA',''),(16,'COMPRENSIÓN LECTORA -EXPLÍCITA',''),(17,'COMPRENSIÓN LECTORA - IMPLÍCITA',''),(18,'MANEJO DE LA LENGUA - FUNCIÓN',''),(19,'MANEJO DE LA LENGUA - VOCABULARIO',''),(20,'RELACIONAR INFORMACIÓN',''),(21,'RESOLVER PROBLEMAS','MATEMÁTICAS'),(22,'ARGUMENTAR Y COMUNICAR','MATEMÁTICAS'),(23,'REPRESENTAR','MATEMÁTICAS'),(24,'MODELAR','MATEMÁTICAS'),(25,'PENSAMIENTO TEMPORAL Y ESPACIAL',''),(26,'PENSAMIENTO CRÍTICO',''),(27,'COMUNICACIÓN',''),(28,'ANÁLISIS Y TRABAJO CON FUENTES',''),(30,'COMPRENSIÓN ORAL - EVALUACIÓN',''),(31,'COMPARAR TEXTOS',''),(32,'INFERIR SIGNIFICADO NO LITERAL',''),(33,'EMPLEAR VOCABULARIO',''),(34,'EXPRESARSE DE MANERA COHERENTE',''),(35,'COMPRENDER SIGNIFICADO LITERAL',''),(36,'COMPARAR SIGNIFICADOS',''),(37,'UTILIZAR LENGUAJE NO VERBAL',''),(38,'ADECUAR REGISTRODE HABLA',''),(39,'INFERIR SIGNIFICADOS',''),(40,'OBSERVAR Y COMPARAR','CIENCIAS BÁSICA'),(41,'EXPLORAR E INVESTIGAR','CIENCIAS BASICA'),(42,'INVESTIGAR','CIENCIAS BASICA'),(43,'CLASIFICAR','CIECIAS BÁSICAS'),(44,'ANALIZAR Y EVALUAR','CIENCIAS'),(45,'INVESTIGAR Y COMUNICAR','CIENCIAS BÁSICA'),(46,'ANALIZAR Y COMPARAR',''),(47,'OBSERVAR Y ANALIZAR',''),(48,'INVESTIGAR Y ANALIZAR',''),(49,'PREGUNTAR Y PLANIFICAR','MEDIA'),(50,'OBTENER Y ANALIZAR EVIDENCIAS','MEDIA'),(51,'EVALUAR Y COMUNICAR','MEDIA'),(52,'COMPRENSIÓN','HISTORIA'),(53,'CONOCIMIENTO','HISTORIA'),(54,'ANÁLISIS','HISTORIA'),(55,'OBSERVAR Y EXPLORAR',''),(56,'COMPARAR',''),(57,'PREDECIR',''),(58,'ANALIZAR Y PREDECIR',''),(59,'EVALUAR',''),(60,'MEDIR',''),(61,'MEDIR',''),(62,'COMPARAR Y ANALIZAR',''),(63,'ANALIZAR Y APLICAR',''),(64,'COMPRENDER Y RECONOCER',''),(65,'RECORDAR Y ANALIZAR',''),(66,'RECONOCER E IDENTIFICAR',''),(67,'RECORDAR Y APLICAR',''),(68,'RECORDAR E IDENTIFICAR',''),(69,'RECONOCER',''),(70,'RECORDAR','');
/*!40000 ALTER TABLE `habilidad` ENABLE KEYS */;
UNLOCK TABLES;

--
-- Table structure for table `nivelevaluacion`
--

DROP TABLE IF EXISTS `nivelevaluacion`;
/*!40101 SET @saved_cs_client     = @@character_set_client */;
/*!40101 SET character_set_client = utf8 */;
CREATE TABLE `nivelevaluacion` (
  `ID` bigint(20) NOT NULL AUTO_INCREMENT,
  `NAME` varchar(255) DEFAULT NULL,
  `NRORANGOS` int(11) DEFAULT NULL,
  PRIMARY KEY (`ID`)
) ENGINE=MyISAM AUTO_INCREMENT=2 DEFAULT CHARSET=utf8;
/*!40101 SET character_set_client = @saved_cs_client */;

--
-- Dumping data for table `nivelevaluacion`
--

LOCK TABLES `nivelevaluacion` WRITE;
/*!40000 ALTER TABLE `nivelevaluacion` DISABLE KEYS */;
INSERT INTO `nivelevaluacion` VALUES (1,'Bajo/Medio Bajo/Medio Alto/Alto',4);
/*!40000 ALTER TABLE `nivelevaluacion` ENABLE KEYS */;
UNLOCK TABLES;

--
-- Table structure for table `nivelevaluacion_rangoevaluacion`
--

DROP TABLE IF EXISTS `nivelevaluacion_rangoevaluacion`;
/*!40101 SET @saved_cs_client     = @@character_set_client */;
/*!40101 SET character_set_client = utf8 */;
CREATE TABLE `nivelevaluacion_rangoevaluacion` (
  `nivelevaluacion_ID` bigint(20) NOT NULL,
  `rangos_ID` bigint(20) NOT NULL,
  PRIMARY KEY (`nivelevaluacion_ID`,`rangos_ID`),
  KEY `FK_NIVELEVALUACION_RANGOEVALUACION_rangos_ID` (`rangos_ID`)
) ENGINE=MyISAM DEFAULT CHARSET=utf8;
/*!40101 SET character_set_client = @saved_cs_client */;

--
-- Dumping data for table `nivelevaluacion_rangoevaluacion`
--

LOCK TABLES `nivelevaluacion_rangoevaluacion` WRITE;
/*!40000 ALTER TABLE `nivelevaluacion_rangoevaluacion` DISABLE KEYS */;
INSERT INTO `nivelevaluacion_rangoevaluacion` VALUES (1,1),(1,2),(1,3),(1,4);
/*!40000 ALTER TABLE `nivelevaluacion_rangoevaluacion` ENABLE KEYS */;
UNLOCK TABLES;

--
-- Table structure for table `profesor`
--

DROP TABLE IF EXISTS `profesor`;
/*!40101 SET @saved_cs_client     = @@character_set_client */;
/*!40101 SET character_set_client = utf8 */;
CREATE TABLE `profesor` (
  `ID` bigint(20) NOT NULL AUTO_INCREMENT,
  `NAME` varchar(255) DEFAULT NULL,
  `PATERNO` varchar(255) DEFAULT NULL,
  `RUT` varchar(255) DEFAULT NULL,
  `MATERNO` varchar(255) DEFAULT NULL,
  PRIMARY KEY (`ID`)
) ENGINE=MyISAM AUTO_INCREMENT=7 DEFAULT CHARSET=utf8;
/*!40101 SET character_set_client = @saved_cs_client */;

--
-- Dumping data for table `profesor`
--

LOCK TABLES `profesor` WRITE;
/*!40000 ALTER TABLE `profesor` DISABLE KEYS */;
INSERT INTO `profesor` VALUES (5,'LUIS ','VEGA','10802452-6','VERDUGO'),(6,'LTDA.','PEREKE','76196994-3','TROY');
/*!40000 ALTER TABLE `profesor` ENABLE KEYS */;
UNLOCK TABLES;

--
-- Table structure for table `prueba`
--

DROP TABLE IF EXISTS `prueba`;
/*!40101 SET @saved_cs_client     = @@character_set_client */;
/*!40101 SET character_set_client = utf8 */;
CREATE TABLE `prueba` (
  `ID` bigint(20) NOT NULL AUTO_INCREMENT,
  `EXIGENCIA` int(11) DEFAULT NULL,
  `ALTERNATIVAS` int(11) DEFAULT NULL,
  `FECHA` bigint(20) DEFAULT NULL,
  `PUNTAJEBASE` int(11) DEFAULT NULL,
  `NROFORMAS` int(11) DEFAULT NULL,
  `RESPONSES` varchar(255) DEFAULT NULL,
  `NROPREGUNTAS` int(11) DEFAULT NULL,
  `NAME` varchar(100) DEFAULT NULL,
  `ASIGNATURA_ID` bigint(20) DEFAULT NULL,
  `CURSO_ID` bigint(20) DEFAULT NULL,
  `TIPOPRUEBA_ID` bigint(20) DEFAULT NULL,
  `PROFESOR_ID` bigint(20) DEFAULT NULL,
  `NIVELEVALUACION_ID` bigint(20) DEFAULT NULL,
  PRIMARY KEY (`ID`),
  KEY `FK_PRUEBA_ASIGNATURA_ID` (`ASIGNATURA_ID`),
  KEY `FK_PRUEBA_NIVELEVALUACION_ID` (`NIVELEVALUACION_ID`),
  KEY `FK_PRUEBA_TIPOPRUEBA_ID` (`TIPOPRUEBA_ID`),
  KEY `FK_PRUEBA_PROFESOR_ID` (`PROFESOR_ID`),
  KEY `FK_PRUEBA_CURSO_ID` (`CURSO_ID`)
) ENGINE=MyISAM AUTO_INCREMENT=66 DEFAULT CHARSET=utf8;
/*!40101 SET character_set_client = @saved_cs_client */;

--
-- Dumping data for table `prueba`
--

LOCK TABLES `prueba` WRITE;
/*!40000 ALTER TABLE `prueba` DISABLE KEYS */;
INSERT INTO `prueba` VALUES (25,60,4,16382,1,1,'CBBACBADCADCDCADAABCACADCBACCB',30,'LENGUAJE',1,1,1,5,1),(26,60,4,16382,1,1,'BACBDABCACDCAACDBBCACBDABCBADA',30,'LENGUAJE_2',1,2,1,5,1),(27,60,4,16382,1,1,'BCADBCABACBBACABCDABCDCBABADCA',30,'LENGUAJE_3',1,3,1,5,1),(28,60,4,16382,1,1,'BDCABCBADCACBACBBCDBACDBCADDCB',30,'LENGUAJE_4',1,4,1,5,1),(29,60,4,16382,1,1,'CBACBCDACABBCDADCBCCBADBCBCACBDABDC',35,'LENGUAJE_5',1,5,1,5,1),(30,60,4,16382,1,1,'CBACDBAACAABBCBABAAABDABACABCD',30,'MATEMATICA_1',2,1,1,5,1),(31,60,4,16382,1,1,'CABACDCACBCBCDABCAACDABDCCDCDC',30,'MATEMATICA_2',2,2,1,5,1),(32,60,4,16382,1,1,'DABDCACBABCCBDCCDCDBBCACDBADAD',30,'MATEMATICA_3',2,3,1,5,1),(33,60,4,16382,1,1,'CCCADDBCBDCBADDCCBCDDBAABDADDC',30,'MATEMATICA_4',2,4,1,5,1),(34,60,4,16382,1,1,'CCBABDABDCABCBBDBAADCAABCBCAAD',30,'HISTORIA_1',3,1,1,5,1),(35,60,4,16382,1,1,'AABBCBDACCBBBBDCBACBBADDABCCAC',30,'HISTORIA_2',3,2,1,5,1),(36,60,4,16382,1,1,'BCBBACDDBCABCCBCCCACBBAADBDACB',30,'HISTORIA_3',3,3,1,5,1),(37,60,4,16383,1,1,'ABCAACADBBDABBCBCBADBBCBDAACAC',30,'HISTORIA_4',3,4,1,5,1),(38,60,4,16383,1,1,'BCCCBBBAAAABDBABBDCADADABBCBABACCCB',35,'MATEMATICA_5',2,5,1,5,1),(39,60,4,16383,1,1,'BDACAABBCCACCDADCBADDBCCCDCDABCCDAD',35,'MATEMÁTICA_6',2,6,1,5,1),(40,60,4,16383,1,1,'BCBCBCBDBBCDAADCDDBBACBCCAACBABABCC',35,'MATEMATICA_7',2,7,1,5,1),(41,60,4,16383,1,1,'ADBCDBDDBACCABCCCABACDDBDCABCDCACDC',35,'MATEMATICA_8',2,8,1,5,1),(42,60,4,16386,1,1,'ACBDBABDCACBBDCAACBCDABACBDBDBDACBC',35,'LENGUAJE_6',1,6,1,5,1),(43,60,4,16386,1,1,'DBCACBCDBBADBCCDABACABDADCABACCACCB',35,'LENGUAJE_7',1,7,1,5,1),(44,60,4,16387,1,1,'ABCCDACAACABADABBCAADABADBBCBB',30,'CIENCIAS_1',4,1,1,6,1),(45,60,4,16387,1,1,'BCBBCCCCADCBAABDBBCCABABCBAABC',30,'CIENCIAS_2',4,2,1,6,1),(46,60,4,16387,1,1,'CCDABCBDCABACACDBBABBBBDDDCBBA',30,'CIENCIAS_3',4,3,1,6,1),(47,60,4,16387,1,1,'CACDCBCCBDBDCDCCDAACBDCDDDBBAB',30,'CIENCIAS_4',4,4,1,6,1),(50,60,4,16387,1,1,'ABABADDABCDACADBBBDCCCABDCBBDBBDBBC',35,'CIENCIAS_5',4,5,1,6,1),(49,60,4,16387,1,1,'BACBABABBCADCDDDCBADCBBCBCDCDAADCAD',35,'CIENCIAS_6',4,6,1,6,1),(51,60,4,16387,1,1,'BCDBDBDBCDADCDADBDBBACBDCDCACBAADBC',35,'CIENCIAS_7',4,7,1,6,1),(52,60,4,16387,1,1,'DCABCDACDBCBBADABCCDCCDDCCDDBBCBACA',35,'CIENCIAS_8',4,8,1,6,1),(53,60,4,16387,1,1,'CABCACBCDCBABCBCADBBCDCDBCDADCACBBD',35,'LENGUAJE_8',1,8,1,6,1),(54,60,4,16392,1,1,'acbbdbbadbbbcacdcdbddbadaacbbcabccb',35,'HISTORIA_5',3,5,1,6,1),(55,60,4,16392,1,1,'BCAACABDBACCCBBBCCBBABDDBCABDDCBCAC',35,'HISTORIA_6',3,6,1,6,1),(56,60,4,16392,1,1,'BDDBBCBCCDAABCCACBCBCBDBCDDABADADAB',35,'HISTORIA_7',3,7,1,6,1),(57,60,4,16392,1,1,'ACCADDBDBBACBBBBDCDABBBACDDDCABCBAC',35,'HISTORIA_8',3,8,1,6,1),(58,60,4,16390,1,1,'ABDCDDCACCBACBDBCBACBABCACCACBDABCD',35,'lenguaje_1m',1,9,1,6,1),(59,60,4,16390,1,1,'ABDBCADCBBACBBBACBDADDACCBCBBDBADCA',35,'lenguaje_2m',1,10,1,6,1),(60,60,4,16390,1,1,'ADDCBDDBCCBBACAAADCBBCCAABCCBDDDBCCC',36,'ciencias_2m',4,10,1,6,1),(61,60,4,16390,1,1,'DCCDBAADAADACDBDCADABDDCACBDDABAACAB',36,'ciencias_1m',4,9,1,6,1),(62,60,4,16390,1,1,'DAABACCDDDCCBBCDBCDACBDBCBCAADDDDAD',35,'historia_1m',3,9,1,6,1),(63,60,4,16390,1,1,'DCADDDADBABCCDACCDCCABABCCBBCBAACBC',35,'historia_2m',3,10,1,6,1),(64,60,4,16390,1,1,'ACBDCAADBDBBBCDCAAABCAACABAABACBAAB',35,'matematica_1m',2,9,1,6,1),(65,60,4,16390,1,1,'DCBCBCBBAACBBCAABBADADDCDADADCAABBC',35,'matematica_2m',2,10,1,6,1);
/*!40000 ALTER TABLE `prueba` ENABLE KEYS */;
UNLOCK TABLES;

--
-- Table structure for table `pruebarendida`
--

DROP TABLE IF EXISTS `pruebarendida`;
/*!40101 SET @saved_cs_client     = @@character_set_client */;
/*!40101 SET character_set_client = utf8 */;
CREATE TABLE `pruebarendida` (
  `ID` bigint(20) NOT NULL AUTO_INCREMENT,
  `OMITIDAS` int(11) DEFAULT NULL,
  `NOTA` float DEFAULT NULL,
  `RESPUESTAS` varchar(255) DEFAULT NULL,
  `FORMA` int(11) DEFAULT NULL,
  `MALAS` int(11) DEFAULT NULL,
  `BUENAS` int(11) DEFAULT NULL,
  `NAME` varchar(255) DEFAULT NULL,
  `RANGO_ID` bigint(20) DEFAULT NULL,
  `ALUMNO_ID` bigint(20) DEFAULT NULL,
  `EVALUACIONPRUEBA_ID` bigint(20) DEFAULT NULL,
  PRIMARY KEY (`ID`),
  KEY `FK_PRUEBARENDIDA_ALUMNO_ID` (`ALUMNO_ID`),
  KEY `FK_PRUEBARENDIDA_EVALUACIONPRUEBA_ID` (`EVALUACIONPRUEBA_ID`),
  KEY `FK_PRUEBARENDIDA_RANGO_ID` (`RANGO_ID`)
) ENGINE=MyISAM AUTO_INCREMENT=11 DEFAULT CHARSET=utf8;
/*!40101 SET character_set_client = @saved_cs_client */;

--
-- Dumping data for table `pruebarendida`
--

LOCK TABLES `pruebarendida` WRITE;
/*!40000 ALTER TABLE `pruebarendida` DISABLE KEYS */;
/*!40000 ALTER TABLE `pruebarendida` ENABLE KEYS */;
UNLOCK TABLES;

--
-- Table structure for table `rangoevaluacion`
--

DROP TABLE IF EXISTS `rangoevaluacion`;
/*!40101 SET @saved_cs_client     = @@character_set_client */;
/*!40101 SET character_set_client = utf8 */;
CREATE TABLE `rangoevaluacion` (
  `ID` bigint(20) NOT NULL AUTO_INCREMENT,
  `ABREVIACION` varchar(255) DEFAULT NULL,
  `MINIMO` float DEFAULT NULL,
  `NAME` varchar(255) DEFAULT NULL,
  `MAXIMO` float DEFAULT NULL,
  PRIMARY KEY (`ID`)
) ENGINE=MyISAM AUTO_INCREMENT=5 DEFAULT CHARSET=utf8;
/*!40101 SET character_set_client = @saved_cs_client */;

--
-- Dumping data for table `rangoevaluacion`
--

LOCK TABLES `rangoevaluacion` WRITE;
/*!40000 ALTER TABLE `rangoevaluacion` DISABLE KEYS */;
INSERT INTO `rangoevaluacion` VALUES (1,'B',0,'Bajo',39),(2,'MB',40,'Medio Bajo',65),(3,'MA',66,'Medio Alto',79),(4,'A',80,'Alto',100);
/*!40000 ALTER TABLE `rangoevaluacion` ENABLE KEYS */;
UNLOCK TABLES;

--
-- Table structure for table `respuestasesperadasprueba`
--

DROP TABLE IF EXISTS `respuestasesperadasprueba`;
/*!40101 SET @saved_cs_client     = @@character_set_client */;
/*!40101 SET character_set_client = utf8 */;
CREATE TABLE `respuestasesperadasprueba` (
  `ID` bigint(20) NOT NULL AUTO_INCREMENT,
  `NUMERO` int(11) DEFAULT NULL,
  `NAME` varchar(255) DEFAULT NULL,
  `VERDADEROFALSO` tinyint(1) DEFAULT '0',
  `RESPUESTA` varchar(255) DEFAULT NULL,
  `MENTAL` tinyint(1) DEFAULT '0',
  `PRUEBA_ID` bigint(20) DEFAULT NULL,
  `HABILIDAD_ID` bigint(20) DEFAULT NULL,
  `EJETEMATICO_ID` bigint(20) DEFAULT NULL,
  PRIMARY KEY (`ID`),
  KEY `FK_RESPUESTASESPERADASPRUEBA_HABILIDAD_ID` (`HABILIDAD_ID`),
  KEY `FK_RESPUESTASESPERADASPRUEBA_EJETEMATICO_ID` (`EJETEMATICO_ID`),
  KEY `FK_RESPUESTASESPERADASPRUEBA_PRUEBA_ID` (`PRUEBA_ID`)
) ENGINE=MyISAM AUTO_INCREMENT=2263 DEFAULT CHARSET=utf8;
/*!40101 SET character_set_client = @saved_cs_client */;

--
-- Dumping data for table `respuestasesperadasprueba`
--

LOCK TABLES `respuestasesperadasprueba` WRITE;
/*!40000 ALTER TABLE `respuestasesperadasprueba` DISABLE KEYS */;
INSERT INTO `respuestasesperadasprueba` VALUES (911,11,'11',0,'D',0,25,14,7),(912,29,'29',0,'C',0,25,13,7),(913,27,'27',0,'A',0,25,14,7),(914,8,'8',0,'D',0,25,12,6),(915,18,'18',0,'A',0,25,11,6),(916,24,'24',0,'D',0,25,12,6),(917,26,'26',0,'B',0,25,14,7),(918,9,'9',0,'C',0,25,12,6),(919,1,'1',0,'C',0,25,11,6),(920,5,'5',0,'C',0,25,12,6),(921,12,'12',0,'C',0,25,12,6),(922,17,'17',0,'A',0,25,13,7),(923,22,'22',0,'C',0,25,12,6),(924,4,'4',0,'A',0,25,13,7),(925,28,'28',0,'C',0,25,14,7),(926,23,'23',0,'A',0,25,13,7),(927,7,'7',0,'A',0,25,12,6),(928,2,'2',0,'B',0,25,11,6),(929,10,'10',0,'A',0,25,13,7),(930,25,'25',0,'C',0,25,13,7),(931,14,'14',0,'C',0,25,12,6),(932,3,'3',0,'B',0,25,12,6),(933,13,'13',0,'D',0,25,12,6),(934,15,'15',0,'A',0,25,12,6),(935,16,'16',0,'D',0,25,12,6),(936,19,'19',0,'B',0,25,15,7),(937,6,'6',0,'B',0,25,12,6),(938,30,'30',0,'B',0,25,13,7),(939,21,'21',0,'A',0,25,15,7),(940,20,'20',0,'C',0,25,15,7),(941,19,'19',0,'C',0,26,18,7),(942,6,'6',0,'A',0,26,18,7),(943,11,'11',0,'D',0,26,19,7),(944,25,'25',0,'B',0,26,20,6),(945,10,'10',0,'C',0,26,19,7),(946,8,'8',0,'C',0,26,16,6),(947,4,'4',0,'B',0,26,17,6),(948,13,'13',0,'A',0,26,16,6),(949,16,'16',0,'D',0,26,17,6),(950,3,'3',0,'C',0,26,17,6),(951,5,'5',0,'D',0,26,18,7),(952,1,'1',0,'B',0,26,16,6),(953,15,'15',0,'C',0,26,17,6),(954,20,'20',0,'A',0,26,20,6),(955,30,'30',0,'A',0,26,18,7),(956,18,'18',0,'B',0,26,18,7),(957,23,'23',0,'D',0,26,16,6),(958,26,'26',0,'C',0,26,18,7),(959,28,'28',0,'A',0,26,18,7),(960,24,'24',0,'A',0,26,18,7),(961,17,'17',0,'B',0,26,16,6),(962,7,'7',0,'B',0,26,17,6),(963,29,'29',0,'D',0,26,18,7),(964,12,'12',0,'C',0,26,17,6),(965,21,'21',0,'C',0,26,20,6),(966,14,'14',0,'A',0,26,16,6),(967,2,'2',0,'A',0,26,16,6),(968,27,'27',0,'B',0,26,18,7),(969,9,'9',0,'A',0,26,16,6),(970,22,'22',0,'B',0,26,19,7),(971,18,'18',0,'D',0,27,16,6),(972,26,'26',0,'B',0,27,18,7),(973,2,'2',0,'C',0,27,16,6),(974,21,'21',0,'C',0,27,16,6),(975,16,'16',0,'B',0,27,16,6),(976,15,'15',0,'A',0,27,18,7),(977,29,'29',0,'C',0,27,18,7),(978,6,'6',0,'C',0,27,19,7),(979,27,'27',0,'A',0,27,18,7),(980,3,'3',0,'A',0,27,16,6),(981,8,'8',0,'B',0,27,16,6),(982,1,'1',0,'B',0,27,20,6),(983,19,'19',0,'A',0,27,18,7),(984,12,'12',0,'B',0,27,16,6),(985,9,'9',0,'A',0,27,16,6),(986,10,'10',0,'C',0,27,16,6),(987,5,'5',0,'B',0,27,20,6),(988,30,'30',0,'A',0,27,18,7),(989,11,'11',0,'B',0,27,19,7),(990,7,'7',0,'A',0,27,19,7),(991,24,'24',0,'B',0,27,19,7),(992,20,'20',0,'B',0,27,20,6),(993,25,'25',0,'A',0,27,20,6),(994,22,'22',0,'D',0,27,16,6),(995,23,'23',0,'C',0,27,17,6),(996,28,'28',0,'D',0,27,18,7),(997,13,'13',0,'A',0,27,20,6),(998,17,'17',0,'C',0,27,19,7),(999,14,'14',0,'C',0,27,18,7),(1000,4,'4',0,'D',0,27,17,6),(1001,4,'4',0,'A',0,28,17,6),(1002,19,'19',0,'D',0,28,16,6),(1003,22,'22',0,'C',0,28,20,6),(1004,2,'2',0,'D',0,28,17,6),(1005,20,'20',0,'B',0,28,16,6),(1006,21,'21',0,'A',0,28,18,7),(1007,26,'26',0,'A',0,28,19,7),(1008,9,'9',0,'D',0,28,18,7),(1009,24,'24',0,'B',0,28,18,7),(1010,15,'15',0,'C',0,28,17,6),(1011,23,'23',0,'D',0,28,18,7),(1012,27,'27',0,'D',0,28,18,7),(1013,14,'14',0,'A',0,28,18,7),(1014,5,'5',0,'B',0,28,19,7),(1015,7,'7',0,'B',0,28,18,7),(1016,6,'6',0,'C',0,28,20,6),(1017,1,'1',0,'B',0,28,16,6),(1018,18,'18',0,'C',0,28,19,7),(1019,11,'11',0,'A',0,28,16,6),(1020,10,'10',0,'C',0,28,18,7),(1021,12,'12',0,'C',0,28,16,6),(1022,3,'3',0,'C',0,28,16,6),(1023,29,'29',0,'C',0,28,18,7),(1024,13,'13',0,'B',0,28,16,6),(1025,8,'8',0,'A',0,28,18,7),(1026,28,'28',0,'D',0,28,18,7),(1027,25,'25',0,'C',0,28,17,6),(1028,17,'17',0,'B',0,28,20,6),(1029,16,'16',0,'B',0,28,20,6),(1030,30,'30',0,'B',0,28,18,7),(1031,17,'17',0,'C',0,29,17,6),(1032,5,'5',0,'B',0,29,17,6),(1033,12,'12',0,'B',0,29,18,7),(1034,8,'8',0,'A',0,29,19,7),(1035,33,'33',0,'B',0,29,13,7),(1036,24,'24',0,'B',0,29,20,6),(1037,25,'25',0,'C',0,29,20,6),(1038,11,'11',0,'B',0,29,13,7),(1039,23,'23',0,'D',0,29,17,6),(1040,10,'10',0,'A',0,29,15,7),(1041,21,'21',0,'B',0,29,20,6),(1042,35,'35',0,'C',0,29,13,7),(1043,30,'30',0,'B',0,29,18,7),(1044,9,'9',0,'C',0,29,20,6),(1045,27,'27',0,'C',0,29,17,6),(1046,3,'3',0,'A',0,29,16,6),(1047,20,'20',0,'C',0,29,18,7),(1048,7,'7',0,'D',0,29,13,7),(1049,13,'13',0,'C',0,29,20,6),(1050,15,'15',0,'A',0,29,16,6),(1051,14,'14',0,'D',0,29,16,6),(1052,32,'32',0,'A',0,29,13,7),(1053,18,'18',0,'B',0,29,18,7),(1054,16,'16',0,'D',0,29,19,7),(1055,26,'26',0,'B',0,29,17,6),(1056,29,'29',0,'C',0,29,17,6),(1057,4,'4',0,'C',0,29,17,6),(1058,22,'22',0,'A',0,29,17,6),(1059,6,'6',0,'C',0,29,13,7),(1060,31,'31',0,'D',0,29,13,7),(1061,19,'19',0,'C',0,29,18,7),(1062,1,'1',0,'C',0,29,20,6),(1063,28,'28',0,'A',0,29,17,6),(1064,2,'2',0,'B',0,29,16,6),(1065,34,'34',0,'D',0,29,13,7),(1066,20,'20',0,'A',0,30,22,17),(1067,29,'29',0,'C',0,30,24,18),(1068,11,'11',0,'A',0,30,22,15),(1069,17,'17',0,'B',0,30,23,16),(1070,16,'16',0,'A',0,30,23,16),(1071,1,'1',0,'C',0,30,21,14),(1072,26,'26',0,'C',0,30,24,18),(1073,22,'22',0,'D',0,30,22,17),(1074,3,'3',0,'A',0,30,21,14),(1075,13,'13',0,'B',0,30,23,16),(1076,7,'7',0,'A',0,30,22,15),(1077,24,'24',0,'B',0,30,22,17),(1078,15,'15',0,'B',0,30,23,16),(1079,28,'28',0,'B',0,30,24,18),(1080,10,'10',0,'A',0,30,22,15),(1081,12,'12',0,'B',0,30,22,15),(1082,23,'23',0,'A',0,30,22,17),(1083,19,'19',0,'A',0,30,22,17),(1084,6,'6',0,'B',0,30,21,14),(1085,21,'21',0,'B',0,30,22,17),(1086,18,'18',0,'A',0,30,23,16),(1087,5,'5',0,'D',0,30,21,14),(1088,9,'9',0,'C',0,30,22,15),(1089,4,'4',0,'C',0,30,21,14),(1090,8,'8',0,'A',0,30,22,15),(1091,2,'2',0,'B',0,30,21,14),(1092,25,'25',0,'A',0,30,24,18),(1093,14,'14',0,'C',0,30,23,16),(1094,30,'30',0,'D',0,30,24,18),(1095,27,'27',0,'A',0,30,24,18),(1096,23,'23',0,'B',0,31,22,17),(1097,11,'11',0,'C',0,31,23,16),(1098,27,'27',0,'D',0,31,24,18),(1099,25,'25',0,'C',0,31,24,18),(1100,19,'19',0,'A',0,31,22,17),(1101,10,'10',0,'B',0,31,22,15),(1102,7,'7',0,'C',0,31,22,15),(1103,29,'29',0,'D',0,31,24,18),(1104,14,'14',0,'D',0,31,23,16),(1105,24,'24',0,'D',0,31,24,18),(1106,21,'21',0,'D',0,31,22,17),(1107,30,'30',0,'C',0,31,24,18),(1108,17,'17',0,'C',0,31,22,17),(1109,16,'16',0,'B',0,31,23,16),(1110,12,'12',0,'B',0,31,23,16),(1111,13,'13',0,'C',0,31,23,16),(1112,2,'2',0,'A',0,31,21,14),(1113,15,'15',0,'A',0,31,23,16),(1114,18,'18',0,'A',0,31,22,17),(1115,28,'28',0,'C',0,31,24,18),(1116,26,'26',0,'C',0,31,24,18),(1117,8,'8',0,'A',0,31,22,15),(1118,3,'3',0,'B',0,31,21,14),(1119,6,'6',0,'D',0,31,21,14),(1120,1,'1',0,'C',0,31,21,14),(1121,22,'22',0,'A',0,31,22,17),(1122,5,'5',0,'C',0,31,21,14),(1123,20,'20',0,'C',0,31,22,17),(1124,4,'4',0,'A',0,31,21,14),(1125,9,'9',0,'C',0,31,22,15),(1126,16,'16',0,'C',0,32,23,16),(1127,21,'21',0,'B',0,32,22,17),(1128,23,'23',0,'A',0,32,22,17),(1129,30,'30',0,'D',0,32,24,18),(1130,13,'13',0,'B',0,32,23,16),(1131,15,'15',0,'C',0,32,23,16),(1132,12,'12',0,'C',0,32,22,15),(1133,26,'26',0,'B',0,32,24,18),(1134,20,'20',0,'B',0,32,22,17),(1135,6,'6',0,'A',0,32,21,14),(1136,8,'8',0,'B',0,32,22,15),(1137,18,'18',0,'C',0,32,23,16),(1138,29,'29',0,'A',0,32,24,18),(1139,11,'11',0,'C',0,32,22,15),(1140,27,'27',0,'A',0,32,24,18),(1141,10,'10',0,'B',0,32,22,15),(1142,24,'24',0,'C',0,32,22,17),(1143,19,'19',0,'D',0,32,22,17),(1144,5,'5',0,'C',0,32,21,14),(1145,14,'14',0,'D',0,32,23,16),(1146,28,'28',0,'D',0,32,24,18),(1147,17,'17',0,'D',0,32,23,16),(1148,1,'1',0,'D',0,32,21,14),(1149,4,'4',0,'D',0,32,21,14),(1150,25,'25',0,'D',0,32,24,18),(1151,7,'7',0,'C',0,32,22,15),(1152,3,'3',0,'B',0,32,21,14),(1153,2,'2',0,'A',0,32,21,14),(1154,22,'22',0,'C',0,32,22,17),(1155,9,'9',0,'A',0,32,22,15),(1156,26,'26',0,'B',0,33,24,18),(1157,28,'28',0,'A',0,33,24,18),(1158,14,'14',0,'A',0,33,23,16),(1159,2,'2',0,'C',0,33,21,14),(1160,11,'11',0,'D',0,33,22,15),(1161,30,'30',0,'D',0,33,24,18),(1162,31,'31',0,'C',0,33,24,18),(1163,24,'24',0,'A',0,33,22,17),(1164,9,'9',0,'C',0,33,22,15),(1165,12,'12',0,'C',0,33,22,15),(1166,7,'7',0,'D',0,33,21,14),(1167,15,'15',0,'D',0,33,23,16),(1168,4,'4',0,'C',0,33,21,14),(1169,20,'20',0,'C',0,33,22,17),(1170,8,'8',0,'B',0,33,22,15),(1171,17,'17',0,'C',0,33,23,16),(1172,5,'5',0,'A',0,33,21,14),(1173,3,'3',0,'C',0,33,21,14),(1174,13,'13',0,'B',0,33,22,15),(1175,18,'18',0,'C',0,33,23,16),(1176,23,'23',0,'B',0,33,22,17),(1177,27,'27',0,'D',0,33,24,18),(1178,16,'16',0,'D',0,33,23,16),(1179,10,'10',0,'B',0,33,22,15),(1180,25,'25',0,'A',0,33,22,17),(1181,6,'6',0,'D',0,33,21,14),(1182,29,'29',0,'D',0,33,24,18),(1183,19,'19',0,'B',0,33,23,16),(1184,22,'22',0,'D',0,33,22,17),(1185,21,'21',0,'D',0,33,22,17),(1186,1,'1',0,'C',0,34,25,8),(1187,2,'2',0,'C',0,34,26,10),(1188,3,'3',0,'B',0,34,25,9),(1189,4,'4',0,'A',0,34,25,9),(1190,5,'5',0,'B',0,34,26,10),(1191,6,'6',0,'D',0,34,25,9),(1192,7,'7',0,'A',0,34,25,9),(1193,8,'8',0,'B',0,34,25,8),(1194,9,'9',0,'D',0,34,25,8),(1195,10,'10',0,'C',0,34,26,10),(1196,11,'11',0,'A',0,34,28,8),(1197,12,'12',0,'B',0,34,28,8),(1198,13,'13',0,'C',0,34,28,8),(1199,14,'14',0,'B',0,34,25,9),(1200,15,'15',0,'B',0,34,25,9),(1201,16,'16',0,'D',0,34,25,9),(1202,17,'17',0,'B',0,34,25,9),(1203,18,'18',0,'A',0,34,26,10),(1204,19,'19',0,'A',0,34,25,9),(1205,20,'20',0,'D',0,34,25,9),(1206,21,'21',0,'C',0,34,25,9),(1207,22,'22',0,'A',0,34,26,10),(1208,23,'23',0,'A',0,34,26,8),(1209,24,'24',0,'B',0,34,26,10),(1210,25,'25',0,'C',0,34,26,10),(1211,26,'26',0,'B',0,34,25,8),(1212,27,'27',0,'C',0,34,28,9),(1213,28,'28',0,'A',0,34,25,9),(1214,29,'29',0,'A',0,34,28,9),(1215,30,'30',0,'D',0,34,28,9),(1216,4,'4',0,'B',0,35,25,9),(1217,13,'13',0,'B',0,35,28,8),(1218,3,'3',0,'B',0,35,25,9),(1219,9,'9',0,'C',0,35,25,9),(1220,5,'5',0,'C',0,35,25,8),(1221,10,'10',0,'C',0,35,25,9),(1222,24,'24',0,'D',0,35,26,10),(1223,23,'23',0,'D',0,35,26,10),(1224,30,'30',0,'C',0,35,25,8),(1225,22,'22',0,'A',0,35,25,9),(1226,7,'7',0,'D',0,35,25,8),(1227,1,'1',0,'A',0,35,25,9),(1228,17,'17',0,'B',0,35,26,10),(1229,29,'29',0,'A',0,35,25,8),(1230,6,'6',0,'B',0,35,25,8),(1231,18,'18',0,'A',0,35,25,8),(1232,15,'15',0,'D',0,35,26,10),(1233,12,'12',0,'B',0,35,26,10),(1234,21,'21',0,'B',0,35,26,10),(1235,25,'25',0,'A',0,35,25,8),(1236,27,'27',0,'C',0,35,25,8),(1237,20,'20',0,'B',0,35,26,10),(1238,8,'8',0,'A',0,35,25,9),(1239,16,'16',0,'C',0,35,26,10),(1240,26,'26',0,'B',0,35,25,8),(1241,14,'14',0,'B',0,35,26,10),(1242,11,'11',0,'B',0,35,28,8),(1243,2,'2',0,'A',0,35,25,9),(1244,28,'28',0,'C',0,35,25,8),(1245,19,'19',0,'C',0,35,26,8),(1246,24,'24',0,'A',0,36,26,10),(1247,10,'10',0,'C',0,36,26,10),(1248,18,'18',0,'C',0,36,25,9),(1249,9,'9',0,'B',0,36,26,8),(1250,16,'16',0,'C',0,36,26,10),(1251,20,'20',0,'C',0,36,25,9),(1252,6,'6',0,'C',0,36,25,9),(1253,27,'27',0,'D',0,36,25,8),(1254,4,'4',0,'B',0,36,28,9),(1255,30,'30',0,'B',0,36,25,8),(1256,13,'13',0,'C',0,36,26,8),(1257,17,'17',0,'C',0,36,25,8),(1258,7,'7',0,'D',0,36,28,8),(1259,1,'1',0,'B',0,36,28,8),(1260,2,'2',0,'C',0,36,28,8),(1261,28,'28',0,'A',0,36,25,8),(1262,29,'29',0,'C',0,36,25,8),(1263,12,'12',0,'B',0,36,26,8),(1264,23,'23',0,'A',0,36,25,9),(1265,19,'19',0,'A',0,36,25,9),(1266,15,'15',0,'B',0,36,26,10),(1267,22,'22',0,'B',0,36,25,9),(1268,14,'14',0,'C',0,36,26,8),(1269,3,'3',0,'B',0,36,28,9),(1270,25,'25',0,'D',0,36,25,9),(1271,26,'26',0,'B',0,36,25,9),(1272,21,'21',0,'B',0,36,25,9),(1273,5,'5',0,'A',0,36,26,10),(1274,8,'8',0,'D',0,36,25,9),(1275,11,'11',0,'A',0,36,26,10),(1276,12,'12',0,'A',0,37,28,9),(1277,20,'20',0,'D',0,37,26,8),(1278,4,'4',0,'A',0,37,25,8),(1279,9,'9',0,'B',0,37,28,8),(1280,8,'8',0,'D',0,37,28,8),(1281,13,'13',0,'B',0,37,28,8),(1282,26,'26',0,'A',0,37,25,9),(1283,21,'21',0,'B',0,37,26,8),(1284,11,'11',0,'D',0,37,25,8),(1285,25,'25',0,'D',0,37,25,9),(1286,5,'5',0,'A',0,37,26,8),(1287,18,'18',0,'B',0,37,26,8),(1288,29,'29',0,'A',0,37,26,10),(1289,15,'15',0,'C',0,37,28,8),(1290,7,'7',0,'A',0,37,28,8),(1291,27,'27',0,'A',0,37,26,10),(1292,10,'10',0,'B',0,37,28,8),(1293,14,'14',0,'B',0,37,28,8),(1294,1,'1',0,'A',0,37,25,9),(1295,22,'22',0,'B',0,37,28,8),(1296,28,'28',0,'C',0,37,26,10),(1297,6,'6',0,'C',0,37,28,8),(1298,16,'16',0,'B',0,37,28,8),(1299,30,'30',0,'C',0,37,26,10),(1300,3,'3',0,'C',0,37,28,8),(1301,2,'2',0,'B',0,37,28,8),(1302,19,'19',0,'A',0,37,26,8),(1303,17,'17',0,'C',0,37,28,8),(1304,24,'24',0,'B',0,37,25,9),(1305,23,'23',0,'C',0,37,25,9),(1306,17,'17',0,'B',0,38,23,16),(1307,19,'19',0,'C',0,38,23,16),(1308,23,'23',0,'D',0,38,22,17),(1309,7,'7',0,'B',0,38,21,14),(1310,15,'15',0,'A',0,38,23,16),(1311,13,'13',0,'D',0,38,22,15),(1312,14,'14',0,'B',0,38,23,16),(1313,25,'25',0,'B',0,38,22,17),(1314,16,'16',0,'B',0,38,23,16),(1315,29,'29',0,'A',0,38,24,18),(1316,5,'5',0,'B',0,38,21,14),(1317,24,'24',0,'A',0,38,22,17),(1318,20,'20',0,'A',0,38,22,17),(1319,10,'10',0,'A',0,38,22,15),(1320,18,'18',0,'D',0,38,23,16),(1321,22,'22',0,'A',0,38,22,17),(1322,28,'28',0,'B',0,38,22,17),(1323,3,'3',0,'C',0,38,21,14),(1324,35,'35',0,'B',0,38,24,18),(1325,6,'6',0,'B',0,38,21,14),(1326,34,'34',0,'C',0,38,24,18),(1327,27,'27',0,'C',0,38,22,17),(1328,32,'32',0,'C',0,38,24,18),(1329,8,'8',0,'A',0,38,22,15),(1330,9,'9',0,'A',0,38,22,15),(1331,21,'21',0,'D',0,38,22,17),(1332,2,'2',0,'C',0,38,21,14),(1333,12,'12',0,'B',0,38,22,15),(1334,26,'26',0,'B',0,38,22,17),(1335,31,'31',0,'A',0,38,24,18),(1336,11,'11',0,'A',0,38,22,15),(1337,1,'1',0,'B',0,38,21,14),(1338,30,'30',0,'B',0,38,24,18),(1339,4,'4',0,'C',0,38,21,14),(1340,33,'33',0,'C',0,38,24,18),(1341,35,'35',0,'D',0,39,24,18),(1342,30,'30',0,'B',0,39,24,18),(1343,31,'31',0,'C',0,39,24,18),(1344,34,'34',0,'A',0,39,24,18),(1345,25,'25',0,'C',0,39,22,17),(1346,10,'10',0,'C',0,39,22,15),(1347,19,'19',0,'A',0,39,23,16),(1348,5,'5',0,'A',0,39,21,14),(1349,4,'4',0,'C',0,39,21,14),(1350,23,'23',0,'C',0,39,22,17),(1351,29,'29',0,'A',0,39,24,18),(1352,16,'16',0,'D',0,39,23,16),(1353,7,'7',0,'B',0,39,21,14),(1354,8,'8',0,'B',0,39,22,15),(1355,2,'2',0,'D',0,39,21,14),(1356,6,'6',0,'A',0,39,21,14),(1357,18,'18',0,'B',0,39,23,16),(1358,15,'15',0,'A',0,39,23,16),(1359,11,'11',0,'A',0,39,22,15),(1360,24,'24',0,'C',0,39,22,17),(1361,21,'21',0,'D',0,39,23,16),(1362,13,'13',0,'C',0,39,22,15),(1363,27,'27',0,'C',0,39,24,18),(1364,26,'26',0,'D',0,39,22,17),(1365,14,'14',0,'D',0,39,22,15),(1366,1,'1',0,'B',0,39,21,14),(1367,3,'3',0,'A',0,39,21,14),(1368,20,'20',0,'D',0,39,23,16),(1369,28,'28',0,'D',0,39,24,18),(1370,33,'33',0,'D',0,39,24,18),(1371,17,'17',0,'C',0,39,23,16),(1372,12,'12',0,'C',0,39,22,15),(1373,9,'9',0,'C',0,39,22,15),(1374,32,'32',0,'C',0,39,24,18),(1375,22,'22',0,'B',0,39,22,17),(1376,5,'5',0,'B',0,40,21,25),(1377,13,'13',0,'A',0,40,23,16),(1378,27,'27',0,'A',0,40,24,27),(1379,14,'14',0,'A',0,40,23,16),(1380,16,'16',0,'C',0,40,23,16),(1381,4,'4',0,'C',0,40,21,25),(1382,28,'28',0,'C',0,40,24,27),(1383,2,'2',0,'C',0,40,21,25),(1384,23,'23',0,'B',0,40,21,26),(1385,33,'33',0,'B',0,40,24,27),(1386,19,'19',0,'B',0,40,21,26),(1387,30,'30',0,'A',0,40,24,27),(1388,29,'29',0,'B',0,40,24,27),(1389,6,'6',0,'C',0,40,21,25),(1390,22,'22',0,'C',0,40,21,26),(1391,8,'8',0,'D',0,40,21,25),(1392,12,'12',0,'D',0,40,21,25),(1393,34,'34',0,'C',0,40,24,27),(1394,7,'7',0,'B',0,40,21,25),(1395,25,'25',0,'C',0,40,21,26),(1396,18,'18',0,'D',0,40,21,26),(1397,11,'11',0,'C',0,40,21,25),(1398,26,'26',0,'A',0,40,21,26),(1399,31,'31',0,'B',0,40,24,27),(1400,17,'17',0,'D',0,40,21,26),(1401,10,'10',0,'B',0,40,21,25),(1402,20,'20',0,'B',0,40,21,26),(1403,35,'35',0,'C',0,40,24,27),(1404,21,'21',0,'A',0,40,21,26),(1405,1,'1',0,'B',0,40,21,25),(1406,32,'32',0,'A',0,40,24,27),(1407,9,'9',0,'B',0,40,21,25),(1408,24,'24',0,'C',0,40,21,26),(1409,3,'3',0,'B',0,40,21,25),(1410,15,'15',0,'D',0,40,23,16),(1411,20,'20',0,'A',0,41,23,16),(1412,33,'33',0,'C',0,41,21,28),(1413,19,'19',0,'B',0,41,23,16),(1414,13,'13',0,'A',0,41,23,16),(1415,11,'11',0,'C',0,41,21,25),(1416,14,'14',0,'B',0,41,23,16),(1417,8,'8',0,'D',0,41,21,25),(1418,10,'10',0,'A',0,41,21,25),(1419,12,'12',0,'C',0,41,21,25),(1420,15,'15',0,'C',0,41,23,16),(1421,29,'29',0,'C',0,41,21,28),(1422,17,'17',0,'C',0,41,23,16),(1423,5,'5',0,'D',0,41,21,25),(1424,26,'26',0,'C',0,41,24,27),(1425,3,'3',0,'B',0,41,21,25),(1426,23,'23',0,'D',0,41,24,27),(1427,7,'7',0,'D',0,41,21,25),(1428,21,'21',0,'C',0,41,24,27),(1429,30,'30',0,'D',0,41,21,28),(1430,32,'32',0,'A',0,41,21,28),(1431,18,'18',0,'A',0,41,23,16),(1432,22,'22',0,'D',0,41,24,27),(1433,28,'28',0,'B',0,41,21,28),(1434,31,'31',0,'C',0,41,21,28),(1435,6,'6',0,'B',0,41,21,25),(1436,1,'1',0,'A',0,41,21,25),(1437,35,'35',0,'C',0,41,21,28),(1438,27,'27',0,'A',0,41,24,27),(1439,4,'4',0,'C',0,41,21,25),(1440,16,'16',0,'C',0,41,23,16),(1441,34,'34',0,'D',0,41,21,28),(1442,2,'2',0,'D',0,41,21,25),(1443,9,'9',0,'B',0,41,21,25),(1444,24,'24',0,'B',0,41,24,27),(1445,25,'25',0,'D',0,41,24,27),(1446,3,'3',0,'B',0,42,16,6),(1447,21,'21',0,'D',0,42,17,6),(1448,25,'25',0,'C',0,42,16,6),(1449,4,'4',0,'D',0,42,16,6),(1450,2,'2',0,'C',0,42,16,6),(1451,34,'34',0,'B',0,42,18,7),(1452,6,'6',0,'A',0,42,19,7),(1453,20,'20',0,'C',0,42,17,6),(1454,24,'24',0,'A',0,42,20,6),(1455,1,'1',0,'A',0,42,20,6),(1456,16,'16',0,'A',0,42,20,6),(1457,12,'12',0,'B',0,42,17,6),(1458,33,'33',0,'C',0,42,19,7),(1459,35,'35',0,'C',0,42,18,7),(1460,23,'23',0,'B',0,42,18,7),(1461,18,'18',0,'C',0,42,17,6),(1462,15,'15',0,'C',0,42,18,7),(1463,26,'26',0,'B',0,42,16,6),(1464,19,'19',0,'B',0,42,17,6),(1465,32,'32',0,'A',0,42,18,7),(1466,28,'28',0,'B',0,42,17,6),(1467,11,'11',0,'C',0,42,30,24),(1468,31,'31',0,'D',0,42,20,6),(1469,8,'8',0,'D',0,42,18,7),(1470,10,'10',0,'A',0,42,30,24),(1471,5,'5',0,'B',0,42,17,6),(1472,13,'13',0,'B',0,42,30,24),(1473,14,'14',0,'D',0,42,17,6),(1474,29,'29',0,'D',0,42,18,7),(1475,22,'22',0,'A',0,42,18,7),(1476,27,'27',0,'D',0,42,17,6),(1477,17,'17',0,'A',0,42,17,6),(1478,30,'30',0,'B',0,42,18,7),(1479,9,'9',0,'C',0,42,20,6),(1480,7,'7',0,'B',0,42,19,7),(1481,1,'1',0,'D',0,43,31,6),(1482,31,'31',0,'C',0,43,32,6),(1483,18,'18',0,'B',0,43,31,6),(1484,23,'23',0,'D',0,43,35,6),(1485,10,'10',0,'B',0,43,31,6),(1486,4,'4',0,'A',0,43,31,6),(1487,29,'29',0,'A',0,43,32,6),(1488,12,'12',0,'D',0,43,32,6),(1489,30,'30',0,'C',0,43,32,6),(1490,22,'22',0,'B',0,43,35,6),(1491,11,'11',0,'A',0,43,32,6),(1492,17,'17',0,'A',0,43,33,7),(1493,13,'13',0,'B',0,43,32,6),(1494,24,'24',0,'A',0,43,34,7),(1495,34,'34',0,'C',0,43,34,7),(1496,2,'2',0,'B',0,43,32,6),(1497,20,'20',0,'C',0,43,35,6),(1498,32,'32',0,'A',0,43,34,7),(1499,7,'7',0,'C',0,43,34,7),(1500,14,'14',0,'C',0,43,31,6),(1501,9,'9',0,'B',0,43,34,7),(1502,15,'15',0,'C',0,43,34,7),(1503,19,'19',0,'A',0,43,35,6),(1504,3,'3',0,'C',0,43,32,6),(1505,5,'5',0,'C',0,43,32,6),(1506,35,'35',0,'B',0,43,34,7),(1507,21,'21',0,'A',0,43,35,6),(1508,8,'8',0,'D',0,43,34,7),(1509,26,'26',0,'C',0,43,34,7),(1510,33,'33',0,'C',0,43,34,7),(1511,27,'27',0,'A',0,43,31,6),(1512,25,'25',0,'D',0,43,34,7),(1513,16,'16',0,'D',0,43,34,7),(1514,6,'6',0,'B',0,43,33,7),(1515,28,'28',0,'B',0,43,32,6),(1516,1,'1',0,'A',0,44,40,11),(1517,2,'2',0,'B',0,44,40,11),(1518,3,'3',0,'C',0,44,40,11),(1519,4,'4',0,'C',0,44,40,11),(1520,5,'5',0,'D',0,44,40,11),(1521,6,'6',0,'A',0,44,40,11),(1522,7,'7',0,'C',0,44,40,11),(1523,8,'8',0,'A',0,44,41,11),(1524,9,'9',0,'A',0,44,41,11),(1525,10,'10',0,'C',0,44,41,11),(1526,11,'11',0,'A',0,44,43,11),(1527,12,'12',0,'B',0,44,43,11),(1528,13,'13',0,'A',0,44,43,11),(1529,14,'14',0,'D',0,44,43,11),(1530,15,'15',0,'A',0,44,43,11),(1531,16,'16',0,'B',0,44,43,11),(1532,17,'17',0,'B',0,44,43,11),(1533,18,'18',0,'C',0,44,41,11),(1534,19,'19',0,'A',0,44,41,11),(1535,20,'20',0,'A',0,44,41,11),(1536,21,'21',0,'D',0,44,42,12),(1537,22,'22',0,'A',0,44,42,12),(1538,23,'23',0,'B',0,44,42,12),(1539,24,'24',0,'A',0,44,42,12),(1540,25,'25',0,'D',0,44,44,12),(1541,26,'26',0,'B',0,44,44,12),(1542,27,'27',0,'B',0,44,42,13),(1543,28,'28',0,'C',0,44,40,13),(1544,29,'29',0,'B',0,44,45,13),(1545,30,'30',0,'B',0,44,40,13),(1546,1,'1',0,'B',0,45,46,11),(1547,2,'2',0,'C',0,45,46,11),(1548,3,'3',0,'B',0,45,46,11),(1549,4,'4',0,'B',0,45,45,11),(1550,5,'5',0,'C',0,45,45,11),(1551,6,'6',0,'C',0,45,45,11),(1552,7,'7',0,'C',0,45,41,11),(1553,8,'8',0,'C',0,45,41,11),(1554,9,'9',0,'A',0,45,41,11),(1555,10,'10',0,'D',0,45,46,11),(1556,11,'11',0,'C',0,45,46,11),(1557,12,'12',0,'B',0,45,46,11),(1558,13,'13',0,'A',0,45,43,11),(1559,14,'14',0,'A',0,45,41,11),(1560,15,'15',0,'B',0,45,45,11),(1561,16,'16',0,'D',0,45,45,11),(1562,17,'17',0,'B',0,45,45,11),(1563,18,'18',0,'B',0,45,47,11),(1564,19,'19',0,'C',0,45,47,11),(1565,20,'20',0,'C',0,45,47,12),(1566,21,'21',0,'A',0,45,41,11),(1567,22,'22',0,'B',0,45,45,12),(1568,23,'23',0,'A',0,45,47,12),(1569,24,'24',0,'B',0,45,47,12),(1570,25,'25',0,'C',0,45,47,12),(1571,26,'26',0,'B',0,45,46,12),(1572,27,'27',0,'A',0,45,45,13),(1573,28,'28',0,'A',0,45,45,13),(1574,29,'29',0,'B',0,45,45,13),(1575,30,'30',0,'C',0,45,45,13),(1576,1,'1',0,'C',0,46,40,11),(1577,2,'2',0,'C',0,46,41,11),(1578,3,'3',0,'D',0,46,41,11),(1579,4,'4',0,'A',0,46,45,11),(1580,5,'5',0,'B',0,46,45,11),(1581,6,'6',0,'C',0,46,41,11),(1582,7,'7',0,'B',0,46,43,11),(1583,8,'8',0,'D',0,46,45,11),(1584,9,'9',0,'C',0,46,40,11),(1585,10,'10',0,'A',0,46,43,11),(1586,11,'11',0,'B',0,46,41,11),(1587,12,'12',0,'A',0,46,41,11),(1588,13,'13',0,'C',0,46,41,11),(1589,14,'14',0,'A',0,46,41,11),(1590,15,'15',0,'C',0,46,48,11),(1591,16,'16',0,'D',0,46,48,11),(1592,17,'17',0,'B',0,46,48,11),(1593,18,'18',0,'B',0,46,42,11),(1594,19,'19',0,'A',0,46,42,12),(1595,20,'20',0,'B',0,46,42,12),(1596,21,'21',0,'B',0,46,41,12),(1597,22,'22',0,'B',0,46,42,12),(1598,23,'23',0,'B',0,46,40,12),(1599,24,'24',0,'D',0,46,41,12),(1600,25,'25',0,'D',0,46,41,12),(1601,26,'26',0,'D',0,46,40,12),(1602,27,'27',0,'C',0,46,41,13),(1603,28,'28',0,'B',0,46,41,13),(1604,29,'29',0,'B',0,46,40,13),(1605,30,'30',0,'A',0,46,40,13),(1606,1,'1',0,'C',0,47,54,11),(1607,2,'2',0,'A',0,47,54,11),(1608,3,'3',0,'C',0,47,44,11),(1609,4,'4',0,'D',0,47,54,11),(1610,5,'5',0,'C',0,47,55,11),(1611,6,'6',0,'B',0,47,47,11),(1612,7,'7',0,'C',0,47,47,11),(1613,8,'8',0,'C',0,47,47,11),(1614,9,'9',0,'B',0,47,44,11),(1615,10,'10',0,'D',0,47,44,11),(1616,11,'11',0,'B',0,47,44,11),(1617,12,'12',0,'D',0,47,54,11),(1618,13,'13',0,'C',0,47,54,11),(1619,14,'14',0,'D',0,47,44,11),(1620,15,'15',0,'C',0,47,44,12),(1621,16,'16',0,'C',0,47,54,12),(1622,17,'17',0,'D',0,47,43,12),(1623,18,'18',0,'A',0,47,56,12),(1624,19,'19',0,'A',0,47,54,12),(1625,20,'20',0,'C',0,47,54,12),(1626,21,'21',0,'B',0,47,54,12),(1627,22,'22',0,'D',0,47,47,12),(1628,23,'23',0,'C',0,47,47,12),(1629,24,'24',0,'D',0,47,54,12),(1630,25,'25',0,'D',0,47,51,13),(1631,26,'26',0,'D',0,47,56,13),(1632,27,'27',0,'B',0,47,51,13),(1633,28,'28',0,'B',0,47,54,13),(1634,29,'29',0,'A',0,47,47,13),(1635,30,'30',0,'B',0,47,47,13),(1686,1,'1',0,'B',0,49,59,11),(1687,2,'2',0,'A',0,49,47,11),(1688,3,'3',0,'C',0,49,59,11),(1689,4,'4',0,'B',0,49,54,11),(1666,5,'5',0,'A',0,49,59,11),(1667,6,'6',0,'B',0,49,47,11),(1668,7,'7',0,'A',0,49,54,11),(1669,8,'8',0,'B',0,49,54,11),(1670,9,'9',0,'B',0,49,46,11),(1671,10,'10',0,'C',0,49,60,11),(1672,11,'11',0,'A',0,49,54,11),(1673,12,'12',0,'D',0,49,47,12),(1674,13,'13',0,'C',0,49,54,12),(1675,14,'14',0,'D',0,49,54,12),(1676,15,'15',0,'D',0,49,54,12),(1677,16,'16',0,'D',0,49,46,12),(1678,17,'17',0,'C',0,49,44,12),(1679,18,'18',0,'B',0,49,59,12),(1680,19,'19',0,'A',0,49,54,12),(1681,20,'20',0,'D',0,49,47,12),(1682,21,'21',0,'C',0,49,44,13),(1683,22,'22',0,'B',0,49,57,13),(1684,23,'23',0,'B',0,49,54,13),(1685,24,'24',0,'C',0,49,46,13),(1690,25,'25',0,'B',0,49,44,13),(1691,26,'26',0,'C',0,49,43,13),(1692,27,'27',0,'D',0,49,54,13),(1693,28,'28',0,'C',0,49,46,13),(1694,29,'29',0,'D',0,49,47,13),(1695,30,'30',0,'A',0,49,44,13),(1696,31,'31',0,'A',0,49,47,13),(1697,32,'32',0,'D',0,49,59,13),(1698,33,'33',0,'C',0,49,54,13),(1699,34,'34',0,'A',0,49,54,13),(1700,35,'35',0,'D',0,49,44,13),(1701,1,'1',0,'A',0,50,44,11),(1702,2,'2',0,'B',0,50,44,11),(1703,3,'3',0,'A',0,50,44,11),(1704,4,'4',0,'B',0,50,44,11),(1705,5,'5',0,'A',0,50,44,11),(1706,6,'6',0,'D',0,50,44,11),(1707,7,'7',0,'D',0,50,58,11),(1708,8,'8',0,'A',0,50,57,11),(1709,9,'9',0,'B',0,50,44,11),(1710,10,'10',0,'C',0,50,44,11),(1711,11,'11',0,'D',0,50,58,11),(1712,12,'12',0,'A',0,50,58,12),(1713,13,'13',0,'C',0,50,57,12),(1714,14,'14',0,'A',0,50,44,12),(1715,15,'15',0,'D',0,50,56,12),(1716,16,'16',0,'B',0,50,43,12),(1717,17,'17',0,'B',0,50,59,12),(1718,18,'18',0,'B',0,50,59,12),(1719,19,'19',0,'D',0,50,59,12),(1720,20,'20',0,'C',0,50,57,12),(1721,21,'21',0,'C',0,50,57,12),(1722,22,'22',0,'C',0,50,54,12),(1723,23,'23',0,'A',0,50,44,12),(1724,24,'24',0,'B',0,50,54,13),(1725,25,'25',0,'D',0,50,44,13),(1726,26,'26',0,'C',0,50,54,13),(1727,27,'27',0,'B',0,50,54,13),(1728,28,'28',0,'B',0,50,43,13),(1729,29,'29',0,'D',0,50,58,13),(1730,30,'30',0,'B',0,50,59,13),(1731,31,'31',0,'B',0,50,59,13),(1732,32,'32',0,'D',0,50,44,13),(1733,33,'33',0,'B',0,50,44,13),(1734,34,'34',0,'B',0,50,56,13),(1735,35,'35',0,'C',0,50,43,13),(1736,1,'1',0,'B',0,51,54,13),(1737,2,'2',0,'C',0,51,43,13),(1738,3,'3',0,'D',0,51,59,13),(1739,4,'4',0,'B',0,51,44,13),(1740,5,'5',0,'D',0,51,54,13),(1741,6,'6',0,'B',0,51,44,13),(1742,7,'7',0,'D',0,51,44,13),(1743,8,'8',0,'B',0,51,59,13),(1744,9,'9',0,'C',0,51,54,13),(1745,10,'10',0,'D',0,51,44,13),(1746,11,'11',0,'A',0,51,44,13),(1747,12,'12',0,'D',0,51,60,13),(1748,13,'13',0,'C',0,51,54,13),(1749,14,'14',0,'D',0,51,54,19),(1750,15,'15',0,'A',0,51,59,19),(1751,16,'16',0,'D',0,51,54,13),(1752,17,'17',0,'B',0,51,44,13),(1753,18,'18',0,'D',0,51,44,19),(1754,19,'19',0,'B',0,51,54,19),(1755,20,'20',0,'B',0,51,54,19),(1756,21,'21',0,'A',0,51,54,19),(1757,22,'22',0,'C',0,51,54,19),(1758,23,'23',0,'B',0,51,54,19),(1759,24,'24',0,'D',0,51,51,19),(1760,25,'25',0,'C',0,51,51,20),(1761,26,'26',0,'D',0,51,54,20),(1762,27,'27',0,'C',0,51,59,20),(1763,28,'28',0,'A',0,51,54,20),(1764,29,'29',0,'C',0,51,54,23),(1765,30,'30',0,'B',0,51,54,23),(1766,31,'31',0,'A',0,51,59,23),(1767,32,'32',0,'A',0,51,59,23),(1768,33,'33',0,'D',0,51,60,23),(1769,34,'34',0,'B',0,51,60,23),(1770,35,'35',0,'C',0,51,54,23),(1771,1,'1',0,'D',0,52,63,19),(1772,2,'2',0,'C',0,52,64,19),(1773,3,'3',0,'A',0,52,64,19),(1774,4,'4',0,'B',0,52,65,19),(1775,5,'5',0,'C',0,52,65,19),(1776,6,'6',0,'D',0,52,68,19),(1777,7,'7',0,'A',0,52,68,20),(1778,8,'8',0,'C',0,52,67,20),(1779,9,'9',0,'D',0,52,67,20),(1780,10,'10',0,'B',0,52,64,20),(1781,11,'11',0,'C',0,52,69,20),(1782,12,'12',0,'B',0,52,69,20),(1783,13,'13',0,'B',0,52,68,20),(1784,14,'14',0,'A',0,52,68,20),(1785,15,'15',0,'D',0,52,68,19),(1786,16,'16',0,'A',0,52,68,19),(1787,17,'17',0,'B',0,52,67,19),(1788,18,'18',0,'C',0,52,67,19),(1789,19,'19',0,'C',0,52,54,19),(1790,20,'20',0,'D',0,52,54,19),(1791,21,'21',0,'C',0,52,44,19),(1792,22,'22',0,'C',0,52,70,19),(1793,23,'23',0,'D',0,52,70,19),(1794,24,'24',0,'D',0,52,54,19),(1795,25,'25',0,'C',0,52,54,19),(1796,26,'26',0,'C',0,52,66,21),(1797,27,'27',0,'D',0,52,44,21),(1798,28,'28',0,'D',0,52,63,21),(1799,29,'29',0,'B',0,52,64,21),(1800,30,'30',0,'B',0,52,64,21),(1801,31,'31',0,'C',0,52,65,21),(1802,32,'32',0,'B',0,52,65,21),(1803,33,'33',0,'A',0,52,65,21),(1804,34,'34',0,'C',0,52,68,21),(1805,35,'35',0,'A',0,52,68,21),(1806,14,'14',0,'C',0,53,31,7),(1807,15,'15',0,'B',0,53,35,6),(1808,21,'21',0,'C',0,53,34,7),(1809,5,'5',0,'A',0,53,35,6),(1810,33,'33',0,'B',0,53,32,6),(1811,17,'17',0,'A',0,53,35,6),(1812,35,'35',0,'D',0,53,34,7),(1813,28,'28',0,'A',0,53,32,6),(1814,29,'29',0,'D',0,53,32,7),(1815,10,'10',0,'C',0,53,31,6),(1816,11,'11',0,'B',0,53,32,6),(1817,26,'26',0,'C',0,53,32,6),(1818,3,'3',0,'B',0,53,35,6),(1819,32,'32',0,'C',0,53,35,6),(1820,8,'8',0,'C',0,53,34,7),(1821,24,'24',0,'D',0,53,31,6),(1822,2,'2',0,'A',0,53,35,6),(1823,30,'30',0,'C',0,53,33,7),(1824,7,'7',0,'B',0,53,34,7),(1825,6,'6',0,'C',0,53,34,7),(1826,13,'13',0,'B',0,53,34,7),(1827,22,'22',0,'D',0,53,33,7),(1828,34,'34',0,'B',0,53,34,7),(1829,12,'12',0,'A',0,53,32,7),(1830,20,'20',0,'B',0,53,32,6),(1831,18,'18',0,'D',0,53,32,6),(1832,25,'25',0,'B',0,53,34,7),(1833,23,'23',0,'C',0,53,33,7),(1834,4,'4',0,'C',0,53,35,6),(1835,1,'1',0,'C',0,53,31,6),(1836,9,'9',0,'D',0,53,31,6),(1837,31,'31',0,'A',0,53,31,6),(1838,19,'19',0,'B',0,53,32,6),(1839,27,'27',0,'D',0,53,32,6),(1840,16,'16',0,'C',0,53,35,6),(1841,14,'14',0,'A',0,54,28,8),(1842,9,'9',0,'D',0,54,26,9),(1843,1,'1',0,'A',0,54,28,8),(1844,27,'27',0,'C',0,54,28,8),(1845,18,'18',0,'D',0,54,25,9),(1846,6,'6',0,'B',0,54,28,8),(1847,22,'22',0,'B',0,54,28,8),(1848,35,'35',0,'B',0,54,26,10),(1849,23,'23',0,'A',0,54,28,8),(1850,15,'15',0,'C',0,54,28,8),(1851,7,'7',0,'B',0,54,28,8),(1852,25,'25',0,'A',0,54,28,9),(1853,13,'13',0,'C',0,54,25,9),(1854,11,'11',0,'B',0,54,26,9),(1855,10,'10',0,'B',0,54,26,9),(1856,32,'32',0,'B',0,54,26,10),(1857,3,'3',0,'B',0,54,28,8),(1858,16,'16',0,'D',0,54,25,9),(1859,19,'19',0,'B',0,54,25,9),(1860,24,'24',0,'D',0,54,28,9),(1861,21,'21',0,'D',0,54,25,9),(1862,29,'29',0,'B',0,54,26,10),(1863,17,'17',0,'C',0,54,25,9),(1864,4,'4',0,'B',0,54,28,8),(1865,2,'2',0,'C',0,54,28,8),(1866,28,'28',0,'B',0,54,28,8),(1867,26,'26',0,'A',0,54,28,9),(1868,8,'8',0,'A',0,54,28,8),(1869,5,'5',0,'D',0,54,28,8),(1870,20,'20',0,'D',0,54,25,9),(1871,30,'30',0,'C',0,54,26,10),(1872,31,'31',0,'A',0,54,26,10),(1873,34,'34',0,'C',0,54,26,10),(1874,12,'12',0,'B',0,54,25,9),(1875,33,'33',0,'C',0,54,26,10),(1876,33,'33',0,'C',0,55,25,9),(1877,7,'7',0,'B',0,55,28,8),(1878,22,'22',0,'B',0,55,28,8),(1879,11,'11',0,'C',0,55,28,8),(1880,20,'20',0,'B',0,55,28,8),(1881,5,'5',0,'C',0,55,28,8),(1882,18,'18',0,'C',0,55,28,8),(1883,27,'27',0,'A',0,55,26,10),(1884,26,'26',0,'C',0,55,26,10),(1885,19,'19',0,'B',0,55,28,8),(1886,12,'12',0,'C',0,55,28,8),(1887,6,'6',0,'A',0,55,26,10),(1888,13,'13',0,'C',0,55,28,8),(1889,4,'4',0,'A',0,55,28,8),(1890,8,'8',0,'D',0,55,28,8),(1891,23,'23',0,'D',0,55,28,8),(1892,24,'24',0,'D',0,55,28,8),(1893,1,'1',0,'B',0,55,28,8),(1894,17,'17',0,'C',0,55,28,8),(1895,29,'29',0,'D',0,55,26,10),(1896,32,'32',0,'B',0,55,25,9),(1897,3,'3',0,'A',0,55,28,8),(1898,15,'15',0,'B',0,55,28,8),(1899,28,'28',0,'B',0,55,26,10),(1900,9,'9',0,'B',0,55,28,8),(1901,34,'34',0,'A',0,55,25,9),(1902,25,'25',0,'B',0,55,28,8),(1903,16,'16',0,'B',0,55,28,8),(1904,21,'21',0,'A',0,55,28,8),(1905,10,'10',0,'A',0,55,28,8),(1906,31,'31',0,'C',0,55,25,9),(1907,35,'35',0,'C',0,55,25,9),(1908,14,'14',0,'B',0,55,28,8),(1909,2,'2',0,'C',0,55,28,8),(1910,30,'30',0,'D',0,55,25,9),(1911,8,'8',0,'C',0,56,25,8),(1912,32,'32',0,'A',0,56,26,8),(1913,17,'17',0,'C',0,56,28,8),(1914,35,'35',0,'B',0,56,26,8),(1915,9,'9',0,'C',0,56,25,8),(1916,28,'28',0,'A',0,56,28,8),(1917,12,'12',0,'A',0,56,28,9),(1918,16,'16',0,'A',0,56,26,9),(1919,26,'26',0,'D',0,56,28,8),(1920,25,'25',0,'C',0,56,28,8),(1921,15,'15',0,'C',0,56,28,8),(1922,23,'23',0,'D',0,56,28,8),(1923,24,'24',0,'B',0,56,26,10),(1924,13,'13',0,'B',0,56,25,8),(1925,4,'4',0,'B',0,56,28,8),(1926,5,'5',0,'B',0,56,25,9),(1927,10,'10',0,'D',0,56,25,8),(1928,21,'21',0,'C',0,56,28,8),(1929,7,'7',0,'B',0,56,25,8),(1930,1,'1',0,'B',0,56,28,8),(1931,2,'2',0,'D',0,56,28,8),(1932,22,'22',0,'B',0,56,28,8),(1933,20,'20',0,'B',0,56,28,8),(1934,34,'34',0,'A',0,56,26,8),(1935,31,'31',0,'D',0,56,26,8),(1936,6,'6',0,'C',0,56,25,8),(1937,29,'29',0,'B',0,56,28,8),(1938,33,'33',0,'D',0,56,26,8),(1939,30,'30',0,'A',0,56,26,8),(1940,3,'3',0,'D',0,56,25,9),(1941,14,'14',0,'C',0,56,28,8),(1942,18,'18',0,'B',0,56,28,8),(1943,19,'19',0,'C',0,56,26,9),(1944,27,'27',0,'D',0,56,28,8),(1945,11,'11',0,'A',0,56,25,8),(1946,34,'34',0,'A',0,57,26,8),(1947,1,'1',0,'A',0,57,28,8),(1948,17,'17',0,'D',0,57,28,8),(1949,27,'27',0,'D',0,57,26,8),(1950,10,'10',0,'B',0,57,28,8),(1951,16,'16',0,'B',0,57,28,8),(1952,21,'21',0,'B',0,57,25,8),(1953,5,'5',0,'D',0,57,28,8),(1954,2,'2',0,'C',0,57,25,8),(1955,30,'30',0,'A',0,57,26,8),(1956,31,'31',0,'B',0,57,26,8),(1957,33,'33',0,'B',0,57,26,8),(1958,23,'23',0,'B',0,57,25,8),(1959,4,'4',0,'A',0,57,28,8),(1960,20,'20',0,'A',0,57,25,8),(1961,11,'11',0,'A',0,57,28,8),(1962,14,'14',0,'B',0,57,28,8),(1963,13,'13',0,'B',0,57,28,8),(1964,29,'29',0,'C',0,57,26,8),(1965,9,'9',0,'B',0,57,28,8),(1966,19,'19',0,'D',0,57,25,8),(1967,32,'32',0,'C',0,57,26,8),(1968,24,'24',0,'A',0,57,25,8),(1969,28,'28',0,'D',0,57,26,8),(1970,26,'26',0,'D',0,57,26,8),(1971,8,'8',0,'D',0,57,28,8),(1972,3,'3',0,'C',0,57,28,8),(1973,15,'15',0,'B',0,57,28,8),(1974,7,'7',0,'B',0,57,28,8),(1975,12,'12',0,'C',0,57,28,8),(1976,18,'18',0,'C',0,57,28,8),(1977,6,'6',0,'D',0,57,28,8),(1978,22,'22',0,'B',0,57,25,8),(1979,25,'25',0,'C',0,57,26,8),(1980,35,'35',0,'C',0,57,26,8),(1981,26,'26',0,'C',0,58,31,6),(1982,4,'4',0,'C',0,58,35,6),(1983,9,'9',0,'C',0,58,33,7),(1984,7,'7',0,'C',0,58,33,7),(1985,24,'24',0,'C',0,58,32,6),(1986,33,'33',0,'B',0,58,32,6),(1987,10,'10',0,'C',0,58,35,6),(1988,13,'13',0,'C',0,58,32,6),(1989,8,'8',0,'A',0,58,33,7),(1990,29,'29',0,'C',0,58,32,6),(1991,28,'28',0,'A',0,58,35,6),(1992,18,'18',0,'B',0,58,31,6),(1993,35,'35',0,'D',0,58,33,7),(1994,12,'12',0,'A',0,58,32,6),(1995,19,'19',0,'A',0,58,31,6),(1996,32,'32',0,'A',0,58,32,6),(1997,3,'3',0,'D',0,58,32,6),(1998,25,'25',0,'A',0,58,32,6),(1999,22,'22',0,'A',0,58,32,6),(2000,30,'30',0,'B',0,58,31,6),(2001,11,'11',0,'B',0,58,32,6),(2002,15,'15',0,'D',0,58,32,24),(2003,20,'20',0,'C',0,58,32,6),(2004,17,'17',0,'C',0,58,33,7),(2005,6,'6',0,'D',0,58,32,6),(2006,16,'16',0,'B',0,58,33,7),(2007,14,'14',0,'B',0,58,32,6),(2008,5,'5',0,'D',0,58,32,6),(2009,21,'21',0,'B',0,58,32,6),(2010,23,'23',0,'B',0,58,32,6),(2011,2,'2',0,'B',0,58,32,6),(2012,31,'31',0,'D',0,58,31,6),(2013,27,'27',0,'C',0,58,31,6),(2014,34,'34',0,'C',0,58,32,6),(2015,1,'1',0,'A',0,58,31,6),(2016,17,'17',0,'C',0,59,39,6),(2017,13,'13',0,'B',0,59,36,6),(2018,2,'2',0,'B',0,59,39,6),(2019,27,'27',0,'C',0,59,39,6),(2020,30,'30',0,'D',0,59,39,6),(2021,34,'34',0,'C',0,59,39,6),(2022,10,'10',0,'B',0,59,39,6),(2023,25,'25',0,'C',0,59,39,6),(2024,19,'19',0,'D',0,59,39,6),(2025,32,'32',0,'A',0,59,39,6),(2026,4,'4',0,'B',0,59,39,6),(2027,9,'9',0,'B',0,59,39,6),(2028,24,'24',0,'C',0,59,33,7),(2029,31,'31',0,'B',0,59,39,6),(2030,6,'6',0,'A',0,59,39,6),(2031,1,'1',0,'A',0,59,36,6),(2032,29,'29',0,'B',0,59,39,6),(2033,14,'14',0,'B',0,59,35,6),(2034,23,'23',0,'A',0,59,37,24),(2035,21,'21',0,'D',0,59,35,6),(2036,26,'26',0,'B',0,59,39,6),(2037,35,'35',0,'A',0,59,39,6),(2038,7,'7',0,'D',0,59,39,6),(2039,16,'16',0,'A',0,59,39,6),(2040,12,'12',0,'C',0,59,36,6),(2041,18,'18',0,'B',0,59,39,6),(2042,28,'28',0,'B',0,59,36,6),(2043,20,'20',0,'A',0,59,39,6),(2044,3,'3',0,'D',0,59,38,24),(2045,33,'33',0,'D',0,59,39,6),(2046,22,'22',0,'D',0,59,35,6),(2047,8,'8',0,'C',0,59,39,6),(2048,15,'15',0,'B',0,59,39,6),(2049,11,'11',0,'A',0,59,39,6),(2050,5,'5',0,'C',0,59,36,6),(2051,13,'13',0,'B',0,64,21,28),(2052,20,'20',0,'A',0,64,23,16),(2053,33,'33',0,'B',0,64,24,27),(2054,6,'6',0,'C',0,64,21,37),(2055,16,'16',0,'D',0,64,21,28),(2056,25,'25',0,'C',0,64,23,16),(2057,36,'36',0,'B',0,64,24,27),(2058,8,'8',0,'A',0,64,21,37),(2059,27,'27',0,'B',0,64,23,16),(2060,21,'21',0,'B',0,64,23,16),(2061,10,'10',0,'B',0,64,21,37),(2062,35,'35',0,'A',0,64,24,27),(2063,11,'11',0,'D',0,64,21,37),(2064,28,'28',0,'A',0,64,23,16),(2065,2,'2',0,'A',0,64,21,37),(2066,31,'31',0,'A',0,64,23,16),(2067,24,'24',0,'A',0,64,23,16),(2068,19,'19',0,'A',0,64,21,28),(2069,3,'3',0,'C',0,64,21,37),(2070,15,'15',0,'C',0,64,21,28),(2071,14,'14',0,'B',0,64,21,28),(2072,32,'32',0,'C',0,64,24,27),(2073,4,'4',0,'B',0,64,21,37),(2074,22,'22',0,'C',0,64,23,16),(2075,29,'29',0,'A',0,64,23,16),(2076,18,'18',0,'A',0,64,21,28),(2077,34,'34',0,'A',0,64,24,27),(2078,5,'5',0,'D',0,64,21,37),(2079,12,'12',0,'B',0,64,21,37),(2080,26,'26',0,'A',0,64,23,16),(2081,30,'30',0,'B',0,64,23,16),(2082,23,'23',0,'A',0,64,23,16),(2083,17,'17',0,'C',0,64,21,28),(2084,9,'9',0,'D',0,64,21,37),(2085,7,'7',0,'A',0,64,21,37),(2086,13,'13',0,'B',0,65,23,16),(2087,34,'34',0,'B',0,65,24,27),(2088,1,'1',0,'D',0,65,21,37),(2089,17,'17',0,'B',0,65,23,16),(2090,8,'8',0,'B',0,65,21,37),(2091,15,'15',0,'A',0,65,23,16),(2092,21,'21',0,'A',0,65,21,28),(2093,28,'28',0,'A',0,65,21,28),(2094,32,'32',0,'A',0,65,24,27),(2095,35,'35',0,'C',0,65,24,27),(2096,14,'14',0,'C',0,65,23,16),(2097,2,'2',0,'C',0,65,21,37),(2098,19,'19',0,'A',0,65,21,28),(2099,3,'3',0,'B',0,65,21,37),(2100,6,'6',0,'C',0,65,21,37),(2101,22,'22',0,'D',0,65,21,28),(2102,18,'18',0,'B',0,65,21,28),(2103,10,'10',0,'A',0,65,21,37),(2104,4,'4',0,'C',0,65,21,37),(2105,24,'24',0,'C',0,65,21,28),(2106,7,'7',0,'B',0,65,21,37),(2107,30,'30',0,'C',0,65,24,27),(2108,12,'12',0,'B',0,65,21,37),(2109,5,'5',0,'B',0,65,21,37),(2110,25,'25',0,'D',0,65,21,28),(2111,33,'33',0,'B',0,65,24,27),(2112,26,'26',0,'A',0,65,21,28),(2113,11,'11',0,'C',0,65,21,37),(2114,20,'20',0,'D',0,65,21,28),(2115,29,'29',0,'D',0,65,24,27),(2116,23,'23',0,'D',0,65,21,28),(2117,27,'27',0,'D',0,65,21,28),(2118,16,'16',0,'A',0,65,23,16),(2119,9,'9',0,'A',0,65,21,37),(2120,31,'31',0,'A',0,65,24,27),(2121,11,'11',0,'D',0,61,50,40),(2122,6,'6',0,'A',0,61,50,40),(2123,33,'33',0,'A',0,61,50,39),(2124,28,'28',0,'D',0,61,50,39),(2125,9,'9',0,'A',0,61,49,40),(2126,30,'30',0,'A',0,61,50,39),(2127,8,'8',0,'D',0,61,50,40),(2128,4,'4',0,'D',0,61,49,40),(2129,31,'31',0,'B',0,61,50,39),(2130,23,'23',0,'D',0,61,51,38),(2131,12,'12',0,'A',0,61,51,40),(2132,26,'26',0,'C',0,61,49,39),(2133,17,'17',0,'C',0,61,51,38),(2134,21,'21',0,'B',0,61,51,38),(2135,7,'7',0,'A',0,61,50,40),(2136,20,'20',0,'A',0,61,51,38),(2137,10,'10',0,'A',0,61,50,40),(2138,29,'29',0,'D',0,61,50,39),(2139,16,'16',0,'D',0,61,50,38),(2140,14,'14',0,'D',0,61,50,38),(2141,24,'24',0,'C',0,61,51,38),(2142,22,'22',0,'D',0,61,51,38),(2143,35,'35',0,'A',0,61,51,39),(2144,36,'36',0,'B',0,61,51,39),(2145,34,'34',0,'C',0,61,51,39),(2146,19,'19',0,'D',0,61,51,38),(2147,25,'25',0,'A',0,61,49,39),(2148,3,'3',0,'C',0,61,50,40),(2149,2,'2',0,'C',0,61,49,40),(2150,1,'1',0,'D',0,61,49,40),(2151,5,'5',0,'B',0,61,49,40),(2152,18,'18',0,'A',0,61,49,38),(2153,15,'15',0,'B',0,61,49,38),(2154,13,'13',0,'C',0,61,49,38),(2155,27,'27',0,'B',0,61,50,39),(2156,32,'32',0,'A',0,61,50,39),(2157,7,'7',0,'D',0,60,45,40),(2158,35,'35',0,'C',0,60,50,39),(2159,32,'32',0,'D',0,60,45,39),(2160,21,'21',0,'B',0,60,45,38),(2161,22,'22',0,'C',0,60,45,38),(2162,4,'4',0,'C',0,60,49,40),(2163,14,'14',0,'C',0,60,49,38),(2164,12,'12',0,'B',0,60,49,40),(2165,33,'33',0,'B',0,60,45,39),(2166,26,'26',0,'B',0,60,50,39),(2167,17,'17',0,'A',0,60,49,38),(2168,16,'16',0,'A',0,60,50,38),(2169,36,'36',0,'C',0,60,45,39),(2170,2,'2',0,'D',0,60,49,40),(2171,1,'1',0,'A',0,60,50,40),(2172,29,'29',0,'B',0,60,50,39),(2173,20,'20',0,'B',0,60,50,38),(2174,13,'13',0,'A',0,60,50,38),(2175,10,'10',0,'C',0,60,45,40),(2176,24,'24',0,'A',0,60,45,38),(2177,15,'15',0,'A',0,60,49,38),(2178,6,'6',0,'D',0,60,50,40),(2179,25,'25',0,'A',0,60,50,39),(2180,18,'18',0,'D',0,60,50,38),(2181,34,'34',0,'C',0,60,50,39),(2182,31,'31',0,'D',0,60,49,39),(2183,23,'23',0,'C',0,60,50,38),(2184,27,'27',0,'C',0,60,45,39),(2185,8,'8',0,'B',0,60,49,40),(2186,9,'9',0,'C',0,60,50,40),(2187,3,'3',0,'D',0,60,49,40),(2188,11,'11',0,'B',0,60,45,40),(2189,30,'30',0,'D',0,60,50,39),(2190,19,'19',0,'C',0,60,49,38),(2191,5,'5',0,'B',0,60,45,40),(2192,28,'28',0,'C',0,60,45,39),(2193,22,'22',0,'B',0,62,52,8),(2194,30,'30',0,'D',0,62,54,9),(2195,23,'23',0,'D',0,62,54,8),(2196,5,'5',0,'A',0,62,53,8),(2197,13,'13',0,'B',0,62,52,8),(2198,10,'10',0,'D',0,62,52,8),(2199,17,'17',0,'B',0,62,53,8),(2200,9,'9',0,'D',0,62,52,8),(2201,8,'8',0,'D',0,62,53,8),(2202,7,'7',0,'C',0,62,54,8),(2203,26,'26',0,'B',0,62,53,9),(2204,6,'6',0,'C',0,62,54,8),(2205,28,'28',0,'A',0,62,54,9),(2206,3,'3',0,'A',0,62,53,8),(2207,4,'4',0,'B',0,62,54,9),(2208,33,'33',0,'D',0,62,54,9),(2209,15,'15',0,'C',0,62,52,8),(2210,31,'31',0,'D',0,62,53,9),(2211,18,'18',0,'C',0,62,54,8),(2212,24,'24',0,'B',0,62,52,8),(2213,35,'35',0,'D',0,62,54,9),(2214,2,'2',0,'A',0,62,54,8),(2215,29,'29',0,'A',0,62,52,9),(2216,32,'32',0,'D',0,62,52,9),(2217,27,'27',0,'C',0,62,52,9),(2218,1,'1',0,'D',0,62,52,8),(2219,21,'21',0,'C',0,62,52,8),(2220,25,'25',0,'C',0,62,54,8),(2221,14,'14',0,'B',0,62,54,8),(2222,16,'16',0,'D',0,62,54,10),(2223,11,'11',0,'C',0,62,54,10),(2224,20,'20',0,'A',0,62,52,8),(2225,12,'12',0,'C',0,62,54,10),(2226,34,'34',0,'A',0,62,52,9),(2227,19,'19',0,'D',0,62,54,8),(2228,16,'16',0,'C',0,63,52,8),(2229,13,'13',0,'C',0,63,54,8),(2230,8,'8',0,'D',0,63,54,8),(2231,3,'3',0,'A',0,63,52,8),(2232,19,'19',0,'C',0,63,53,10),(2233,10,'10',0,'A',0,63,52,8),(2234,31,'31',0,'A',0,63,52,10),(2235,28,'28',0,'B',0,63,52,10),(2236,14,'14',0,'D',0,63,54,8),(2237,23,'23',0,'A',0,63,52,8),(2238,25,'25',0,'C',0,63,54,8),(2239,33,'33',0,'C',0,63,52,9),(2240,21,'21',0,'A',0,63,53,10),(2241,30,'30',0,'B',0,63,53,8),(2242,35,'35',0,'C',0,63,53,9),(2243,26,'26',0,'C',0,63,54,10),(2244,27,'27',0,'B',0,63,54,8),(2245,15,'15',0,'A',0,63,53,8),(2246,4,'4',0,'D',0,63,54,9),(2247,2,'2',0,'C',0,63,52,8),(2248,18,'18',0,'D',0,63,54,8),(2249,24,'24',0,'B',0,63,52,8),(2250,11,'11',0,'B',0,63,53,8),(2251,29,'29',0,'C',0,63,52,8),(2252,22,'22',0,'B',0,63,53,8),(2253,9,'9',0,'B',0,63,52,8),(2254,5,'5',0,'D',0,63,53,10),(2255,32,'32',0,'A',0,63,54,10),(2256,6,'6',0,'D',0,63,52,8),(2257,1,'1',0,'D',0,63,53,8),(2258,34,'34',0,'B',0,63,54,9),(2259,17,'17',0,'C',0,63,54,8),(2260,7,'7',0,'A',0,63,53,8),(2261,20,'20',0,'C',0,63,52,10),(2262,12,'12',0,'C',0,63,53,8);
/*!40000 ALTER TABLE `respuestasesperadasprueba` ENABLE KEYS */;
UNLOCK TABLES;

--
-- Table structure for table `tipocurso`
--

DROP TABLE IF EXISTS `tipocurso`;
/*!40101 SET @saved_cs_client     = @@character_set_client */;
/*!40101 SET character_set_client = utf8 */;
CREATE TABLE `tipocurso` (
  `ID` bigint(20) NOT NULL AUTO_INCREMENT,
  `NAME` varchar(100) DEFAULT NULL,
  PRIMARY KEY (`ID`)
) ENGINE=MyISAM AUTO_INCREMENT=15 DEFAULT CHARSET=utf8;
/*!40101 SET character_set_client = @saved_cs_client */;

--
-- Dumping data for table `tipocurso`
--

LOCK TABLES `tipocurso` WRITE;
/*!40000 ALTER TABLE `tipocurso` DISABLE KEYS */;
INSERT INTO `tipocurso` VALUES (1,'Primero Básico'),(2,'Segundo Básico'),(3,'Tercero Básico'),(4,'Cuarto Básico'),(5,'Quinto Básico'),(6,'Sexto Básico'),(7,'Séptimo Básico'),(8,'Octavo Básico'),(9,'Primero Medio'),(10,'Segundo Medio'),(11,'Tercero Medio'),(12,'Cuarto Medio'),(13,'Prekinder'),(14,'Kinder');
/*!40000 ALTER TABLE `tipocurso` ENABLE KEYS */;
UNLOCK TABLES;

--
-- Table structure for table `tipoprueba`
--

DROP TABLE IF EXISTS `tipoprueba`;
/*!40101 SET @saved_cs_client     = @@character_set_client */;
/*!40101 SET character_set_client = utf8 */;
CREATE TABLE `tipoprueba` (
  `ID` bigint(20) NOT NULL AUTO_INCREMENT,
  `NAME` varchar(100) DEFAULT NULL,
  PRIMARY KEY (`ID`)
) ENGINE=MyISAM AUTO_INCREMENT=9 DEFAULT CHARSET=utf8;
/*!40101 SET character_set_client = @saved_cs_client */;

--
-- Dumping data for table `tipoprueba`
--

LOCK TABLES `tipoprueba` WRITE;
/*!40000 ALTER TABLE `tipoprueba` DISABLE KEYS */;
INSERT INTO `tipoprueba` VALUES (1,'General');
/*!40000 ALTER TABLE `tipoprueba` ENABLE KEYS */;
UNLOCK TABLES;
/*!40103 SET TIME_ZONE=@OLD_TIME_ZONE */;

/*!40101 SET SQL_MODE=@OLD_SQL_MODE */;
/*!40014 SET FOREIGN_KEY_CHECKS=@OLD_FOREIGN_KEY_CHECKS */;
/*!40014 SET UNIQUE_CHECKS=@OLD_UNIQUE_CHECKS */;
/*!40101 SET CHARACTER_SET_CLIENT=@OLD_CHARACTER_SET_CLIENT */;
/*!40101 SET CHARACTER_SET_RESULTS=@OLD_CHARACTER_SET_RESULTS */;
/*!40101 SET COLLATION_CONNECTION=@OLD_COLLATION_CONNECTION */;
/*!40111 SET SQL_NOTES=@OLD_SQL_NOTES */;

-- Dump completed on 2014-11-30 16:51:45
