-- MySQL Administrator dump 1.4
--
-- ------------------------------------------------------
-- Server version	5.1.73-community


/*!40101 SET @OLD_CHARACTER_SET_CLIENT=@@CHARACTER_SET_CLIENT */;
/*!40101 SET @OLD_CHARACTER_SET_RESULTS=@@CHARACTER_SET_RESULTS */;
/*!40101 SET @OLD_COLLATION_CONNECTION=@@COLLATION_CONNECTION */;
/*!40101 SET NAMES utf8 */;

/*!40014 SET @OLD_UNIQUE_CHECKS=@@UNIQUE_CHECKS, UNIQUE_CHECKS=0 */;
/*!40014 SET @OLD_FOREIGN_KEY_CHECKS=@@FOREIGN_KEY_CHECKS, FOREIGN_KEY_CHECKS=0 */;
/*!40101 SET @OLD_SQL_MODE=@@SQL_MODE, SQL_MODE='NO_AUTO_VALUE_ON_ZERO' */;


--
-- Create schema cpruebas
--

CREATE DATABASE IF NOT EXISTS cpruebas;
USE cpruebas;

--
-- Definition of table `alumno`
--

DROP TABLE IF EXISTS `alumno`;
CREATE TABLE `alumno` (
  `ID` bigint(20) NOT NULL AUTO_INCREMENT,
  `PATERNO` varchar(255) DEFAULT NULL,
  `MATERNO` varchar(255) DEFAULT NULL,
  `RUT` varchar(255) DEFAULT NULL,
  `DIRECCION` varchar(255) DEFAULT NULL,
  `NAME` varchar(255) DEFAULT NULL,
  `CURSO_ID` bigint(20) DEFAULT NULL,
  `COLEGIO_ID` bigint(20) DEFAULT NULL,
  PRIMARY KEY (`ID`),
  KEY `FK_ALUMNO_CURSO_ID` (`CURSO_ID`),
  KEY `FK_ALUMNO_COLEGIO_ID` (`COLEGIO_ID`),
  CONSTRAINT `FK_ALUMNO_COLEGIO_ID` FOREIGN KEY (`COLEGIO_ID`) REFERENCES `colegio` (`ID`),
  CONSTRAINT `FK_ALUMNO_CURSO_ID` FOREIGN KEY (`CURSO_ID`) REFERENCES `curso` (`ID`)
) ENGINE=InnoDB AUTO_INCREMENT=3 DEFAULT CHARSET=latin1;

--
-- Dumping data for table `alumno`
--

/*!40000 ALTER TABLE `alumno` DISABLE KEYS */;
INSERT INTO `alumno` (`ID`,`PATERNO`,`MATERNO`,`RUT`,`DIRECCION`,`NAME`,`CURSO_ID`,`COLEGIO_ID`) VALUES 
 (1,'Osorio','Verdugo','10613781-1','Mi casa','Eliecer Enrique',1,1),
 (2,'Farías','Zavala','12623503-8','Su Casa','Susan Angela',1,1);
/*!40000 ALTER TABLE `alumno` ENABLE KEYS */;


--
-- Definition of table `asignatura`
--

DROP TABLE IF EXISTS `asignatura`;
CREATE TABLE `asignatura` (
  `ID` bigint(20) NOT NULL AUTO_INCREMENT,
  `NAME` varchar(255) DEFAULT NULL,
  PRIMARY KEY (`ID`)
) ENGINE=InnoDB AUTO_INCREMENT=5 DEFAULT CHARSET=latin1;

--
-- Dumping data for table `asignatura`
--

/*!40000 ALTER TABLE `asignatura` DISABLE KEYS */;
INSERT INTO `asignatura` (`ID`,`NAME`) VALUES 
 (1,'Lenguaje y Comunicación'),
 (2,'Matemáticas'),
 (3,'Sociedad y Cultura'),
 (4,'Naturaleza');
/*!40000 ALTER TABLE `asignatura` ENABLE KEYS */;


--
-- Definition of table `ciclo`
--

DROP TABLE IF EXISTS `ciclo`;
CREATE TABLE `ciclo` (
  `ID` bigint(20) NOT NULL AUTO_INCREMENT,
  `NAME` varchar(255) DEFAULT NULL,
  PRIMARY KEY (`ID`)
) ENGINE=InnoDB AUTO_INCREMENT=4 DEFAULT CHARSET=latin1;

--
-- Dumping data for table `ciclo`
--

/*!40000 ALTER TABLE `ciclo` DISABLE KEYS */;
INSERT INTO `ciclo` (`ID`,`NAME`) VALUES 
 (1,'Ciclo 1'),
 (2,'Ciclo 2'),
 (3,'Ciclo 3');
/*!40000 ALTER TABLE `ciclo` ENABLE KEYS */;


--
-- Definition of table `colegio`
--

DROP TABLE IF EXISTS `colegio`;
CREATE TABLE `colegio` (
  `ID` bigint(20) NOT NULL AUTO_INCREMENT,
  `NAME` varchar(255) DEFAULT NULL,
  `image` blob,
  `DIRECCION` varchar(255) DEFAULT NULL,
  PRIMARY KEY (`ID`)
) ENGINE=InnoDB AUTO_INCREMENT=3 DEFAULT CHARSET=latin1;

--
-- Dumping data for table `colegio`
--

/*!40000 ALTER TABLE `colegio` DISABLE KEYS */;
INSERT INTO `colegio` (`ID`,`NAME`,`image`,`DIRECCION`) VALUES 
 (1,'Colegio 1',0x89504E470D0A1A0A0000000D494844520000000C000000110806000000E93D4DA2000001D64944415478DA63602012E81B9A15E9E9193911566869296D6266BD1D88FFA76416A7E1556C69691F686DE7FC1A88FF5BD93AFDCF2EAAC9C4AAD0C1C181C7C6DE65A6A38BD77F17775F307676F3F95F505A87A9C1D2D6C90CA8F0A69B67C07F6FBFD0FF7E4191600C62975636233484868632DB39B855BB7AF8FDF2F20DF91F1416FB3F3C3AF97F646C2A980E0E8FFB5F59D701D1606DED22E7E4EA75C0DD2BF07F4048F4FFB0A8A4FF7149D9FF93D20BFE276714FE4F48C9FD1F1193F2BFA6B1379301686A38D0D48F202B4322E2FF47C7A7831566E695FFCF29ACFE9F5D50F53F2DBB046C405D737F264361697D957F70D4CF908804B0204832AFB8F67F5179D3FF92CA96FF85658D604D4969F9FF9B3B266532FCFFFFDFF8E6AD7B330BCA1A9FA666158315831456D67582715975DBFFFC923A601C1401354C81F801A849F8D7AF5F85F396AC3E0634F15F794D07D0BD3D605C51DB090CCE06B0CD6D5D5310A104D4C404C46E172F5F5BDED431F13D48716D53EFFFAAFAAEFFC515CD603F75F44EC78C07A026F9CF9F3F37CF9EBFFC0A4831C859200D59F995D8354035B10371E4C12327B60035FC043909A70D681AF59E3E7D39B5B573F263508010D400D5C40FC4D97317AE3CDCDE332D85D8EC00D2E80CC4EA0009681DCFCA650F5F0000000049454E44AE426082,'Dirección 1'),
 (2,'Colegio 2',0x89504E470D0A1A0A0000000D494844520000000D00000011080600000006FF269C000001CC4944415478DA6360A016088C4CF0088C8C712549534D736F7D4844FCDFE0F0B852A235D535F74E016AF80FC2216171AB43434379B02A0C0D4DD00529002A7C02D300D718117F0543636868AC3D50E27B4844C29FF29A8E27F52DFD2F611A226252FEECDA7B68E7FFFFFF3991348472864626BE8C8E4FFF75F6FCE55340C9A65DFB0ECF0169484ACFFF7EEDC6ADC3403133A03AB6A088D864B0A6E8B8B478908265AB365E024A6A83C4264C9B175358D6F8FECDDBF76B80624A20B1B088A46C903AA0370C18B2F22BB6006DFAFBF6EDDB5098ED376FDE35FDF1E3C764A0065E98D88B17AFC2815EF8979653329921B7A8E64A525AFE77A00276980290FB819805D9DF20B1D4ACA2AF79C5754719CA6A3A2F836C02F98D5054C425657FADACEB3CC9306FD1AA5520B786452757E2D300F20B48DDD4598B57337CFCF8D12B33AFFC0B2805E04A3AA0908B8C4D399D9092FBE3F9F3572120B7B2DCBA7D6F3548009A747A81A64A40153383E2303422FE2C281076EF3B7C041E5F4086F4ABD76F36B5764E7E8694121EC2D849E905EF4F9FBD7816A8CE82012D740480B8FCDA8DDBA7172E5D73A7A573F2DD2933173DDCB9E7C0959F3F7F2E01CAE9E2F430505205882380B818885381D81E3DF801D6F92329C8AFE97D0000000049454E44AE426082,'Dirección 2');
/*!40000 ALTER TABLE `colegio` ENABLE KEYS */;


--
-- Definition of table `curso`
--

DROP TABLE IF EXISTS `curso`;
CREATE TABLE `curso` (
  `ID` bigint(20) NOT NULL AUTO_INCREMENT,
  `NAME` varchar(255) DEFAULT NULL,
  `CICLO_ID` bigint(20) DEFAULT NULL,
  PRIMARY KEY (`ID`),
  KEY `FK_CURSO_CICLO_ID` (`CICLO_ID`),
  CONSTRAINT `FK_CURSO_CICLO_ID` FOREIGN KEY (`CICLO_ID`) REFERENCES `ciclo` (`ID`)
) ENGINE=InnoDB AUTO_INCREMENT=4 DEFAULT CHARSET=latin1;

--
-- Dumping data for table `curso`
--

/*!40000 ALTER TABLE `curso` DISABLE KEYS */;
INSERT INTO `curso` (`ID`,`NAME`,`CICLO_ID`) VALUES 
 (1,'Primero A',1),
 (2,'Primero B',1),
 (3,'Segundo A',1);
/*!40000 ALTER TABLE `curso` ENABLE KEYS */;


--
-- Definition of table `curso_alumno`
--

DROP TABLE IF EXISTS `curso_alumno`;
CREATE TABLE `curso_alumno` (
  `curso_ID` bigint(20) NOT NULL,
  `alumnos_ID` bigint(20) NOT NULL,
  PRIMARY KEY (`curso_ID`,`alumnos_ID`),
  KEY `FK_CURSO_ALUMNO_alumnos_ID` (`alumnos_ID`),
  CONSTRAINT `FK_CURSO_ALUMNO_alumnos_ID` FOREIGN KEY (`alumnos_ID`) REFERENCES `alumno` (`ID`),
  CONSTRAINT `FK_CURSO_ALUMNO_curso_ID` FOREIGN KEY (`curso_ID`) REFERENCES `curso` (`ID`)
) ENGINE=InnoDB DEFAULT CHARSET=latin1;

--
-- Dumping data for table `curso_alumno`
--

/*!40000 ALTER TABLE `curso_alumno` DISABLE KEYS */;
/*!40000 ALTER TABLE `curso_alumno` ENABLE KEYS */;


--
-- Definition of table `ejetematico`
--

DROP TABLE IF EXISTS `ejetematico`;
CREATE TABLE `ejetematico` (
  `ID` bigint(20) NOT NULL AUTO_INCREMENT,
  `NAME` varchar(255) DEFAULT NULL,
  `ASIGNATURA_ID` bigint(20) DEFAULT NULL,
  `TIPOPRUEBA_ID` bigint(20) DEFAULT NULL,
  PRIMARY KEY (`ID`),
  KEY `FK_EJETEMATICO_ASIGNATURA_ID` (`ASIGNATURA_ID`),
  KEY `FK_EJETEMATICO_TIPOPRUEBA_ID` (`TIPOPRUEBA_ID`),
  CONSTRAINT `FK_EJETEMATICO_TIPOPRUEBA_ID` FOREIGN KEY (`TIPOPRUEBA_ID`) REFERENCES `tipoprueba` (`ID`),
  CONSTRAINT `FK_EJETEMATICO_ASIGNATURA_ID` FOREIGN KEY (`ASIGNATURA_ID`) REFERENCES `asignatura` (`ID`)
) ENGINE=InnoDB AUTO_INCREMENT=6 DEFAULT CHARSET=latin1;

--
-- Dumping data for table `ejetematico`
--

/*!40000 ALTER TABLE `ejetematico` DISABLE KEYS */;
INSERT INTO `ejetematico` (`ID`,`NAME`,`ASIGNATURA_ID`,`TIPOPRUEBA_ID`) VALUES 
 (1,'Eje temático 1',1,1),
 (2,'Eje temático 2',1,1),
 (3,'Eje temático 3',1,1),
 (4,'Eje temático 4',2,1),
 (5,'Eje temático 5',2,1);
/*!40000 ALTER TABLE `ejetematico` ENABLE KEYS */;


--
-- Definition of table `evaluacionprueba`
--

DROP TABLE IF EXISTS `evaluacionprueba`;
CREATE TABLE `evaluacionprueba` (
  `ID` bigint(20) NOT NULL AUTO_INCREMENT,
  `NAME` varchar(100) DEFAULT NULL,
  `FECHA` bigint(20) DEFAULT NULL,
  `CURSO_ID` bigint(20) DEFAULT NULL,
  `PROFESOR_ID` bigint(20) DEFAULT NULL,
  `COLEGIO_ID` bigint(20) DEFAULT NULL,
  `PRUEBA_ID` bigint(20) DEFAULT NULL,
  PRIMARY KEY (`ID`),
  KEY `FK_EVALUACIONPRUEBA_COLEGIO_ID` (`COLEGIO_ID`),
  KEY `FK_EVALUACIONPRUEBA_CURSO_ID` (`CURSO_ID`),
  KEY `FK_EVALUACIONPRUEBA_PRUEBA_ID` (`PRUEBA_ID`),
  KEY `FK_EVALUACIONPRUEBA_PROFESOR_ID` (`PROFESOR_ID`),
  CONSTRAINT `FK_EVALUACIONPRUEBA_PROFESOR_ID` FOREIGN KEY (`PROFESOR_ID`) REFERENCES `profesor` (`ID`),
  CONSTRAINT `FK_EVALUACIONPRUEBA_COLEGIO_ID` FOREIGN KEY (`COLEGIO_ID`) REFERENCES `colegio` (`ID`),
  CONSTRAINT `FK_EVALUACIONPRUEBA_CURSO_ID` FOREIGN KEY (`CURSO_ID`) REFERENCES `curso` (`ID`),
  CONSTRAINT `FK_EVALUACIONPRUEBA_PRUEBA_ID` FOREIGN KEY (`PRUEBA_ID`) REFERENCES `prueba` (`ID`)
) ENGINE=InnoDB DEFAULT CHARSET=latin1;

--
-- Dumping data for table `evaluacionprueba`
--

/*!40000 ALTER TABLE `evaluacionprueba` DISABLE KEYS */;
/*!40000 ALTER TABLE `evaluacionprueba` ENABLE KEYS */;


--
-- Definition of table `evaluacionprueba_pruebarendida`
--

DROP TABLE IF EXISTS `evaluacionprueba_pruebarendida`;
CREATE TABLE `evaluacionprueba_pruebarendida` (
  `evaluacionprueba_ID` bigint(20) NOT NULL,
  `pruebasRendidas_ID` bigint(20) NOT NULL,
  PRIMARY KEY (`evaluacionprueba_ID`,`pruebasRendidas_ID`),
  KEY `EVALUACIONPRUEBA_PRUEBARENDIDA_pruebasRendidas_ID` (`pruebasRendidas_ID`),
  CONSTRAINT `EVALUACIONPRUEBA_PRUEBARENDIDA_evaluacionprueba_ID` FOREIGN KEY (`evaluacionprueba_ID`) REFERENCES `evaluacionprueba` (`ID`),
  CONSTRAINT `EVALUACIONPRUEBA_PRUEBARENDIDA_pruebasRendidas_ID` FOREIGN KEY (`pruebasRendidas_ID`) REFERENCES `pruebarendida` (`ID`)
) ENGINE=InnoDB DEFAULT CHARSET=latin1;

--
-- Dumping data for table `evaluacionprueba_pruebarendida`
--

/*!40000 ALTER TABLE `evaluacionprueba_pruebarendida` DISABLE KEYS */;
/*!40000 ALTER TABLE `evaluacionprueba_pruebarendida` ENABLE KEYS */;


--
-- Definition of table `formas`
--

DROP TABLE IF EXISTS `formas`;
CREATE TABLE `formas` (
  `ID` bigint(20) NOT NULL AUTO_INCREMENT,
  `FORMA` int(11) DEFAULT NULL,
  `ORDEN` varchar(255) DEFAULT NULL,
  `NAME` varchar(100) DEFAULT NULL,
  `PRUEBA_ID` bigint(20) DEFAULT NULL,
  PRIMARY KEY (`ID`),
  KEY `FK_FORMAS_PRUEBA_ID` (`PRUEBA_ID`),
  CONSTRAINT `FK_FORMAS_PRUEBA_ID` FOREIGN KEY (`PRUEBA_ID`) REFERENCES `prueba` (`ID`)
) ENGINE=InnoDB AUTO_INCREMENT=3 DEFAULT CHARSET=latin1;

--
-- Dumping data for table `formas`
--

/*!40000 ALTER TABLE `formas` DISABLE KEYS */;
INSERT INTO `formas` (`ID`,`FORMA`,`ORDEN`,`NAME`,`PRUEBA_ID`) VALUES 
 (2,1,'1,2,3,4,5,6,7,8,9,10,11,12,13,14,15,16,17,18,19,20,21,22,23,24,25,26,27,28,29,30','Forma 1',1);
/*!40000 ALTER TABLE `formas` ENABLE KEYS */;


--
-- Definition of table `habilidad`
--

DROP TABLE IF EXISTS `habilidad`;
CREATE TABLE `habilidad` (
  `ID` bigint(20) NOT NULL AUTO_INCREMENT,
  `NAME` varchar(255) DEFAULT NULL,
  `DESCRIPCION` varchar(255) DEFAULT NULL,
  PRIMARY KEY (`ID`)
) ENGINE=InnoDB AUTO_INCREMENT=5 DEFAULT CHARSET=latin1;

--
-- Dumping data for table `habilidad`
--

/*!40000 ALTER TABLE `habilidad` DISABLE KEYS */;
INSERT INTO `habilidad` (`ID`,`NAME`,`DESCRIPCION`) VALUES 
 (1,'Habilidad 1','Habilidad 1'),
 (2,'Habilidad 2','Habilidad 2'),
 (3,'Habilidad 3','Habilidad 3'),
 (4,'Habilidad 4','Habilidad 4');
/*!40000 ALTER TABLE `habilidad` ENABLE KEYS */;


--
-- Definition of table `nivelevaluacion`
--

DROP TABLE IF EXISTS `nivelevaluacion`;
CREATE TABLE `nivelevaluacion` (
  `ID` bigint(20) NOT NULL AUTO_INCREMENT,
  `NAME` varchar(255) DEFAULT NULL,
  `NRORANGOS` int(11) DEFAULT NULL,
  PRIMARY KEY (`ID`)
) ENGINE=InnoDB AUTO_INCREMENT=2 DEFAULT CHARSET=latin1;

--
-- Dumping data for table `nivelevaluacion`
--

/*!40000 ALTER TABLE `nivelevaluacion` DISABLE KEYS */;
INSERT INTO `nivelevaluacion` (`ID`,`NAME`,`NRORANGOS`) VALUES 
 (1,'Insuficiente /  Elemental / Adecuado',3);
/*!40000 ALTER TABLE `nivelevaluacion` ENABLE KEYS */;


--
-- Definition of table `nivelevaluacion_rangoevaluacion`
--

DROP TABLE IF EXISTS `nivelevaluacion_rangoevaluacion`;
CREATE TABLE `nivelevaluacion_rangoevaluacion` (
  `nivelevaluacion_ID` bigint(20) NOT NULL,
  `rangos_ID` bigint(20) NOT NULL,
  PRIMARY KEY (`nivelevaluacion_ID`,`rangos_ID`),
  KEY `FK_NIVELEVALUACION_RANGOEVALUACION_rangos_ID` (`rangos_ID`),
  CONSTRAINT `NIVELEVALUACION_RANGOEVALUACION_nivelevaluacion_ID` FOREIGN KEY (`nivelevaluacion_ID`) REFERENCES `nivelevaluacion` (`ID`),
  CONSTRAINT `FK_NIVELEVALUACION_RANGOEVALUACION_rangos_ID` FOREIGN KEY (`rangos_ID`) REFERENCES `rangoevaluacion` (`ID`)
) ENGINE=InnoDB DEFAULT CHARSET=latin1;

--
-- Dumping data for table `nivelevaluacion_rangoevaluacion`
--

/*!40000 ALTER TABLE `nivelevaluacion_rangoevaluacion` DISABLE KEYS */;
INSERT INTO `nivelevaluacion_rangoevaluacion` (`nivelevaluacion_ID`,`rangos_ID`) VALUES 
 (1,1),
 (1,2),
 (1,3);
/*!40000 ALTER TABLE `nivelevaluacion_rangoevaluacion` ENABLE KEYS */;


--
-- Definition of table `profesor`
--

DROP TABLE IF EXISTS `profesor`;
CREATE TABLE `profesor` (
  `ID` bigint(20) NOT NULL AUTO_INCREMENT,
  `NAME` varchar(255) DEFAULT NULL,
  `PATERNO` varchar(255) DEFAULT NULL,
  `RUT` varchar(255) DEFAULT NULL,
  `MATERNO` varchar(255) DEFAULT NULL,
  PRIMARY KEY (`ID`)
) ENGINE=InnoDB AUTO_INCREMENT=3 DEFAULT CHARSET=latin1;

--
-- Dumping data for table `profesor`
--

/*!40000 ALTER TABLE `profesor` DISABLE KEYS */;
INSERT INTO `profesor` (`ID`,`NAME`,`PATERNO`,`RUT`,`MATERNO`) VALUES 
 (1,'Eliecer Enrique','Osorio','10613781-1','Verdugo'),
 (2,'Susan Angela','Farías','12623503-8','Zavala');
/*!40000 ALTER TABLE `profesor` ENABLE KEYS */;


--
-- Definition of table `prueba`
--

DROP TABLE IF EXISTS `prueba`;
CREATE TABLE `prueba` (
  `ID` bigint(20) NOT NULL AUTO_INCREMENT,
  `RESPONSES` varchar(255) DEFAULT NULL,
  `NROFORMAS` int(11) DEFAULT NULL,
  `ALTERNATIVAS` int(11) DEFAULT NULL,
  `NROPREGUNTAS` int(11) DEFAULT NULL,
  `PUNTAJEBASE` int(11) DEFAULT NULL,
  `FECHA` bigint(20) DEFAULT NULL,
  `NAME` varchar(100) DEFAULT NULL,
  `ASIGNATURA_ID` bigint(20) DEFAULT NULL,
  `TIPOPRUEBA_ID` bigint(20) DEFAULT NULL,
  `CURSO_ID` bigint(20) DEFAULT NULL,
  `NIVELEVALUACION_ID` bigint(20) DEFAULT NULL,
  `PROFESOR_ID` bigint(20) DEFAULT NULL,
  `EXIGENCIA` int(11) DEFAULT NULL,
  PRIMARY KEY (`ID`),
  KEY `FK_PRUEBA_ASIGNATURA_ID` (`ASIGNATURA_ID`),
  KEY `FK_PRUEBA_NIVELEVALUACION_ID` (`NIVELEVALUACION_ID`),
  KEY `FK_PRUEBA_TIPOPRUEBA_ID` (`TIPOPRUEBA_ID`),
  KEY `FK_PRUEBA_PROFESOR_ID` (`PROFESOR_ID`),
  KEY `FK_PRUEBA_CURSO_ID` (`CURSO_ID`),
  CONSTRAINT `FK_PRUEBA_ASIGNATURA_ID` FOREIGN KEY (`ASIGNATURA_ID`) REFERENCES `asignatura` (`ID`),
  CONSTRAINT `FK_PRUEBA_CURSO_ID` FOREIGN KEY (`CURSO_ID`) REFERENCES `tipocurso` (`ID`),
  CONSTRAINT `FK_PRUEBA_NIVELEVALUACION_ID` FOREIGN KEY (`NIVELEVALUACION_ID`) REFERENCES `nivelevaluacion` (`ID`),
  CONSTRAINT `FK_PRUEBA_PROFESOR_ID` FOREIGN KEY (`PROFESOR_ID`) REFERENCES `profesor` (`ID`),
  CONSTRAINT `FK_PRUEBA_TIPOPRUEBA_ID` FOREIGN KEY (`TIPOPRUEBA_ID`) REFERENCES `tipoprueba` (`ID`)
) ENGINE=InnoDB AUTO_INCREMENT=2 DEFAULT CHARSET=latin1;

--
-- Dumping data for table `prueba`
--

/*!40000 ALTER TABLE `prueba` DISABLE KEYS */;
INSERT INTO `prueba` (`ID`,`RESPONSES`,`NROFORMAS`,`ALTERNATIVAS`,`NROPREGUNTAS`,`PUNTAJEBASE`,`FECHA`,`NAME`,`ASIGNATURA_ID`,`TIPOPRUEBA_ID`,`CURSO_ID`,`NIVELEVALUACION_ID`,`PROFESOR_ID`,`EXIGENCIA`) VALUES 
 (1,NULL,1,5,30,1,16332,'Prueba 1',1,1,1,1,1,NULL);
/*!40000 ALTER TABLE `prueba` ENABLE KEYS */;


--
-- Definition of table `pruebarendida`
--

DROP TABLE IF EXISTS `pruebarendida`;
CREATE TABLE `pruebarendida` (
  `ID` bigint(20) NOT NULL AUTO_INCREMENT,
  `MALAS` int(11) DEFAULT NULL,
  `OMITIDAS` int(11) DEFAULT NULL,
  `RESPUESTAS` varchar(255) DEFAULT NULL,
  `NOTA` float DEFAULT NULL,
  `NAME` varchar(255) DEFAULT NULL,
  `FORMA` int(11) DEFAULT NULL,
  `BUENAS` int(11) DEFAULT NULL,
  `ALUMNO_ID` bigint(20) DEFAULT NULL,
  PRIMARY KEY (`ID`),
  KEY `FK_PRUEBARENDIDA_ALUMNO_ID` (`ALUMNO_ID`),
  CONSTRAINT `FK_PRUEBARENDIDA_ALUMNO_ID` FOREIGN KEY (`ALUMNO_ID`) REFERENCES `alumno` (`ID`)
) ENGINE=InnoDB DEFAULT CHARSET=latin1;

--
-- Dumping data for table `pruebarendida`
--

/*!40000 ALTER TABLE `pruebarendida` DISABLE KEYS */;
/*!40000 ALTER TABLE `pruebarendida` ENABLE KEYS */;


--
-- Definition of table `rangoevaluacion`
--

DROP TABLE IF EXISTS `rangoevaluacion`;
CREATE TABLE `rangoevaluacion` (
  `ID` bigint(20) NOT NULL AUTO_INCREMENT,
  `ABREVIACION` varchar(255) DEFAULT NULL,
  `MINIMO` float DEFAULT NULL,
  `NAME` varchar(255) DEFAULT NULL,
  `MAXIMO` float DEFAULT NULL,
  PRIMARY KEY (`ID`)
) ENGINE=InnoDB AUTO_INCREMENT=4 DEFAULT CHARSET=latin1;

--
-- Dumping data for table `rangoevaluacion`
--

/*!40000 ALTER TABLE `rangoevaluacion` DISABLE KEYS */;
INSERT INTO `rangoevaluacion` (`ID`,`ABREVIACION`,`MINIMO`,`NAME`,`MAXIMO`) VALUES 
 (1,'INS',0,'Insuficiente',3.99),
 (2,'EL',4,'Elemental',5.99),
 (3,'AD',6,'Adecuadio',7);
/*!40000 ALTER TABLE `rangoevaluacion` ENABLE KEYS */;


--
-- Definition of table `respuestasesperadasprueba`
--

DROP TABLE IF EXISTS `respuestasesperadasprueba`;
CREATE TABLE `respuestasesperadasprueba` (
  `ID` bigint(20) NOT NULL AUTO_INCREMENT,
  `NUMERO` int(11) DEFAULT NULL,
  `NAME` varchar(255) DEFAULT NULL,
  `VERDADEROFALSO` tinyint(1) DEFAULT '0',
  `RESPUESTA` varchar(255) DEFAULT NULL,
  `MENTAL` tinyint(1) DEFAULT '0',
  `PRUEBA_ID` bigint(20) DEFAULT NULL,
  `HABILIDAD_ID` bigint(20) DEFAULT NULL,
  `EJETEMATICO_ID` bigint(20) DEFAULT NULL,
  PRIMARY KEY (`ID`),
  KEY `FK_RESPUESTASESPERADASPRUEBA_HABILIDAD_ID` (`HABILIDAD_ID`),
  KEY `FK_RESPUESTASESPERADASPRUEBA_EJETEMATICO_ID` (`EJETEMATICO_ID`),
  KEY `FK_RESPUESTASESPERADASPRUEBA_PRUEBA_ID` (`PRUEBA_ID`),
  CONSTRAINT `FK_RESPUESTASESPERADASPRUEBA_PRUEBA_ID` FOREIGN KEY (`PRUEBA_ID`) REFERENCES `prueba` (`ID`),
  CONSTRAINT `FK_RESPUESTASESPERADASPRUEBA_EJETEMATICO_ID` FOREIGN KEY (`EJETEMATICO_ID`) REFERENCES `ejetematico` (`ID`),
  CONSTRAINT `FK_RESPUESTASESPERADASPRUEBA_HABILIDAD_ID` FOREIGN KEY (`HABILIDAD_ID`) REFERENCES `habilidad` (`ID`)
) ENGINE=InnoDB AUTO_INCREMENT=61 DEFAULT CHARSET=latin1;

--
-- Dumping data for table `respuestasesperadasprueba`
--

/*!40000 ALTER TABLE `respuestasesperadasprueba` DISABLE KEYS */;
INSERT INTO `respuestasesperadasprueba` (`ID`,`NUMERO`,`NAME`,`VERDADEROFALSO`,`RESPUESTA`,`MENTAL`,`PRUEBA_ID`,`HABILIDAD_ID`,`EJETEMATICO_ID`) VALUES 
 (31,5,'5',0,'E',0,1,2,1),
 (32,24,'24',0,'D',0,1,2,1),
 (33,28,'28',0,'C',0,1,2,1),
 (34,3,'3',0,'C',0,1,2,1),
 (35,12,'12',0,'B',0,1,2,1),
 (36,25,'25',0,'E',0,1,2,1),
 (37,16,'16',0,'A',0,1,2,1),
 (38,17,'17',0,'B',0,1,2,1),
 (39,2,'2',0,'B',0,1,1,3),
 (40,18,'18',0,'C',0,1,2,1),
 (41,20,'20',0,'E',0,1,2,1),
 (42,22,'22',0,'B',0,1,2,1),
 (43,4,'4',0,'D',0,1,2,1),
 (44,26,'26',0,'A',0,1,2,1),
 (45,15,'15',0,'E',0,1,2,1),
 (46,23,'23',0,'C',0,1,2,1),
 (47,29,'29',0,'D',0,1,2,1),
 (48,8,'8',0,'C',0,1,2,1),
 (49,10,'10',0,'E',0,1,2,1),
 (50,7,'7',0,'B',0,1,2,1),
 (51,1,'1',0,'A',0,1,4,2),
 (52,14,'14',0,'D',0,1,2,1),
 (53,6,'6',0,'A',0,1,2,1),
 (54,27,'27',0,'B',0,1,2,1),
 (55,21,'21',0,'A',0,1,2,1),
 (56,11,'11',0,'A',0,1,2,2),
 (57,19,'19',0,'D',0,1,2,1),
 (58,13,'13',0,'C',0,1,2,1),
 (59,9,'9',0,'D',0,1,2,1),
 (60,30,'30',0,'E',0,1,2,1);
/*!40000 ALTER TABLE `respuestasesperadasprueba` ENABLE KEYS */;


--
-- Definition of table `tipocurso`
--

DROP TABLE IF EXISTS `tipocurso`;
CREATE TABLE `tipocurso` (
  `ID` bigint(20) NOT NULL AUTO_INCREMENT,
  `NAME` varchar(100) DEFAULT NULL,
  PRIMARY KEY (`ID`)
) ENGINE=InnoDB AUTO_INCREMENT=9 DEFAULT CHARSET=latin1;

--
-- Dumping data for table `tipocurso`
--

/*!40000 ALTER TABLE `tipocurso` DISABLE KEYS */;
INSERT INTO `tipocurso` (`ID`,`NAME`) VALUES 
 (1,'Primero Básico'),
 (2,'Segundo Básico'),
 (3,'Tercero Básico'),
 (4,'Cuarto Básico'),
 (5,'Quinto Básico'),
 (6,'Sexto Básico'),
 (7,'Septimo Básico'),
 (8,'Octavo Básico');
/*!40000 ALTER TABLE `tipocurso` ENABLE KEYS */;


--
-- Definition of table `tipoprueba`
--

DROP TABLE IF EXISTS `tipoprueba`;
CREATE TABLE `tipoprueba` (
  `ID` bigint(20) NOT NULL AUTO_INCREMENT,
  `NAME` varchar(100) DEFAULT NULL,
  PRIMARY KEY (`ID`)
) ENGINE=InnoDB AUTO_INCREMENT=4 DEFAULT CHARSET=latin1;

--
-- Dumping data for table `tipoprueba`
--

/*!40000 ALTER TABLE `tipoprueba` DISABLE KEYS */;
INSERT INTO `tipoprueba` (`ID`,`NAME`) VALUES 
 (1,'General'),
 (2,'SIMCE'),
 (3,'PSU');
/*!40000 ALTER TABLE `tipoprueba` ENABLE KEYS */;




/*!40101 SET SQL_MODE=@OLD_SQL_MODE */;
/*!40014 SET FOREIGN_KEY_CHECKS=@OLD_FOREIGN_KEY_CHECKS */;
/*!40014 SET UNIQUE_CHECKS=@OLD_UNIQUE_CHECKS */;
/*!40101 SET CHARACTER_SET_CLIENT=@OLD_CHARACTER_SET_CLIENT */;
/*!40101 SET CHARACTER_SET_RESULTS=@OLD_CHARACTER_SET_RESULTS */;
/*!40101 SET COLLATION_CONNECTION=@OLD_COLLATION_CONNECTION */;
/*!40101 SET CHARACTER_SET_CLIENT=@OLD_CHARACTER_SET_CLIENT */;
